Order_ID,Order_Date,Customer_ID,Customer_Name,Gender,Age,City,Region,Product_ID,Product_Name,Category,Sub_Category,Quantity,Unit_Price,Discount,Revenue,Cost,Profit,Payment_Method,Order_Status,Sales_Channel,Rating
ORD104877,01-Jan-2025,CUST1411,Riya Verma,Female,24,Bokaro,East,P012,Air Fryer,Home & Kitchen,Kitchen,1,"?5,999.00",10%,"?5,399.10","?3,900.00","?1,499.10",UPI,Delivered,Mobile App,3.0
ORD104594,01-Jan-2025,CUST1943,Aditi Saxena,Female,47,Amritsar,North,P025,Moisturizer,Beauty,Skincare,1,?699.00,10%,?629.10,?310.00,?319.10,Debit Card,Delivered,Mobile App,4.0
ORD100846,01-Jan-2025,CUST0744,Sanya Malhotra,Male,24,Amritsar,North,P025,Moisturizer,Beauty,Skincare,1,?699.00,20%,?559.20,?310.00,?249.20,UPI,Delivered,Mobile App,5.0
ORD101485,01-Jan-2025,CUST1433,Meera Singh,Female,42,Patna,East,P008,Cotton T-Shirt,Fashion,Clothing,2,?799.00,10%,"?1,438.20",?780.00,?658.20,UPI,Delivered,Website,5.0
ORD104728,01-Jan-2025,CUST0422,Kabir Gupta,Male,34,Kolkata,East,P021,Face Wash,Beauty,Skincare,2,?499.00,15%,?848.30,?440.00,?408.30,UPI,Delivered,Mobile App,5.0
ORD100558,01-Jan-2025,CUST0105,Zoya Singh,Male,42,Amritsar,North,P022,Sunscreen SPF 50,Beauty,Skincare,1,?799.00,15%,?679.15,?360.00,?319.15,UPI,Delivered,Mobile App,5.0
ORD101536,01-Jan-2025,CUST1894,Kabir Gupta,Male,44,Hyderabad,South,P007,Running Shoes,Fashion,Footwear,1,"?2,899.00",5%,"?2,754.05","?1,700.00","?1,054.05",Cash on Delivery,Delivered,Mobile App,5.0
ORD100734,01-Jan-2025,CUST0559,Isha Mehta,Male,22,Kolkata,East,P001,Wireless Headphones,Electronics,Audio,1,"?2,499.00",10%,"?2,249.10","?1,550.00",?699.10,UPI,Delivered,Mobile App,3.0
ORD104917,01-Jan-2025,CUST2028,Rahul Kumar,Male,20,Nagpur,West,P030,Self Help Book,Books,Self Development,1,?599.00,5%,?569.05,?260.00,?309.05,UPI,Returned,Website,5.0
ORD100475,01-Jan-2025,CUST1049,Meera Singh,Male,45,Dehradun,North,P001,Wireless Headphones,Electronics,Audio,1,"?2,499.00",30%,"?1,749.30","?1,550.00",?199.30,UPI,Delivered,Website,4.0
ORD102624,01-Jan-2025,CUST1512,Sanya Malhotra,Female,43,Mumbai,West,P021,Face Wash,Beauty,Skincare,2,?499.00,10%,?898.20,?440.00,?458.20,Debit Card,Delivered,Mobile App,4.0
ORD103827,01-Jan-2025,CUST0030,Pooja Kapoor,Female,36,Bhubaneswar,East,P007,Running Shoes,Fashion,Footwear,1,"?2,899.00",5%,"?2,754.05","?1,700.00","?1,054.05",UPI,Delivered,Website,5.0
ORD103064,01-Jan-2025,CUST0246,Simran Gupta,Female,37,Jaipur,North,P001,Wireless Headphones,Electronics,Audio,2,"?2,499.00",0%,"?4,998.00","?3,100.00","?1,898.00",Debit Card,Delivered,Mobile App,4.0
ORD102400,01-Jan-2025,CUST0570,Rohan Rao,Female,31,Mumbai,West,P006,Laptop Backpack,Fashion,Bags,2,"?1,799.00",15%,"?3,058.30","?1,900.00","?1,158.30",UPI,Delivered,Mobile App,2.0
ORD102267,01-Jan-2025,CUST0469,Pranav Bansal,Female,23,Amritsar,North,P003,Smart Watch,Electronics,Wearables,2,"?3,299.00",20%,"?5,278.40","?4,200.00","?1,078.40",Debit Card,Delivered,Website,5.0
ORD100055,02-Jan-2025,CUST0342,Simran Gupta,Female,38,Chennai,South,P006,Laptop Backpack,Fashion,Bags,2,"?1,799.00",15%,"?3,058.30","?1,900.00","?1,158.30",Credit Card,Delivered,Mobile App,3.0
ORD103807,02-Jan-2025,CUST1566,Pooja Kapoor,Female,38,Bokaro,East,P002,Bluetooth Speaker,Electronics,Audio,2,"?1,899.00",5%,"?3,608.10","?2,240.00","?1,368.10",Debit Card,Delivered,Website,4.0
ORD101352,02-Jan-2025,CUST0901,Akash Bansal,Female,47,Patna,East,P029,Programming Book,Books,Technology,2,"?1,299.00",25%,"?1,948.50","?1,220.00",?728.50,UPI,Delivered,Mobile App,4.0
ORD101608,02-Jan-2025,CUST0591,Isha Mehta,Female,40,Nashik,West,P001,Wireless Headphones,Electronics,Audio,2,"?2,499.00",5%,"?4,748.10","?3,100.00","?1,648.10",Debit Card,Returned,Mobile App,1.0
ORD100192,02-Jan-2025,CUST1716,Karan Jain,Female,40,Nagpur,West,P001,Wireless Headphones,Electronics,Audio,1,"?2,499.00",5%,"?2,374.05","?1,550.00",?824.05,Cash on Delivery,Delivered,Mobile App,2.0
ORD101438,02-Jan-2025,CUST1044,Karan Jain,Male,22,Ahmedabad,West,P007,Running Shoes,Fashion,Footwear,1,"?2,899.00",10%,"?2,609.10","?1,700.00",?909.10,UPI,Delivered,Mobile App,4.0
ORD100153,02-Jan-2025,CUST0724,Karan Jain,Male,34,Lucknow,North,P022,Sunscreen SPF 50,Beauty,Skincare,2,?799.00,10%,"?1,438.20",?720.00,?718.20,UPI,Delivered,Mobile App,3.0
ORD104891,03-Jan-2025,CUST0376,Ishaan Malhotra,Female,33,Nashik,West,P022,Sunscreen SPF 50,Beauty,Skincare,3,?799.00,0%,"?2,397.00","?1,080.00","?1,317.00",Credit Card,Delivered,Mobile App,5.0
ORD102759,03-Jan-2025,CUST1052,Ananya Kumar,Female,25,Coimbatore,South,P021,Face Wash,Beauty,Skincare,3,?499.00,10%,"?1,347.30",?660.00,?687.30,Cash on Delivery,Delivered,Mobile App,5.0
ORD100661,03-Jan-2025,CUST1356,Rahul Kumar,Male,35,Surat,West,P022,Sunscreen SPF 50,Beauty,Skincare,1,?799.00,10%,?719.10,?360.00,?359.10,Net Banking,Delivered,Mobile App,2.0
ORD101122,03-Jan-2025,CUST0253,Kavya Patel,Female,32,Bokaro,East,P028,Data Analytics Book,Books,Technology,4,"?1,099.00",5%,"?4,176.20","?2,080.00","?2,096.20",Debit Card,Cancelled,Website,
ORD103448,03-Jan-2025,CUST1478,Kabir Gupta,Female,29,Nashik,West,P024,Perfume,Beauty,Fragrance,2,"?1,799.00",5%,"?3,418.10","?1,800.00","?1,618.10",Net Banking,Returned,Mobile App,4.0
ORD102882,03-Jan-2025,CUST1663,Shivam Mehta,Female,29,Chandigarh,North,P006,Laptop Backpack,Fashion,Bags,1,"?1,799.00",20%,"?1,439.20",?950.00,?489.20,UPI,Delivered,Mobile App,3.0
ORD101165,03-Jan-2025,CUST0805,Akash Bansal,Male,22,Delhi,North,P020,Resistance Bands,Sports & Fitness,Fitness,4,?699.00,10%,"?2,516.40","?1,280.00","?1,236.40",Debit Card,Cancelled,Mobile App,
ORD101571,03-Jan-2025,CUST2050,Manish Agarwal,Female,23,Nashik,West,P020,Resistance Bands,Sports & Fitness,Fitness,1,?699.00,0%,?699.00,?320.00,?379.00,Net Banking,Delivered,Mobile App,5.0
ORD103305,03-Jan-2025,CUST1100,Rahul Kumar,Male,27,Coimbatore,South,P001,Wireless Headphones,Electronics,Audio,1,"?2,499.00",5%,"?2,374.05","?1,550.00",?824.05,UPI,Delivered,Website,5.0
ORD104066,04-Jan-2025,CUST2024,Sanya Malhotra,Female,18,Kochi,South,P024,Perfume,Beauty,Fragrance,1,"?1,799.00",10%,"?1,619.10",?900.00,?719.10,UPI,Delivered,Mobile App,3.0
ORD104229,04-Jan-2025,CUST0960,Aarav Sharma,Male,36,Surat,West,P030,Self Help Book,Books,Self Development,4,?599.00,15%,"?2,036.60","?1,040.00",?996.60,UPI,Delivered,Website,2.0
ORD100717,04-Jan-2025,CUST0460,Rahul Kumar,Female,32,Guwahati,East,P029,Programming Book,Books,Technology,1,"?1,299.00",10%,"?1,169.10",?610.00,?559.10,Credit Card,Delivered,Website,5.0
ORD100974,04-Jan-2025,CUST0011,Kiara Chopra,Female,37,Kolkata,East,P024,Perfume,Beauty,Fragrance,1,"?1,799.00",20%,"?1,439.20",?900.00,?539.20,UPI,Returned,Website,5.0
ORD103001,04-Jan-2025,CUST0840,Sanya Malhotra,Male,26,Surat,West,P024,Perfume,Beauty,Fragrance,2,"?1,799.00",20%,"?2,878.40","?1,800.00","?1,078.40",UPI,Delivered,Website,5.0
ORD103955,05-Jan-2025,CUST1401,Meera Singh,Male,37,Kochi,South,P026,Novel Collection,Books,Fiction,1,?899.00,5%,?854.05,?420.00,?434.05,Credit Card,Delivered,Mobile App,5.0
ORD104005,05-Jan-2025,CUST1988,Varun Jain,Female,27,Kolkata,East,P018,Cricket Bat,Sports & Fitness,Sports,1,"?2,199.00",5%,"?2,089.05","?1,250.00",?839.05,Credit Card,Delivered,Mobile App,5.0
ORD100306,05-Jan-2025,CUST0421,Akash Bansal,Female,44,Bengaluru,South,P017,Dumbbell Set,Sports & Fitness,Fitness,1,"?2,499.00",0%,"?2,499.00","?1,450.00","?1,049.00",UPI,Delivered,Mobile App,5.0
ORD103908,05-Jan-2025,CUST0731,Vansh Chopra,Male,35,Nashik,West,P008,Cotton T-Shirt,Fashion,Clothing,1,?799.00,10%,?719.10,?390.00,?329.10,UPI,Delivered,Website,3.0
ORD102867,05-Jan-2025,CUST0859,Vansh Chopra,Female,33,Dehradun,North,P021,Face Wash,Beauty,Skincare,1,?499.00,15%,?424.15,?220.00,?204.15,UPI,Delivered,Website,5.0
ORD100531,05-Jan-2025,CUST1335,Aditi Saxena,Male,32,Guwahati,East,P019,Badminton Racket,Sports & Fitness,Sports,4,"?1,499.00",15%,"?5,096.60","?3,200.00","?1,896.60",Cash on Delivery,Delivered,Website,4.0
ORD100764,05-Jan-2025,CUST0864,Aarav Sharma,Male,40,Patna,East,P006,Laptop Backpack,Fashion,Bags,1,"?1,799.00",0%,"?1,799.00",?950.00,?849.00,Cash on Delivery,Delivered,Mobile App,5.0
ORD100623,05-Jan-2025,CUST0522,Arjun Rao,Male,33,Kochi,South,P003,Smart Watch,Electronics,Wearables,3,"?3,299.00",5%,"?9,402.15","?6,300.00","?3,102.15",Net Banking,Delivered,Website,5.0
ORD100101,05-Jan-2025,CUST0823,Aditi Saxena,Male,38,Kolkata,East,P003,Smart Watch,Electronics,Wearables,4,"?3,299.00",20%,"?10,556.80","?8,400.00","?2,156.80",Credit Card,Delivered,Website,5.0
ORD103336,06-Jan-2025,CUST0626,Yash Agarwal,Female,43,Hyderabad,South,P029,Programming Book,Books,Technology,1,"?1,299.00",0%,"?1,299.00",?610.00,?689.00,Debit Card,Delivered,Mobile App,4.0
ORD104075,06-Jan-2025,CUST1703,Nisha Saxena,Male,31,Mumbai,West,P004,USB-C Charger,Electronics,Accessories,1,?899.00,5%,?854.05,?480.00,?374.05,UPI,Delivered,Mobile App,4.0
ORD104068,06-Jan-2025,CUST2023,Nisha Saxena,Female,55,Bengaluru,South,P023,Shampoo,Beauty,Haircare,3,?649.00,20%,"?1,557.60",?870.00,?687.60,Net Banking,Returned,Mobile App,5.0
ORD100713,06-Jan-2025,CUST0803,Riya Verma,Male,28,Ranchi,East,P025,Moisturizer,Beauty,Skincare,2,?699.00,20%,"?1,118.40",?620.00,?498.40,Debit Card,Delivered,Mobile App,4.0
ORD104001,06-Jan-2025,CUST1334,Simran Gupta,Male,36,Amritsar,North,P019,Badminton Racket,Sports & Fitness,Sports,1,"?1,499.00",10%,"?1,349.10",?800.00,?549.10,Debit Card,Delivered,Website,5.0
ORD103863,06-Jan-2025,CUST1025,Diya Mishra,Male,32,Bengaluru,South,P002,Bluetooth Speaker,Electronics,Audio,2,"?1,899.00",25%,"?2,848.50","?2,240.00",?608.50,UPI,Returned,Website,2.0
ORD103772,06-Jan-2025,CUST0782,Aditya Kapoor,Female,37,Amritsar,North,P001,Wireless Headphones,Electronics,Audio,1,"?2,499.00",15%,"?2,124.15","?1,550.00",?574.15,UPI,Delivered,Mobile App,5.0
ORD100660,07-Jan-2025,CUST0980,Karan Jain,Male,29,Kolkata,East,P009,Denim Jeans,Fashion,Clothing,2,"?1,999.00",15%,"?3,398.30","?2,100.00","?1,298.30",Credit Card,Delivered,Mobile App,5.0
ORD101216,07-Jan-2025,CUST0143,Isha Mehta,Male,29,Kolkata,East,P022,Sunscreen SPF 50,Beauty,Skincare,1,?799.00,25%,?599.25,?360.00,?239.25,Net Banking,Delivered,Mobile App,4.0
ORD103402,07-Jan-2025,CUST0310,Simran Gupta,Female,37,Ahmedabad,West,P001,Wireless Headphones,Electronics,Audio,3,"?2,499.00",10%,"?6,747.30","?4,650.00","?2,097.30",Net Banking,Delivered,Website,5.0
ORD104839,07-Jan-2025,CUST0523,Kiara Chopra,Male,21,Patna,East,P007,Running Shoes,Fashion,Footwear,2,"?2,899.00",0%,"?5,798.00","?3,400.00","?2,398.00",UPI,Delivered,Mobile App,4.0
ORD101755,07-Jan-2025,CUST0747,Kiara Chopra,Male,18,Lucknow,North,P023,Shampoo,Beauty,Haircare,3,?649.00,10%,"?1,752.30",?870.00,?882.30,Net Banking,Delivered,Mobile App,4.0
ORD102479,07-Jan-2025,CUST0880,Mohit Sharma,Female,28,Mysuru,South,P013,Non-Stick Cookware Set,Home & Kitchen,Cookware,1,"?4,299.00",15%,"?3,654.15","?2,700.00",?954.15,Debit Card,Delivered,Mobile App,3.0
ORD101378,07-Jan-2025,CUST0923,Vansh Chopra,Female,26,Delhi,North,P015,Bedsheet Set,Home & Kitchen,Home Decor,1,"?1,599.00",15%,"?1,359.15",?850.00,?509.15,Credit Card,Delivered,Website,4.0
ORD103221,07-Jan-2025,CUST0889,Meera Singh,Male,23,Coimbatore,South,P008,Cotton T-Shirt,Fashion,Clothing,1,?799.00,0%,?799.00,?390.00,?409.00,UPI,Delivered,Website,4.0
ORD100937,07-Jan-2025,CUST0343,Aditi Saxena,Male,27,Ahmedabad,West,P007,Running Shoes,Fashion,Footwear,1,"?2,899.00",20%,"?2,319.20","?1,700.00",?619.20,Credit Card,Delivered,Mobile App,4.0
ORD104415,07-Jan-2025,CUST1071,Isha Mehta,Male,31,Nagpur,West,P003,Smart Watch,Electronics,Wearables,1,"?3,299.00",0%,"?3,299.00","?2,100.00","?1,199.00",UPI,Delivered,Website,4.0
ORD101268,07-Jan-2025,CUST1239,Aditi Saxena,Female,33,Amritsar,North,P007,Running Shoes,Fashion,Footwear,1,"?2,899.00",10%,"?2,609.10","?1,700.00",?909.10,UPI,Delivered,Website,5.0
ORD102186,08-Jan-2025,CUST1048,Ishaan Malhotra,Female,29,Pune,West,P011,Coffee Maker,Home & Kitchen,Kitchen,1,"?3,499.00",5%,"?3,324.05","?2,250.00","?1,074.05",UPI,Delivered,Website,5.0
ORD104778,08-Jan-2025,CUST0738,Manish Agarwal,Male,23,Bengaluru,South,P027,Business Strategy Book,Books,Business,3,?699.00,15%,"?1,782.45",?900.00,?882.45,Credit Card,Delivered,Mobile App,5.0
ORD100647,08-Jan-2025,CUST0911,Isha Mehta,Male,38,Kochi,South,P008,Cotton T-Shirt,Fashion,Clothing,3,?799.00,10%,"?2,157.30","?1,170.00",?987.30,Cash on Delivery,Delivered,Mobile App,4.0
ORD100512,08-Jan-2025,CUST1284,Varun Jain,Female,26,Patna,East,P024,Perfume,Beauty,Fragrance,1,"?1,799.00",5%,"?1,709.05",?900.00,?809.05,UPI,Delivered,Website,4.0
ORD104354,08-Jan-2025,CUST1212,Ananya Kumar,Male,36,Chandigarh,North,P009,Denim Jeans,Fashion,Clothing,1,"?1,999.00",10%,"?1,799.10","?1,050.00",?749.10,UPI,Delivered,Mobile App,2.0
ORD102917,08-Jan-2025,CUST1297,Sakshi Mishra,Male,39,Nagpur,West,P013,Non-Stick Cookware Set,Home & Kitchen,Cookware,2,"?4,299.00",5%,"?8,168.10","?5,400.00","?2,768.10",UPI,Delivered,Mobile App,5.0
ORD101516,08-Jan-2025,CUST0329,Zoya Singh,Female,27,Nashik,West,P004,USB-C Charger,Electronics,Accessories,2,?899.00,25%,"?1,348.50",?960.00,?388.50,Debit Card,Delivered,Website,3.0
ORD101880,08-Jan-2025,CUST1760,Aarav Sharma,Male,39,Amritsar,North,P025,Moisturizer,Beauty,Skincare,2,?699.00,5%,"?1,328.10",?620.00,?708.10,Credit Card,Delivered,Mobile App,5.0
ORD103633,08-Jan-2025,CUST2157,Tanvi Patel,Male,34,Nagpur,West,P021,Face Wash,Beauty,Skincare,3,?499.00,5%,"?1,422.15",?660.00,?762.15,Credit Card,Delivered,Website,5.0
ORD102341,08-Jan-2025,CUST0541,Kavya Patel,Female,40,Nashik,West,P024,Perfume,Beauty,Fragrance,2,"?1,799.00",15%,"?3,058.30","?1,800.00","?1,258.30",UPI,Delivered,Website,5.0
ORD103985,08-Jan-2025,CUST1841,Sakshi Mishra,Male,34,Bengaluru,South,P011,Coffee Maker,Home & Kitchen,Kitchen,3,"?3,499.00",10%,"?9,447.30","?6,750.00","?2,697.30",UPI,Delivered,Mobile App,4.0
ORD100916,08-Jan-2025,CUST1296,Mohit Sharma,Female,31,Chandigarh,North,P001,Wireless Headphones,Electronics,Audio,2,"?2,499.00",0%,"?4,998.00","?3,100.00","?1,898.00",Wallet,Delivered,Mobile App,5.0
ORD100198,09-Jan-2025,CUST1671,Nisha Saxena,Male,38,Dehradun,North,P024,Perfume,Beauty,Fragrance,1,"?1,799.00",15%,"?1,529.15",?900.00,?629.15,Cash on Delivery,Delivered,Mobile App,5.0
ORD101365,09-Jan-2025,CUST0057,Meera Singh,Male,61,Guwahati,East,P020,Resistance Bands,Sports & Fitness,Fitness,2,?699.00,15%,"?1,188.30",?640.00,?548.30,Cash on Delivery,Delivered,Website,5.0
ORD104195,09-Jan-2025,CUST1090,Manish Agarwal,Female,30,Lucknow,North,P002,Bluetooth Speaker,Electronics,Audio,1,"?1,899.00",15%,"?1,614.15","?1,120.00",?494.15,Wallet,Delivered,Mobile App,5.0
ORD100433,09-Jan-2025,CUST0257,Diya Mishra,Male,21,Pune,West,P003,Smart Watch,Electronics,Wearables,2,"?3,299.00",25%,"?4,948.50","?4,200.00",?748.50,Debit Card,Delivered,Mobile App,5.0
ORD104584,09-Jan-2025,CUST0519,Nisha Saxena,Male,29,Amritsar,North,P006,Laptop Backpack,Fashion,Bags,1,"?1,799.00",30%,"?1,259.30",?950.00,?309.30,Credit Card,Delivered,Website,4.0
ORD101635,10-Jan-2025,CUST1596,Ananya Kumar,Female,21,Patna,East,P023,Shampoo,Beauty,Haircare,2,?649.00,5%,"?1,233.10",?580.00,?653.10,Debit Card,Delivered,Mobile App,5.0
ORD101998,10-Jan-2025,CUST1680,Mohit Sharma,Female,36,Dehradun,North,P001,Wireless Headphones,Electronics,Audio,1,"?2,499.00",15%,"?2,124.15","?1,550.00",?574.15,Net Banking,Delivered,Website,5.0
ORD101462,10-Jan-2025,CUST0971,Kiara Chopra,Female,23,Bhubaneswar,East,P030,Self Help Book,Books,Self Development,2,?599.00,10%,"?1,078.20",?520.00,?558.20,UPI,Delivered,Mobile App,4.0
ORD100740,10-Jan-2025,CUST0922,Rohan Rao,Female,36,Kochi,South,P010,Casual Hoodie,Fashion,Clothing,1,"?1,499.00",10%,"?1,349.10",?780.00,?569.10,UPI,Delivered,Mobile App,5.0
ORD102682,10-Jan-2025,CUST0915,Anjali Verma,Female,42,Nagpur,West,P001,Wireless Headphones,Electronics,Audio,3,"?2,499.00",15%,"?6,372.45","?4,650.00","?1,722.45",Wallet,Delivered,Mobile App,4.0
ORD101868,10-Jan-2025,CUST0152,Ishaan Malhotra,Male,39,Lucknow,North,P011,Coffee Maker,Home & Kitchen,Kitchen,1,"?3,499.00",0%,"?3,499.00","?2,250.00","?1,249.00",Net Banking,Delivered,Website,4.0
ORD102941,10-Jan-2025,CUST2112,Aarav Sharma,Female,26,Coimbatore,South,P002,Bluetooth Speaker,Electronics,Audio,3,"?1,899.00",10%,"?5,127.30","?3,360.00","?1,767.30",Credit Card,Delivered,Mobile App,3.0
ORD103049,10-Jan-2025,CUST0948,Karan Jain,Male,42,Mysuru,South,P005,Power Bank 20000mAh,Electronics,Accessories,1,"?1,599.00",10%,"?1,439.10",?920.00,?519.10,Cash on Delivery,Delivered,Website,5.0
ORD103905,10-Jan-2025,CUST1745,Sakshi Mishra,Female,24,Guwahati,East,P010,Casual Hoodie,Fashion,Clothing,2,"?1,499.00",15%,"?2,548.30","?1,560.00",?988.30,UPI,Delivered,Mobile App,5.0
ORD100528,10-Jan-2025,CUST1503,Shivam Mehta,Male,30,Nashik,West,P009,Denim Jeans,Fashion,Clothing,3,"?1,999.00",15%,"?5,097.45","?3,150.00","?1,947.45",Credit Card,Delivered,Website,5.0
ORD104753,10-Jan-2025,CUST1236,Karan Jain,Female,39,Bengaluru,South,P016,Yoga Mat,Sports & Fitness,Fitness,2,?999.00,5%,"?1,898.10","?1,040.00",?858.10,UPI,Delivered,Mobile App,5.0
ORD101140,11-Jan-2025,CUST1178,Rohan Rao,Female,33,Ahmedabad,West,P026,Novel Collection,Books,Fiction,3,?899.00,10%,"?2,427.30","?1,260.00","?1,167.30",Debit Card,Delivered,Mobile App,5.0
ORD103366,11-Jan-2025,CUST1416,Sanya Malhotra,Female,29,Kochi,South,P009,Denim Jeans,Fashion,Clothing,3,"?1,999.00",30%,"?4,197.90","?3,150.00","?1,047.90",Wallet,Delivered,Mobile App,5.0
ORD101338,11-Jan-2025,CUST1923,Riya Verma,Male,27,Kolkata,East,P008,Cotton T-Shirt,Fashion,Clothing,2,?799.00,15%,"?1,358.30",?780.00,?578.30,UPI,Delivered,Mobile App,5.0
ORD103698,11-Jan-2025,CUST1375,Shivam Mehta,Male,47,Dehradun,North,P023,Shampoo,Beauty,Haircare,2,?649.00,10%,"?1,168.20",?580.00,?588.20,Credit Card,Returned,Mobile App,4.0
ORD100818,11-Jan-2025,CUST1841,Sakshi Mishra,Female,35,Pune,West,P022,Sunscreen SPF 50,Beauty,Skincare,2,?799.00,20%,"?1,278.40",?720.00,?558.40,UPI,Delivered,Website,5.0
ORD101003,11-Jan-2025,CUST1947,Vansh Chopra,Female,22,Dehradun,North,P024,Perfume,Beauty,Fragrance,2,"?1,799.00",10%,"?3,238.20","?1,800.00","?1,438.20",UPI,Returned,Website,4.0
ORD102009,12-Jan-2025,CUST2005,Pranav Bansal,Female,23,Delhi,North,P023,Shampoo,Beauty,Haircare,1,?649.00,5%,?616.55,?290.00,?326.55,Net Banking,Delivered,Mobile App,4.0
ORD101578,12-Jan-2025,CUST0669,Kavya Patel,Male,30,Delhi,North,P030,Self Help Book,Books,Self Development,1,?599.00,5%,?569.05,?260.00,?309.05,Cash on Delivery,Returned,Mobile App,5.0
ORD102698,12-Jan-2025,CUST2127,Isha Mehta,Male,33,Surat,West,P009,Denim Jeans,Fashion,Clothing,1,"?1,999.00",10%,"?1,799.10","?1,050.00",?749.10,Debit Card,Cancelled,Mobile App,
ORD104272,12-Jan-2025,CUST2008,Ishaan Malhotra,Male,39,Delhi,North,P007,Running Shoes,Fashion,Footwear,1,"?2,899.00",10%,"?2,609.10","?1,700.00",?909.10,Wallet,Delivered,Mobile App,5.0
ORD103128,12-Jan-2025,CUST0530,Yash Agarwal,Male,35,Kochi,South,P008,Cotton T-Shirt,Fashion,Clothing,1,?799.00,10%,?719.10,?390.00,?329.10,Credit Card,Delivered,Website,4.0
ORD104246,12-Jan-2025,CUST1268,Karan Jain,Female,40,Pune,West,P005,Power Bank 20000mAh,Electronics,Accessories,3,"?1,599.00",15%,"?4,077.45","?2,760.00","?1,317.45",Net Banking,Delivered,Mobile App,4.0
ORD101389,12-Jan-2025,CUST0168,Sanya Malhotra,Male,38,Ranchi,East,P024,Perfume,Beauty,Fragrance,1,"?1,799.00",10%,"?1,619.10",?900.00,?719.10,Credit Card,Delivered,Website,5.0
ORD100372,12-Jan-2025,CUST1974,Simran Gupta,Female,33,Kochi,South,P026,Novel Collection,Books,Fiction,1,?899.00,20%,?719.20,?420.00,?299.20,Credit Card,Delivered,Website,3.0
ORD101706,12-Jan-2025,CUST2101,Pranav Bansal,Male,26,Dehradun,North,P002,Bluetooth Speaker,Electronics,Audio,3,"?1,899.00",0%,"?5,697.00","?3,360.00","?2,337.00",Net Banking,Delivered,Website,3.0
ORD104600,12-Jan-2025,CUST1608,Sanya Malhotra,Male,27,Mysuru,South,P018,Cricket Bat,Sports & Fitness,Sports,2,"?2,199.00",0%,"?4,398.00","?2,500.00","?1,898.00",Cash on Delivery,Delivered,Mobile App,4.0
ORD101746,12-Jan-2025,CUST1944,Ishaan Malhotra,Female,29,Dehradun,North,P013,Non-Stick Cookware Set,Home & Kitchen,Cookware,1,"?4,299.00",15%,"?3,654.15","?2,700.00",?954.15,Debit Card,Returned,Website,2.0
ORD101048,12-Jan-2025,CUST0754,Yash Agarwal,Male,31,Surat,West,P003,Smart Watch,Electronics,Wearables,1,"?3,299.00",10%,"?2,969.10","?2,100.00",?869.10,Debit Card,Delivered,Mobile App,4.0
ORD100507,12-Jan-2025,CUST1993,Zoya Singh,Female,49,Pune,West,P016,Yoga Mat,Sports & Fitness,Fitness,1,?999.00,25%,?749.25,?520.00,?229.25,Net Banking,Delivered,Website,5.0
ORD101493,12-Jan-2025,CUST1348,Varun Jain,Female,38,Jaipur,North,P018,Cricket Bat,Sports & Fitness,Sports,1,"?2,199.00",10%,"?1,979.10","?1,250.00",?729.10,UPI,Delivered,Mobile App,4.0
ORD102807,12-Jan-2025,CUST0234,Arjun Rao,Female,42,Kochi,South,P001,Wireless Headphones,Electronics,Audio,4,"?2,499.00",25%,"?7,497.00","?6,200.00","?1,297.00",UPI,Delivered,Website,5.0
ORD104150,12-Jan-2025,CUST0786,Yash Agarwal,Male,38,Lucknow,North,P027,Business Strategy Book,Books,Business,1,?699.00,5%,?664.05,?300.00,?364.05,Debit Card,Delivered,Mobile App,3.0
ORD101782,12-Jan-2025,CUST2032,Mohit Sharma,Male,23,Chennai,South,P011,Coffee Maker,Home & Kitchen,Kitchen,2,"?3,499.00",5%,"?6,648.10","?4,500.00","?2,148.10",Net Banking,Delivered,Website,5.0
ORD102004,13-Jan-2025,CUST0078,Aditya Kapoor,Female,23,Dehradun,North,P018,Cricket Bat,Sports & Fitness,Sports,1,"?2,199.00",5%,"?2,089.05","?1,250.00",?839.05,Credit Card,Delivered,Mobile App,5.0
ORD103685,13-Jan-2025,CUST1277,Kavya Patel,Female,38,Amritsar,North,P017,Dumbbell Set,Sports & Fitness,Fitness,1,"?2,499.00",10%,"?2,249.10","?1,450.00",?799.10,UPI,Delivered,Mobile App,5.0
ORD104809,13-Jan-2025,CUST2167,Aditi Saxena,Male,57,Kolkata,East,P008,Cotton T-Shirt,Fashion,Clothing,2,?799.00,5%,"?1,518.10",?780.00,?738.10,Debit Card,Delivered,Website,2.0
ORD102657,13-Jan-2025,CUST1214,Pooja Kapoor,Female,33,Chandigarh,North,P015,Bedsheet Set,Home & Kitchen,Home Decor,1,"?1,599.00",10%,"?1,439.10",?850.00,?589.10,Debit Card,Delivered,Mobile App,5.0
ORD102598,13-Jan-2025,CUST0531,Anjali Verma,Male,54,Hyderabad,South,P015,Bedsheet Set,Home & Kitchen,Home Decor,1,"?1,599.00",15%,"?1,359.15",?850.00,?509.15,Debit Card,Delivered,Mobile App,5.0
ORD100743,13-Jan-2025,CUST1281,Diya Mishra,Male,26,Hyderabad,South,P006,Laptop Backpack,Fashion,Bags,2,"?1,799.00",10%,"?3,238.20","?1,900.00","?1,338.20",Debit Card,Delivered,Website,3.0
ORD102745,13-Jan-2025,CUST1375,Shivam Mehta,Male,26,Bokaro,East,P028,Data Analytics Book,Books,Technology,3,"?1,099.00",10%,"?2,967.30","?1,560.00","?1,407.30",UPI,Delivered,Website,5.0
ORD102727,13-Jan-2025,CUST1443,Riya Verma,Female,39,Patna,East,P024,Perfume,Beauty,Fragrance,2,"?1,799.00",5%,"?3,418.10","?1,800.00","?1,618.10",Credit Card,Delivered,Mobile App,5.0
ORD103629,13-Jan-2025,CUST1321,Zoya Singh,Male,38,Dehradun,North,P024,Perfume,Beauty,Fragrance,3,"?1,799.00",30%,"?3,777.90","?2,700.00","?1,077.90",Wallet,Delivered,Website,5.0
ORD101838,13-Jan-2025,CUST0916,Karan Jain,Male,27,Lucknow,North,P001,Wireless Headphones,Electronics,Audio,2,"?2,499.00",30%,"?3,498.60","?3,100.00",?398.60,Cash on Delivery,Delivered,Mobile App,5.0
ORD104987,13-Jan-2025,CUST2158,Aditya Kapoor,Male,18,Ahmedabad,West,P019,Badminton Racket,Sports & Fitness,Sports,2,"?1,499.00",20%,"?2,398.40","?1,600.00",?798.40,Debit Card,Cancelled,Mobile App,
ORD104014,13-Jan-2025,CUST1349,Akash Bansal,Female,42,Surat,West,P024,Perfume,Beauty,Fragrance,1,"?1,799.00",20%,"?1,439.20",?900.00,?539.20,UPI,Delivered,Mobile App,4.0
ORD103810,13-Jan-2025,CUST1266,Yash Agarwal,Female,23,Delhi,North,P018,Cricket Bat,Sports & Fitness,Sports,1,"?2,199.00",10%,"?1,979.10","?1,250.00",?729.10,UPI,Delivered,Mobile App,4.0
ORD104649,14-Jan-2025,CUST1243,Vansh Chopra,Female,29,Pune,West,P028,Data Analytics Book,Books,Technology,1,"?1,099.00",10%,?989.10,?520.00,?469.10,UPI,Delivered,Mobile App,5.0
ORD101388,14-Jan-2025,CUST0096,Aarav Sharma,Male,28,Bokaro,East,P022,Sunscreen SPF 50,Beauty,Skincare,1,?799.00,10%,?719.10,?360.00,?359.10,UPI,Delivered,Website,5.0
ORD101444,14-Jan-2025,CUST0016,Mohit Sharma,Male,26,Chandigarh,North,P030,Self Help Book,Books,Self Development,1,?599.00,10%,?539.10,?260.00,?279.10,UPI,Delivered,Website,4.0
ORD102011,14-Jan-2025,CUST0441,Meera Singh,Female,37,Delhi,North,P017,Dumbbell Set,Sports & Fitness,Fitness,1,"?2,499.00",0%,"?2,499.00","?1,450.00","?1,049.00",Credit Card,Delivered,Mobile App,4.0
ORD103594,14-Jan-2025,CUST1810,Yash Agarwal,Female,45,Delhi,North,P017,Dumbbell Set,Sports & Fitness,Fitness,3,"?2,499.00",5%,"?7,122.15","?4,350.00","?2,772.15",Credit Card,Delivered,Mobile App,5.0
ORD100042,14-Jan-2025,CUST2153,Zoya Singh,Female,32,Kolkata,East,P006,Laptop Backpack,Fashion,Bags,1,"?1,799.00",0%,"?1,799.00",?950.00,?849.00,Cash on Delivery,Delivered,Mobile App,4.0
ORD104928,14-Jan-2025,CUST1758,Pooja Kapoor,Male,29,Dehradun,North,P013,Non-Stick Cookware Set,Home & Kitchen,Cookware,2,"?4,299.00",5%,"?8,168.10","?5,400.00","?2,768.10",Debit Card,Delivered,Mobile App,3.0
ORD102686,14-Jan-2025,CUST1380,Varun Jain,Female,18,Kolkata,East,P010,Casual Hoodie,Fashion,Clothing,1,"?1,499.00",20%,"?1,199.20",?780.00,?419.20,Wallet,Delivered,Website,5.0
ORD102872,15-Jan-2025,CUST1764,Varun Jain,Male,24,Jaipur,North,P013,Non-Stick Cookware Set,Home & Kitchen,Cookware,1,"?4,299.00",25%,"?3,224.25","?2,700.00",?524.25,Cash on Delivery,Delivered,Website,4.0
ORD100788,15-Jan-2025,CUST0592,Mohit Sharma,Male,30,Nashik,West,P023,Shampoo,Beauty,Haircare,1,?649.00,15%,?551.65,?290.00,?261.65,Debit Card,Delivered,Website,4.0
ORD100666,15-Jan-2025,CUST2150,Kabir Gupta,Female,36,Amritsar,North,P004,USB-C Charger,Electronics,Accessories,2,?899.00,5%,"?1,708.10",?960.00,?748.10,UPI,Delivered,Mobile App,5.0
ORD104823,15-Jan-2025,CUST0350,Pooja Kapoor,Female,37,Bokaro,East,P017,Dumbbell Set,Sports & Fitness,Fitness,1,"?2,499.00",10%,"?2,249.10","?1,450.00",?799.10,UPI,Delivered,Mobile App,4.0
ORD100076,15-Jan-2025,CUST1391,Isha Mehta,Female,32,Kochi,South,P001,Wireless Headphones,Electronics,Audio,2,"?2,499.00",5%,"?4,748.10","?3,100.00","?1,648.10",UPI,Delivered,Website,5.0
ORD100107,15-Jan-2025,CUST0341,Pranav Bansal,Male,44,Nashik,West,P023,Shampoo,Beauty,Haircare,1,?649.00,5%,?616.55,?290.00,?326.55,UPI,Delivered,Mobile App,4.0
ORD100806,15-Jan-2025,CUST2093,Tanvi Patel,Female,40,Pune,West,P006,Laptop Backpack,Fashion,Bags,2,"?1,799.00",15%,"?3,058.30","?1,900.00","?1,158.30",Cash on Delivery,Delivered,Mobile App,3.0
ORD104588,15-Jan-2025,CUST2127,Isha Mehta,Female,39,Mumbai,West,P008,Cotton T-Shirt,Fashion,Clothing,4,?799.00,25%,"?2,397.00","?1,560.00",?837.00,Net Banking,Delivered,Mobile App,3.0
ORD104759,15-Jan-2025,CUST2143,Shivam Mehta,Female,32,Nashik,West,P011,Coffee Maker,Home & Kitchen,Kitchen,1,"?3,499.00",10%,"?3,149.10","?2,250.00",?899.10,Cash on Delivery,Delivered,Mobile App,3.0
ORD104221,16-Jan-2025,CUST1365,Pranav Bansal,Female,31,Ranchi,East,P003,Smart Watch,Electronics,Wearables,5,"?3,299.00",5%,"?15,670.25","?10,500.00","?5,170.25",Debit Card,Returned,Mobile App,3.0
ORD101096,16-Jan-2025,CUST2009,Meera Singh,Male,37,Hyderabad,South,P006,Laptop Backpack,Fashion,Bags,1,"?1,799.00",0%,"?1,799.00",?950.00,?849.00,Wallet,Delivered,Website,4.0
ORD102212,16-Jan-2025,CUST0558,Aditya Kapoor,Female,24,Surat,West,P013,Non-Stick Cookware Set,Home & Kitchen,Cookware,2,"?4,299.00",5%,"?8,168.10","?5,400.00","?2,768.10",Credit Card,Delivered,Website,4.0
ORD102323,16-Jan-2025,CUST0453,Akash Bansal,Male,34,Jaipur,North,P015,Bedsheet Set,Home & Kitchen,Home Decor,2,"?1,599.00",15%,"?2,718.30","?1,700.00","?1,018.30",Credit Card,Cancelled,Website,
ORD100357,16-Jan-2025,CUST0875,Kiara Chopra,Male,42,Mysuru,South,P003,Smart Watch,Electronics,Wearables,5,"?3,299.00",5%,"?15,670.25","?10,500.00","?5,170.25",UPI,Delivered,Website,4.0
ORD104580,16-Jan-2025,CUST1333,Pranav Bansal,Male,42,Bengaluru,South,P028,Data Analytics Book,Books,Technology,1,"?1,099.00",10%,?989.10,?520.00,?469.10,Cash on Delivery,Delivered,Mobile App,4.0
ORD101064,16-Jan-2025,CUST0487,Nisha Saxena,Male,42,Bokaro,East,P028,Data Analytics Book,Books,Technology,2,"?1,099.00",5%,"?2,088.10","?1,040.00","?1,048.10",UPI,Delivered,Mobile App,4.0
ORD104152,17-Jan-2025,CUST0229,Akash Bansal,Female,34,Ahmedabad,West,P017,Dumbbell Set,Sports & Fitness,Fitness,1,"?2,499.00",15%,"?2,124.15","?1,450.00",?674.15,Cash on Delivery,Delivered,Mobile App,5.0
ORD100985,17-Jan-2025,CUST1877,Pranav Bansal,Male,39,Chennai,South,P005,Power Bank 20000mAh,Electronics,Accessories,1,"?1,599.00",15%,"?1,359.15",?920.00,?439.15,Credit Card,Delivered,Website,4.0
ORD100247,17-Jan-2025,CUST1276,Ananya Kumar,Female,61,Ahmedabad,West,P004,USB-C Charger,Electronics,Accessories,2,?899.00,25%,"?1,348.50",?960.00,?388.50,Credit Card,Delivered,Mobile App,4.0
ORD103396,17-Jan-2025,CUST0440,Ishaan Malhotra,Male,18,Amritsar,North,P003,Smart Watch,Electronics,Wearables,2,"?3,299.00",10%,"?5,938.20","?4,200.00","?1,738.20",Net Banking,Delivered,Website,3.0
ORD101889,17-Jan-2025,CUST1252,Varun Jain,Female,24,Bhubaneswar,East,P024,Perfume,Beauty,Fragrance,1,"?1,799.00",10%,"?1,619.10",?900.00,?719.10,UPI,Delivered,Mobile App,5.0
ORD101028,17-Jan-2025,CUST1105,Sakshi Mishra,Female,41,Chennai,South,P020,Resistance Bands,Sports & Fitness,Fitness,1,?699.00,30%,?489.30,?320.00,?169.30,Credit Card,Delivered,Mobile App,5.0
ORD101860,17-Jan-2025,CUST1793,Diya Mishra,Female,30,Patna,East,P029,Programming Book,Books,Technology,2,"?1,299.00",10%,"?2,338.20","?1,220.00","?1,118.20",UPI,Delivered,Website,3.0
ORD102785,17-Jan-2025,CUST1691,Vansh Chopra,Male,30,Surat,West,P010,Casual Hoodie,Fashion,Clothing,1,"?1,499.00",30%,"?1,049.30",?780.00,?269.30,UPI,Delivered,Mobile App,5.0
ORD103164,17-Jan-2025,CUST1760,Aarav Sharma,Male,32,Chennai,South,P002,Bluetooth Speaker,Electronics,Audio,1,"?1,899.00",10%,"?1,709.10","?1,120.00",?589.10,Debit Card,Delivered,Mobile App,5.0
ORD101255,17-Jan-2025,CUST1776,Mohit Sharma,Female,19,Surat,West,P024,Perfume,Beauty,Fragrance,1,"?1,799.00",20%,"?1,439.20",?900.00,?539.20,UPI,Cancelled,Mobile App,
ORD102951,17-Jan-2025,CUST1482,Arjun Rao,Female,21,Ahmedabad,West,P005,Power Bank 20000mAh,Electronics,Accessories,2,"?1,599.00",10%,"?2,878.20","?1,840.00","?1,038.20",Debit Card,Delivered,Website,2.0
ORD101045,17-Jan-2025,CUST0034,Manish Agarwal,Male,33,Bokaro,East,P008,Cotton T-Shirt,Fashion,Clothing,2,?799.00,5%,"?1,518.10",?780.00,?738.10,Net Banking,Delivered,Mobile App,4.0
ORD101234,17-Jan-2025,CUST0950,Simran Gupta,Female,39,Hyderabad,South,P007,Running Shoes,Fashion,Footwear,1,"?2,899.00",5%,"?2,754.05","?1,700.00","?1,054.05",Debit Card,Delivered,Website,4.0
ORD103357,18-Jan-2025,CUST0267,Kiara Chopra,Female,27,Chennai,South,P010,Casual Hoodie,Fashion,Clothing,1,"?1,499.00",0%,"?1,499.00",?780.00,?719.00,Credit Card,Delivered,Mobile App,5.0
ORD100897,18-Jan-2025,CUST1309,Kavya Patel,Male,41,Jaipur,North,P004,USB-C Charger,Electronics,Accessories,4,?899.00,25%,"?2,697.00","?1,920.00",?777.00,UPI,Delivered,Mobile App,3.0
ORD100270,18-Jan-2025,CUST0701,Kavya Patel,Male,31,Lucknow,North,P005,Power Bank 20000mAh,Electronics,Accessories,1,"?1,599.00",5%,"?1,519.05",?920.00,?599.05,Cash on Delivery,Delivered,Mobile App,1.0
ORD103744,18-Jan-2025,CUST0446,Pooja Kapoor,Male,29,Delhi,North,P009,Denim Jeans,Fashion,Clothing,3,"?1,999.00",10%,"?5,397.30","?3,150.00","?2,247.30",Cash on Delivery,Delivered,Mobile App,4.0
ORD104989,18-Jan-2025,CUST0300,Rahul Kumar,Male,33,Chandigarh,North,P003,Smart Watch,Electronics,Wearables,1,"?3,299.00",10%,"?2,969.10","?2,100.00",?869.10,Net Banking,Delivered,Mobile App,5.0
ORD103582,19-Jan-2025,CUST1672,Sanya Malhotra,Female,30,Mumbai,West,P025,Moisturizer,Beauty,Skincare,2,?699.00,10%,"?1,258.20",?620.00,?638.20,Debit Card,Delivered,Website,4.0
ORD101976,19-Jan-2025,CUST0396,Rahul Kumar,Female,33,Surat,West,P017,Dumbbell Set,Sports & Fitness,Fitness,3,"?2,499.00",30%,"?5,247.90","?4,350.00",?897.90,Debit Card,Delivered,Mobile App,3.0
ORD102614,19-Jan-2025,CUST1707,Kiara Chopra,Male,41,Chennai,South,P014,Table Lamp,Home & Kitchen,Home Decor,2,"?1,299.00",5%,"?2,468.10","?1,380.00","?1,088.10",UPI,Delivered,Mobile App,5.0
ORD102055,19-Jan-2025,CUST1943,Aditi Saxena,Male,18,Kolkata,East,P007,Running Shoes,Fashion,Footwear,1,"?2,899.00",15%,"?2,464.15","?1,700.00",?764.15,UPI,Delivered,Mobile App,4.0
ORD102402,19-Jan-2025,CUST1953,Diya Mishra,Male,18,Nagpur,West,P017,Dumbbell Set,Sports & Fitness,Fitness,1,"?2,499.00",0%,"?2,499.00","?1,450.00","?1,049.00",Cash on Delivery,Delivered,Website,4.0
ORD103380,19-Jan-2025,CUST1227,Kiara Chopra,Male,18,Mysuru,South,P024,Perfume,Beauty,Fragrance,1,"?1,799.00",10%,"?1,619.10",?900.00,?719.10,UPI,Delivered,Website,1.0
ORD104017,19-Jan-2025,CUST0546,Manish Agarwal,Male,39,Mysuru,South,P009,Denim Jeans,Fashion,Clothing,1,"?1,999.00",5%,"?1,899.05","?1,050.00",?849.05,Credit Card,Delivered,Website,3.0
ORD102903,19-Jan-2025,CUST2090,Arjun Rao,Male,40,Kochi,South,P013,Non-Stick Cookware Set,Home & Kitchen,Cookware,1,"?4,299.00",10%,"?3,869.10","?2,700.00","?1,169.10",Wallet,Delivered,Mobile App,4.0
ORD100896,19-Jan-2025,CUST0078,Aditya Kapoor,Female,34,Hyderabad,South,P009,Denim Jeans,Fashion,Clothing,1,"?1,999.00",5%,"?1,899.05","?1,050.00",?849.05,Wallet,Delivered,Website,4.0
ORD100403,19-Jan-2025,CUST1521,Sakshi Mishra,Male,20,Nashik,West,P004,USB-C Charger,Electronics,Accessories,2,?899.00,15%,"?1,528.30",?960.00,?568.30,Net Banking,Delivered,Website,5.0
ORD104508,19-Jan-2025,CUST0511,Shivam Mehta,Male,30,Ranchi,East,P002,Bluetooth Speaker,Electronics,Audio,2,"?1,899.00",10%,"?3,418.20","?2,240.00","?1,178.20",Debit Card,Delivered,Mobile App,1.0
ORD103143,19-Jan-2025,CUST0762,Rohan Rao,Male,36,Mysuru,South,P007,Running Shoes,Fashion,Footwear,1,"?2,899.00",10%,"?2,609.10","?1,700.00",?909.10,Wallet,Delivered,Website,4.0
ORD101552,19-Jan-2025,CUST0767,Shivam Mehta,Female,48,Mysuru,South,P009,Denim Jeans,Fashion,Clothing,2,"?1,999.00",25%,"?2,998.50","?2,100.00",?898.50,Cash on Delivery,Delivered,Website,3.0
ORD101159,20-Jan-2025,CUST1197,Tanvi Patel,Female,25,Hyderabad,South,P008,Cotton T-Shirt,Fashion,Clothing,1,?799.00,25%,?599.25,?390.00,?209.25,UPI,Delivered,Mobile App,5.0
ORD102574,20-Jan-2025,CUST1819,Vansh Chopra,Female,30,Chandigarh,North,P028,Data Analytics Book,Books,Technology,1,"?1,099.00",15%,?934.15,?520.00,?414.15,Debit Card,Delivered,Mobile App,4.0
ORD101483,20-Jan-2025,CUST1980,Ananya Kumar,Male,23,Mumbai,West,P019,Badminton Racket,Sports & Fitness,Sports,1,"?1,499.00",20%,"?1,199.20",?800.00,?399.20,Credit Card,Delivered,Website,4.0
ORD102015,20-Jan-2025,CUST1577,Zoya Singh,Male,34,Jaipur,North,P012,Air Fryer,Home & Kitchen,Kitchen,1,"?5,999.00",10%,"?5,399.10","?3,900.00","?1,499.10",Net Banking,Delivered,Mobile App,4.0
ORD104381,20-Jan-2025,CUST1688,Ishaan Malhotra,Female,34,Mysuru,South,P023,Shampoo,Beauty,Haircare,3,?649.00,15%,"?1,654.95",?870.00,?784.95,UPI,Delivered,Mobile App,3.0
ORD102032,20-Jan-2025,CUST1361,Sakshi Mishra,Female,35,Ranchi,East,P025,Moisturizer,Beauty,Skincare,1,?699.00,10%,?629.10,?310.00,?319.10,Credit Card,Delivered,Mobile App,4.0
ORD100287,20-Jan-2025,CUST1644,Rahul Kumar,Male,39,Delhi,North,P012,Air Fryer,Home & Kitchen,Kitchen,1,"?5,999.00",5%,"?5,699.05","?3,900.00","?1,799.05",UPI,Delivered,Website,4.0
ORD102022,20-Jan-2025,CUST0444,Ananya Kumar,Male,41,Chennai,South,P017,Dumbbell Set,Sports & Fitness,Fitness,1,"?2,499.00",10%,"?2,249.10","?1,450.00",?799.10,Net Banking,Delivered,Website,4.0
ORD103188,20-Jan-2025,CUST1278,Pooja Kapoor,Male,42,Jaipur,North,P005,Power Bank 20000mAh,Electronics,Accessories,1,"?1,599.00",5%,"?1,519.05",?920.00,?599.05,UPI,Delivered,Website,5.0
ORD100037,21-Jan-2025,CUST0403,Anjali Verma,Female,23,Guwahati,East,P008,Cotton T-Shirt,Fashion,Clothing,3,?799.00,10%,"?2,157.30","?1,170.00",?987.30,UPI,Delivered,Mobile App,1.0
ORD101292,21-Jan-2025,CUST0357,Akash Bansal,Male,26,Dehradun,North,P008,Cotton T-Shirt,Fashion,Clothing,2,?799.00,15%,"?1,358.30",?780.00,?578.30,Credit Card,Delivered,Website,5.0
ORD104748,21-Jan-2025,CUST0282,Rohan Rao,Male,23,Mumbai,West,P030,Self Help Book,Books,Self Development,1,?599.00,5%,?569.05,?260.00,?309.05,Debit Card,Delivered,Website,4.0
ORD104172,21-Jan-2025,CUST1380,Varun Jain,Female,27,Ranchi,East,P022,Sunscreen SPF 50,Beauty,Skincare,2,?799.00,20%,"?1,278.40",?720.00,?558.40,Credit Card,Delivered,Website,5.0
ORD101589,21-Jan-2025,CUST1188,Varun Jain,Female,18,Bengaluru,South,P002,Bluetooth Speaker,Electronics,Audio,3,"?1,899.00",10%,"?5,127.30","?3,360.00","?1,767.30",Cash on Delivery,Delivered,Website,5.0
ORD101856,21-Jan-2025,CUST0050,Yash Agarwal,Female,38,Patna,East,P025,Moisturizer,Beauty,Skincare,1,?699.00,0%,?699.00,?310.00,?389.00,Cash on Delivery,Cancelled,Website,
ORD103310,21-Jan-2025,CUST1030,Kabir Gupta,Female,29,Kochi,South,P014,Table Lamp,Home & Kitchen,Home Decor,2,"?1,299.00",5%,"?2,468.10","?1,380.00","?1,088.10",Credit Card,Delivered,Website,5.0
ORD102125,21-Jan-2025,CUST2056,Sanya Malhotra,Male,25,Kolkata,East,P029,Programming Book,Books,Technology,3,"?1,299.00",10%,"?3,507.30","?1,830.00","?1,677.30",UPI,Delivered,Mobile App,4.0
ORD101431,21-Jan-2025,CUST1941,Pranav Bansal,Male,19,Mumbai,West,P022,Sunscreen SPF 50,Beauty,Skincare,1,?799.00,10%,?719.10,?360.00,?359.10,UPI,Delivered,Mobile App,1.0
ORD100006,21-Jan-2025,CUST0410,Rohan Rao,Male,22,Ranchi,East,P010,Casual Hoodie,Fashion,Clothing,1,"?1,499.00",10%,"?1,349.10",?780.00,?569.10,Wallet,Returned,Mobile App,5.0
ORD104860,21-Jan-2025,CUST0331,Kiara Chopra,Female,41,Mysuru,South,P002,Bluetooth Speaker,Electronics,Audio,1,"?1,899.00",25%,"?1,424.25","?1,120.00",?304.25,Debit Card,Delivered,Mobile App,5.0
ORD102603,22-Jan-2025,CUST0185,Meera Singh,Female,42,Mysuru,South,P019,Badminton Racket,Sports & Fitness,Sports,2,"?1,499.00",10%,"?2,698.20","?1,600.00","?1,098.20",Credit Card,Delivered,Website,3.0
ORD104300,22-Jan-2025,CUST2186,Arjun Rao,Female,29,Lucknow,North,P010,Casual Hoodie,Fashion,Clothing,4,"?1,499.00",5%,"?5,696.20","?3,120.00","?2,576.20",Cash on Delivery,Delivered,Mobile App,3.0
ORD100026,22-Jan-2025,CUST1018,Rohan Rao,Male,22,Dehradun,North,P018,Cricket Bat,Sports & Fitness,Sports,2,"?2,199.00",10%,"?3,958.20","?2,500.00","?1,458.20",Net Banking,Delivered,Website,4.0
ORD103983,22-Jan-2025,CUST0952,Ishaan Malhotra,Male,28,Chandigarh,North,P016,Yoga Mat,Sports & Fitness,Fitness,2,?999.00,25%,"?1,498.50","?1,040.00",?458.50,Credit Card,Delivered,Mobile App,5.0
ORD101287,22-Jan-2025,CUST0869,Akash Bansal,Male,34,Guwahati,East,P006,Laptop Backpack,Fashion,Bags,1,"?1,799.00",10%,"?1,619.10",?950.00,?669.10,UPI,Delivered,Website,5.0
ORD103116,22-Jan-2025,CUST1355,Kiara Chopra,Male,29,Guwahati,East,P002,Bluetooth Speaker,Electronics,Audio,1,"?1,899.00",5%,"?1,804.05","?1,120.00",?684.05,UPI,Delivered,Mobile App,4.0
ORD102148,22-Jan-2025,CUST1603,Riya Verma,Female,20,Dehradun,North,P002,Bluetooth Speaker,Electronics,Audio,2,"?1,899.00",15%,"?3,228.30","?2,240.00",?988.30,UPI,Delivered,Website,4.0
ORD100231,22-Jan-2025,CUST1788,Ananya Kumar,Female,40,Bhubaneswar,East,P002,Bluetooth Speaker,Electronics,Audio,1,"?1,899.00",0%,"?1,899.00","?1,120.00",?779.00,Wallet,Cancelled,Mobile App,
ORD104939,22-Jan-2025,CUST2125,Tanvi Patel,Male,27,Hyderabad,South,P016,Yoga Mat,Sports & Fitness,Fitness,2,?999.00,5%,"?1,898.10","?1,040.00",?858.10,UPI,Delivered,Website,4.0
ORD103038,22-Jan-2025,CUST1232,Mohit Sharma,Female,30,Patna,East,P027,Business Strategy Book,Books,Business,3,?699.00,0%,"?2,097.00",?900.00,"?1,197.00",Net Banking,Delivered,Mobile App,4.0
ORD101384,22-Jan-2025,CUST0434,Yash Agarwal,Male,30,Lucknow,North,P010,Casual Hoodie,Fashion,Clothing,2,"?1,499.00",15%,"?2,548.30","?1,560.00",?988.30,Cash on Delivery,Delivered,Mobile App,5.0
ORD104536,22-Jan-2025,CUST1622,Simran Gupta,Male,23,Surat,West,P026,Novel Collection,Books,Fiction,1,?899.00,0%,?899.00,?420.00,?479.00,Credit Card,Delivered,Mobile App,2.0
ORD102691,22-Jan-2025,CUST0864,Aarav Sharma,Male,24,Mumbai,West,P027,Business Strategy Book,Books,Business,1,?699.00,25%,?524.25,?300.00,?224.25,Cash on Delivery,Delivered,Website,3.0
ORD101258,22-Jan-2025,CUST2083,Riya Verma,Male,24,Chandigarh,North,P003,Smart Watch,Electronics,Wearables,2,"?3,299.00",10%,"?5,938.20","?4,200.00","?1,738.20",UPI,Cancelled,Website,
ORD103181,22-Jan-2025,CUST0062,Pooja Kapoor,Male,49,Kolkata,East,P021,Face Wash,Beauty,Skincare,2,?499.00,15%,?848.30,?440.00,?408.30,Cash on Delivery,Delivered,Website,5.0
ORD100821,23-Jan-2025,CUST0537,Meera Singh,Female,25,Kolkata,East,P008,Cotton T-Shirt,Fashion,Clothing,4,?799.00,5%,"?3,036.20","?1,560.00","?1,476.20",Credit Card,Delivered,Mobile App,4.0
ORD100349,23-Jan-2025,CUST1220,Varun Jain,Male,32,Kolkata,East,P007,Running Shoes,Fashion,Footwear,1,"?2,899.00",20%,"?2,319.20","?1,700.00",?619.20,UPI,Delivered,Website,5.0
ORD102472,23-Jan-2025,CUST0610,Manish Agarwal,Female,44,Kochi,South,P008,Cotton T-Shirt,Fashion,Clothing,1,?799.00,10%,?719.10,?390.00,?329.10,UPI,Returned,Website,4.0
ORD100776,23-Jan-2025,CUST1537,Diya Mishra,Female,29,Kolkata,East,P016,Yoga Mat,Sports & Fitness,Fitness,1,?999.00,0%,?999.00,?520.00,?479.00,Credit Card,Delivered,Mobile App,3.0
ORD100551,23-Jan-2025,CUST1818,Rohan Rao,Female,34,Nashik,West,P028,Data Analytics Book,Books,Technology,1,"?1,099.00",10%,?989.10,?520.00,?469.10,Credit Card,Delivered,Website,4.0
ORD102678,23-Jan-2025,CUST1782,Simran Gupta,Male,24,Mumbai,West,P008,Cotton T-Shirt,Fashion,Clothing,1,?799.00,10%,?719.10,?390.00,?329.10,Credit Card,Delivered,Website,4.0
ORD101977,23-Jan-2025,CUST0334,Aditya Kapoor,Female,37,Bokaro,East,P001,Wireless Headphones,Electronics,Audio,1,"?2,499.00",15%,"?2,124.15","?1,550.00",?574.15,Net Banking,Delivered,Mobile App,4.0
ORD102725,23-Jan-2025,CUST1767,Nisha Saxena,Male,38,Dehradun,North,P016,Yoga Mat,Sports & Fitness,Fitness,1,?999.00,30%,?699.30,?520.00,?179.30,Credit Card,Delivered,Website,5.0
ORD101411,24-Jan-2025,CUST1790,Pooja Kapoor,Male,35,Hyderabad,South,P029,Programming Book,Books,Technology,2,"?1,299.00",15%,"?2,208.30","?1,220.00",?988.30,UPI,Delivered,Mobile App,5.0
ORD104902,24-Jan-2025,CUST1812,Karan Jain,Male,35,Surat,West,P002,Bluetooth Speaker,Electronics,Audio,1,"?1,899.00",0%,"?1,899.00","?1,120.00",?779.00,Credit Card,Delivered,Mobile App,5.0
ORD104737,25-Jan-2025,CUST2191,Isha Mehta,Female,40,Guwahati,East,P002,Bluetooth Speaker,Electronics,Audio,1,"?1,899.00",10%,"?1,709.10","?1,120.00",?589.10,Credit Card,Cancelled,Website,
ORD101775,25-Jan-2025,CUST0853,Pranav Bansal,Male,43,Kochi,South,P008,Cotton T-Shirt,Fashion,Clothing,2,?799.00,15%,"?1,358.30",?780.00,?578.30,UPI,Delivered,Website,5.0
ORD104117,25-Jan-2025,CUST0399,Isha Mehta,Male,27,Amritsar,North,P014,Table Lamp,Home & Kitchen,Home Decor,4,"?1,299.00",15%,"?4,416.60","?2,760.00","?1,656.60",UPI,Delivered,Mobile App,5.0
ORD100418,25-Jan-2025,CUST0730,Rohan Rao,Female,26,Bengaluru,South,P009,Denim Jeans,Fashion,Clothing,1,"?1,999.00",10%,"?1,799.10","?1,050.00",?749.10,Debit Card,Delivered,Website,5.0
ORD104609,25-Jan-2025,CUST1377,Diya Mishra,Male,31,Nashik,West,P020,Resistance Bands,Sports & Fitness,Fitness,5,?699.00,10%,"?3,145.50","?1,600.00","?1,545.50",Credit Card,Delivered,Mobile App,5.0
ORD103416,25-Jan-2025,CUST1283,Riya Verma,Female,18,Chandigarh,North,P011,Coffee Maker,Home & Kitchen,Kitchen,3,"?3,499.00",0%,"?10,497.00","?6,750.00","?3,747.00",UPI,Delivered,Mobile App,1.0
ORD104112,25-Jan-2025,CUST0656,Mohit Sharma,Female,19,Mysuru,South,P001,Wireless Headphones,Electronics,Audio,1,"?2,499.00",10%,"?2,249.10","?1,550.00",?699.10,UPI,Delivered,Website,5.0
ORD100866,25-Jan-2025,CUST1339,Vansh Chopra,Male,24,Guwahati,East,P010,Casual Hoodie,Fashion,Clothing,2,"?1,499.00",0%,"?2,998.00","?1,560.00","?1,438.00",UPI,Delivered,Mobile App,4.0
ORD102623,25-Jan-2025,CUST1530,Rohan Rao,Female,26,Guwahati,East,P002,Bluetooth Speaker,Electronics,Audio,1,"?1,899.00",15%,"?1,614.15","?1,120.00",?494.15,Net Banking,Delivered,Mobile App,3.0
ORD103216,25-Jan-2025,CUST1213,Kavya Patel,Male,39,Nagpur,West,P008,Cotton T-Shirt,Fashion,Clothing,1,?799.00,15%,?679.15,?390.00,?289.15,UPI,Delivered,Mobile App,3.0
ORD101032,25-Jan-2025,CUST1857,Diya Mishra,Male,36,Mysuru,South,P018,Cricket Bat,Sports & Fitness,Sports,4,"?2,199.00",5%,"?8,356.20","?5,000.00","?3,356.20",UPI,Delivered,Website,5.0
ORD102848,25-Jan-2025,CUST0757,Pranav Bansal,Male,27,Bhubaneswar,East,P028,Data Analytics Book,Books,Technology,1,"?1,099.00",10%,?989.10,?520.00,?469.10,Debit Card,Delivered,Website,5.0
ORD104542,25-Jan-2025,CUST0959,Shivam Mehta,Male,29,Bengaluru,South,P021,Face Wash,Beauty,Skincare,1,?499.00,10%,?449.10,?220.00,?229.10,UPI,Delivered,Website,5.0
ORD100680,25-Jan-2025,CUST0117,Pranav Bansal,Male,32,Jaipur,North,P004,USB-C Charger,Electronics,Accessories,2,?899.00,10%,"?1,618.20",?960.00,?658.20,UPI,Delivered,Website,5.0
ORD103939,25-Jan-2025,CUST1836,Rahul Kumar,Female,32,Bengaluru,South,P022,Sunscreen SPF 50,Beauty,Skincare,1,?799.00,15%,?679.15,?360.00,?319.15,Debit Card,Delivered,Mobile App,4.0
ORD104377,26-Jan-2025,CUST2036,Karan Jain,Female,25,Hyderabad,South,P021,Face Wash,Beauty,Skincare,1,?499.00,15%,?424.15,?220.00,?204.15,Credit Card,Delivered,Mobile App,4.0
ORD104004,26-Jan-2025,CUST1417,Zoya Singh,Female,22,Bhubaneswar,East,P006,Laptop Backpack,Fashion,Bags,1,"?1,799.00",10%,"?1,619.10",?950.00,?669.10,UPI,Delivered,Mobile App,3.0
ORD102847,26-Jan-2025,CUST0245,Pranav Bansal,Female,51,Bengaluru,South,P015,Bedsheet Set,Home & Kitchen,Home Decor,3,"?1,599.00",10%,"?4,317.30","?2,550.00","?1,767.30",Net Banking,Cancelled,Mobile App,
ORD100723,26-Jan-2025,CUST2001,Sakshi Mishra,Female,46,Mumbai,West,P016,Yoga Mat,Sports & Fitness,Fitness,3,?999.00,10%,"?2,697.30","?1,560.00","?1,137.30",UPI,Delivered,Website,4.0
ORD102350,26-Jan-2025,CUST1275,Vansh Chopra,Female,36,Delhi,North,P003,Smart Watch,Electronics,Wearables,1,"?3,299.00",5%,"?3,134.05","?2,100.00","?1,034.05",UPI,Delivered,Website,5.0
ORD102172,26-Jan-2025,CUST1044,Karan Jain,Male,18,Mumbai,West,P027,Business Strategy Book,Books,Business,4,?699.00,20%,"?2,236.80","?1,200.00","?1,036.80",UPI,Delivered,Mobile App,4.0
ORD100645,26-Jan-2025,CUST1579,Kiara Chopra,Female,29,Surat,West,P022,Sunscreen SPF 50,Beauty,Skincare,1,?799.00,20%,?639.20,?360.00,?279.20,Wallet,Delivered,Website,5.0
ORD101633,26-Jan-2025,CUST0171,Kiara Chopra,Female,18,Jaipur,North,P023,Shampoo,Beauty,Haircare,1,?649.00,10%,?584.10,?290.00,?294.10,UPI,Delivered,Mobile App,3.0
ORD104908,27-Jan-2025,CUST1674,Arjun Rao,Female,28,Bhubaneswar,East,P008,Cotton T-Shirt,Fashion,Clothing,2,?799.00,0%,"?1,598.00",?780.00,?818.00,Cash on Delivery,Returned,Website,4.0
ORD100989,27-Jan-2025,CUST1504,Aarav Sharma,Female,23,Bhubaneswar,East,P010,Casual Hoodie,Fashion,Clothing,2,"?1,499.00",25%,"?2,248.50","?1,560.00",?688.50,Credit Card,Delivered,Website,4.0
ORD100237,27-Jan-2025,CUST1664,Aarav Sharma,Male,32,Chennai,South,P024,Perfume,Beauty,Fragrance,2,"?1,799.00",20%,"?2,878.40","?1,800.00","?1,078.40",UPI,Delivered,Mobile App,4.0
ORD104175,27-Jan-2025,CUST1389,Tanvi Patel,Female,22,Patna,East,P020,Resistance Bands,Sports & Fitness,Fitness,1,?699.00,20%,?559.20,?320.00,?239.20,Net Banking,Returned,Mobile App,3.0
ORD101311,27-Jan-2025,CUST0972,Rahul Kumar,Female,33,Mysuru,South,P020,Resistance Bands,Sports & Fitness,Fitness,2,?699.00,5%,"?1,328.10",?640.00,?688.10,UPI,Delivered,Website,2.0
ORD103547,27-Jan-2025,CUST0528,Mohit Sharma,Female,37,Mumbai,West,P002,Bluetooth Speaker,Electronics,Audio,3,"?1,899.00",5%,"?5,412.15","?3,360.00","?2,052.15",UPI,Delivered,Website,4.0
ORD102665,27-Jan-2025,CUST0180,Karan Jain,Male,35,Patna,East,P017,Dumbbell Set,Sports & Fitness,Fitness,5,"?2,499.00",20%,"?9,996.00","?7,250.00","?2,746.00",Debit Card,Delivered,Website,5.0
ORD102139,28-Jan-2025,CUST1244,Ananya Kumar,Female,47,Jaipur,North,P007,Running Shoes,Fashion,Footwear,2,"?2,899.00",0%,"?5,798.00","?3,400.00","?2,398.00",UPI,Delivered,Website,5.0
ORD101450,28-Jan-2025,CUST1568,Aarav Sharma,Male,31,Ranchi,East,P025,Moisturizer,Beauty,Skincare,5,?699.00,15%,"?2,970.75","?1,550.00","?1,420.75",UPI,Delivered,Mobile App,5.0
ORD100121,28-Jan-2025,CUST2058,Arjun Rao,Male,40,Delhi,North,P016,Yoga Mat,Sports & Fitness,Fitness,3,?999.00,15%,"?2,547.45","?1,560.00",?987.45,Debit Card,Returned,Website,5.0
ORD100669,28-Jan-2025,CUST1238,Simran Gupta,Female,28,Kolkata,East,P027,Business Strategy Book,Books,Business,3,?699.00,5%,"?1,992.15",?900.00,"?1,092.15",UPI,Delivered,Mobile App,4.0
ORD104710,28-Jan-2025,CUST1650,Yash Agarwal,Male,48,Ahmedabad,West,P016,Yoga Mat,Sports & Fitness,Fitness,2,?999.00,15%,"?1,698.30","?1,040.00",?658.30,Debit Card,Returned,Mobile App,4.0
ORD102760,28-Jan-2025,CUST1572,Varun Jain,Female,19,Bengaluru,South,P019,Badminton Racket,Sports & Fitness,Sports,2,"?1,499.00",25%,"?2,248.50","?1,600.00",?648.50,Debit Card,Delivered,Website,4.0
ORD103866,28-Jan-2025,CUST0806,Kabir Gupta,Female,39,Chennai,South,P020,Resistance Bands,Sports & Fitness,Fitness,1,?699.00,5%,?664.05,?320.00,?344.05,UPI,Delivered,Website,5.0
ORD100092,28-Jan-2025,CUST1250,Manish Agarwal,Female,24,Hyderabad,South,P001,Wireless Headphones,Electronics,Audio,1,"?2,499.00",15%,"?2,124.15","?1,550.00",?574.15,Debit Card,Delivered,Mobile App,1.0
ORD100653,28-Jan-2025,CUST0101,Akash Bansal,Male,42,Patna,East,P001,Wireless Headphones,Electronics,Audio,3,"?2,499.00",20%,"?5,997.60","?4,650.00","?1,347.60",Credit Card,Delivered,Mobile App,2.0
ORD104355,29-Jan-2025,CUST1426,Yash Agarwal,Female,20,Patna,East,P003,Smart Watch,Electronics,Wearables,1,"?3,299.00",15%,"?2,804.15","?2,100.00",?704.15,Cash on Delivery,Delivered,Website,3.0
ORD101000,29-Jan-2025,CUST1593,Meera Singh,Male,28,Nashik,West,P018,Cricket Bat,Sports & Fitness,Sports,1,"?2,199.00",10%,"?1,979.10","?1,250.00",?729.10,Cash on Delivery,Delivered,Website,4.0
ORD104566,29-Jan-2025,CUST0453,Akash Bansal,Male,18,Bhubaneswar,East,P014,Table Lamp,Home & Kitchen,Home Decor,1,"?1,299.00",5%,"?1,234.05",?690.00,?544.05,Debit Card,Delivered,Mobile App,4.0
ORD101269,29-Jan-2025,CUST1757,Kavya Patel,Male,22,Chennai,South,P019,Badminton Racket,Sports & Fitness,Sports,1,"?1,499.00",20%,"?1,199.20",?800.00,?399.20,Net Banking,Delivered,Website,4.0
ORD100976,29-Jan-2025,CUST0818,Yash Agarwal,Female,29,Mysuru,South,P022,Sunscreen SPF 50,Beauty,Skincare,1,?799.00,5%,?759.05,?360.00,?399.05,Debit Card,Delivered,Mobile App,4.0
ORD103634,29-Jan-2025,CUST1947,Vansh Chopra,Female,42,Nashik,West,P010,Casual Hoodie,Fashion,Clothing,1,"?1,499.00",5%,"?1,424.05",?780.00,?644.05,UPI,Delivered,Mobile App,2.0
ORD100445,29-Jan-2025,CUST1798,Kabir Gupta,Male,39,Bhubaneswar,East,P012,Air Fryer,Home & Kitchen,Kitchen,2,"?5,999.00",30%,"?8,398.60","?7,800.00",?598.60,UPI,Delivered,Mobile App,5.0
ORD101110,29-Jan-2025,CUST0401,Sakshi Mishra,Female,32,Bengaluru,South,P022,Sunscreen SPF 50,Beauty,Skincare,4,?799.00,10%,"?2,876.40","?1,440.00","?1,436.40",Credit Card,Delivered,Mobile App,5.0
ORD103158,29-Jan-2025,CUST0627,Anjali Verma,Male,38,Chennai,South,P025,Moisturizer,Beauty,Skincare,2,?699.00,10%,"?1,258.20",?620.00,?638.20,Credit Card,Delivered,Mobile App,4.0
ORD101866,29-Jan-2025,CUST0063,Shivam Mehta,Female,38,Dehradun,North,P026,Novel Collection,Books,Fiction,2,?899.00,10%,"?1,618.20",?840.00,?778.20,UPI,Delivered,Mobile App,1.0
ORD100837,29-Jan-2025,CUST1143,Aditi Saxena,Male,29,Patna,East,P025,Moisturizer,Beauty,Skincare,1,?699.00,10%,?629.10,?310.00,?319.10,Wallet,Delivered,Mobile App,5.0
ORD104182,30-Jan-2025,CUST0103,Nisha Saxena,Female,30,Delhi,North,P004,USB-C Charger,Electronics,Accessories,1,?899.00,10%,?809.10,?480.00,?329.10,Net Banking,Delivered,Website,5.0
ORD104251,30-Jan-2025,CUST2096,Mohit Sharma,Female,42,Nashik,West,P013,Non-Stick Cookware Set,Home & Kitchen,Cookware,2,"?4,299.00",5%,"?8,168.10","?5,400.00","?2,768.10",Credit Card,Delivered,Website,5.0
ORD104106,30-Jan-2025,CUST1284,Varun Jain,Male,22,Lucknow,North,P002,Bluetooth Speaker,Electronics,Audio,1,"?1,899.00",5%,"?1,804.05","?1,120.00",?684.05,UPI,Delivered,Website,4.0
ORD102692,30-Jan-2025,CUST1172,Karan Jain,Male,21,Ahmedabad,West,P004,USB-C Charger,Electronics,Accessories,1,?899.00,10%,?809.10,?480.00,?329.10,Credit Card,Delivered,Website,5.0
ORD103965,30-Jan-2025,CUST1717,Pranav Bansal,Female,29,Nagpur,West,P003,Smart Watch,Electronics,Wearables,2,"?3,299.00",0%,"?6,598.00","?4,200.00","?2,398.00",Debit Card,Delivered,Mobile App,3.0
ORD101979,30-Jan-2025,CUST0466,Yash Agarwal,Male,25,Nagpur,West,P020,Resistance Bands,Sports & Fitness,Fitness,1,?699.00,15%,?594.15,?320.00,?274.15,UPI,Returned,Mobile App,5.0
ORD102463,30-Jan-2025,CUST1158,Kabir Gupta,Male,38,Ranchi,East,P025,Moisturizer,Beauty,Skincare,1,?699.00,25%,?524.25,?310.00,?214.25,UPI,Delivered,Mobile App,4.0
ORD102675,31-Jan-2025,CUST0959,Shivam Mehta,Male,40,Nagpur,West,P016,Yoga Mat,Sports & Fitness,Fitness,1,?999.00,5%,?949.05,?520.00,?429.05,Credit Card,Delivered,Website,4.0
ORD103696,31-Jan-2025,CUST0117,Pranav Bansal,Male,22,Pune,West,P008,Cotton T-Shirt,Fashion,Clothing,1,?799.00,10%,?719.10,?390.00,?329.10,UPI,Delivered,Mobile App,5.0
ORD101218,31-Jan-2025,CUST0718,Aditya Kapoor,Female,37,Chandigarh,North,P007,Running Shoes,Fashion,Footwear,1,"?2,899.00",5%,"?2,754.05","?1,700.00","?1,054.05",Debit Card,Delivered,Mobile App,5.0
ORD102497,31-Jan-2025,CUST1318,Kabir Gupta,Male,39,Hyderabad,South,P010,Casual Hoodie,Fashion,Clothing,2,"?1,499.00",10%,"?2,698.20","?1,560.00","?1,138.20",UPI,Delivered,Mobile App,4.0
ORD104483,31-Jan-2025,CUST1208,Ishaan Malhotra,Male,31,Chennai,South,P006,Laptop Backpack,Fashion,Bags,2,"?1,799.00",5%,"?3,418.10","?1,900.00","?1,518.10",UPI,Delivered,Mobile App,4.0
ORD102749,31-Jan-2025,CUST0943,Isha Mehta,Male,30,Lucknow,North,P005,Power Bank 20000mAh,Electronics,Accessories,1,"?1,599.00",25%,"?1,199.25",?920.00,?279.25,Credit Card,Delivered,Mobile App,5.0
ORD100888,01-Feb-2025,CUST1224,Sanya Malhotra,Male,35,Bokaro,East,P009,Denim Jeans,Fashion,Clothing,1,"?1,999.00",10%,"?1,799.10","?1,050.00",?749.10,Cash on Delivery,Delivered,Mobile App,4.0
ORD102159,01-Feb-2025,CUST1765,Akash Bansal,Male,35,Pune,West,P022,Sunscreen SPF 50,Beauty,Skincare,3,?799.00,0%,"?2,397.00","?1,080.00","?1,317.00",UPI,Delivered,Website,4.0
ORD103730,01-Feb-2025,CUST1719,Aditi Saxena,Female,30,Chennai,South,P021,Face Wash,Beauty,Skincare,1,?499.00,15%,?424.15,?220.00,?204.15,Credit Card,Delivered,Mobile App,4.0
ORD103043,01-Feb-2025,CUST1107,Anjali Verma,Female,23,Kochi,South,P028,Data Analytics Book,Books,Technology,1,"?1,099.00",20%,?879.20,?520.00,?359.20,UPI,Delivered,Mobile App,5.0
ORD104512,02-Feb-2025,CUST0959,Shivam Mehta,Male,35,Bhubaneswar,East,P030,Self Help Book,Books,Self Development,1,?599.00,15%,?509.15,?260.00,?249.15,Debit Card,Delivered,Mobile App,4.0
ORD103139,02-Feb-2025,CUST0470,Simran Gupta,Male,28,Pune,West,P014,Table Lamp,Home & Kitchen,Home Decor,3,"?1,299.00",0%,"?3,897.00","?2,070.00","?1,827.00",Credit Card,Delivered,Mobile App,4.0
ORD100095,02-Feb-2025,CUST1639,Nisha Saxena,Female,32,Bengaluru,South,P002,Bluetooth Speaker,Electronics,Audio,2,"?1,899.00",15%,"?3,228.30","?2,240.00",?988.30,UPI,Delivered,Website,2.0
ORD100227,02-Feb-2025,CUST0676,Varun Jain,Male,46,Coimbatore,South,P001,Wireless Headphones,Electronics,Audio,1,"?2,499.00",5%,"?2,374.05","?1,550.00",?824.05,Credit Card,Delivered,Website,5.0
ORD102804,02-Feb-2025,CUST1381,Akash Bansal,Male,27,Pune,West,P009,Denim Jeans,Fashion,Clothing,2,"?1,999.00",10%,"?3,598.20","?2,100.00","?1,498.20",Net Banking,Delivered,Website,3.0
ORD101270,02-Feb-2025,CUST0955,Vansh Chopra,Female,28,Patna,East,P004,USB-C Charger,Electronics,Accessories,2,?899.00,0%,"?1,798.00",?960.00,?838.00,Debit Card,Delivered,Website,4.0
ORD104185,03-Feb-2025,CUST1640,Sanya Malhotra,Male,27,Chennai,South,P006,Laptop Backpack,Fashion,Bags,1,"?1,799.00",5%,"?1,709.05",?950.00,?759.05,UPI,Delivered,Mobile App,5.0
ORD100984,03-Feb-2025,CUST1973,Pranav Bansal,Male,35,Nagpur,West,P003,Smart Watch,Electronics,Wearables,3,"?3,299.00",10%,"?8,907.30","?6,300.00","?2,607.30",Net Banking,Cancelled,Website,
ORD100563,03-Feb-2025,CUST1973,Pranav Bansal,Male,39,Pune,West,P029,Programming Book,Books,Technology,2,"?1,299.00",5%,"?2,468.10","?1,220.00","?1,248.10",UPI,Delivered,Website,5.0
ORD100690,03-Feb-2025,CUST1880,Ishaan Malhotra,Male,33,Jaipur,North,P025,Moisturizer,Beauty,Skincare,1,?699.00,20%,?559.20,?310.00,?249.20,Net Banking,Delivered,Mobile App,5.0
ORD101487,04-Feb-2025,CUST0731,Vansh Chopra,Female,24,Kochi,South,P010,Casual Hoodie,Fashion,Clothing,1,"?1,499.00",20%,"?1,199.20",?780.00,?419.20,UPI,Returned,Mobile App,5.0
ORD100376,04-Feb-2025,CUST2080,Aarav Sharma,Male,49,Hyderabad,South,P008,Cotton T-Shirt,Fashion,Clothing,1,?799.00,15%,?679.15,?390.00,?289.15,Credit Card,Returned,Mobile App,5.0
ORD102328,04-Feb-2025,CUST2005,Pranav Bansal,Male,22,Pune,West,P028,Data Analytics Book,Books,Technology,2,"?1,099.00",25%,"?1,648.50","?1,040.00",?608.50,UPI,Delivered,Website,4.0
ORD104646,04-Feb-2025,CUST1039,Isha Mehta,Male,24,Ahmedabad,West,P015,Bedsheet Set,Home & Kitchen,Home Decor,1,"?1,599.00",15%,"?1,359.15",?850.00,?509.15,UPI,Delivered,Website,5.0
ORD104871,04-Feb-2025,CUST1760,Aarav Sharma,Male,19,Mysuru,South,P027,Business Strategy Book,Books,Business,1,?699.00,25%,?524.25,?300.00,?224.25,Debit Card,Delivered,Mobile App,4.0
ORD100051,04-Feb-2025,CUST1541,Akash Bansal,Female,35,Dehradun,North,P004,USB-C Charger,Electronics,Accessories,1,?899.00,15%,?764.15,?480.00,?284.15,Debit Card,Delivered,Mobile App,3.0
ORD102518,04-Feb-2025,CUST1426,Yash Agarwal,Male,28,Pune,West,P020,Resistance Bands,Sports & Fitness,Fitness,1,?699.00,5%,?664.05,?320.00,?344.05,UPI,Delivered,Mobile App,1.0
ORD104727,04-Feb-2025,CUST0847,Isha Mehta,Female,36,Kolkata,East,P023,Shampoo,Beauty,Haircare,3,?649.00,5%,"?1,849.65",?870.00,?979.65,Debit Card,Delivered,Mobile App,5.0
ORD102337,04-Feb-2025,CUST1181,Kavya Patel,Male,37,Amritsar,North,P021,Face Wash,Beauty,Skincare,3,?499.00,5%,"?1,422.15",?660.00,?762.15,Credit Card,Delivered,Website,4.0
ORD104567,04-Feb-2025,CUST1176,Ishaan Malhotra,Male,26,Ahmedabad,West,P026,Novel Collection,Books,Fiction,1,?899.00,15%,?764.15,?420.00,?344.15,Credit Card,Delivered,Website,2.0
ORD101404,04-Feb-2025,CUST0071,Nisha Saxena,Female,46,Ranchi,East,P030,Self Help Book,Books,Self Development,4,?599.00,15%,"?2,036.60","?1,040.00",?996.60,UPI,Delivered,Website,3.0
ORD101673,05-Feb-2025,CUST0525,Tanvi Patel,Female,35,Mumbai,West,P021,Face Wash,Beauty,Skincare,2,?499.00,15%,?848.30,?440.00,?408.30,UPI,Delivered,Mobile App,5.0
ORD103686,05-Feb-2025,CUST0847,Isha Mehta,Male,18,Guwahati,East,P021,Face Wash,Beauty,Skincare,3,?499.00,15%,"?1,272.45",?660.00,?612.45,Wallet,Delivered,Mobile App,3.0
ORD101622,05-Feb-2025,CUST2113,Diya Mishra,Male,22,Patna,East,P003,Smart Watch,Electronics,Wearables,2,"?3,299.00",10%,"?5,938.20","?4,200.00","?1,738.20",Wallet,Delivered,Website,3.0
ORD100116,05-Feb-2025,CUST1292,Rahul Kumar,Female,26,Dehradun,North,P018,Cricket Bat,Sports & Fitness,Sports,3,"?2,199.00",20%,"?5,277.60","?3,750.00","?1,527.60",UPI,Delivered,Mobile App,5.0
ORD100286,05-Feb-2025,CUST0418,Manish Agarwal,Female,36,Ranchi,East,P005,Power Bank 20000mAh,Electronics,Accessories,3,"?1,599.00",25%,"?3,597.75","?2,760.00",?837.75,UPI,Delivered,Mobile App,4.0
ORD104298,05-Feb-2025,CUST0835,Riya Verma,Male,30,Nashik,West,P014,Table Lamp,Home & Kitchen,Home Decor,1,"?1,299.00",10%,"?1,169.10",?690.00,?479.10,Cash on Delivery,Returned,Mobile App,4.0
ORD101248,06-Feb-2025,CUST1962,Arjun Rao,Male,27,Nashik,West,P023,Shampoo,Beauty,Haircare,1,?649.00,0%,?649.00,?290.00,?359.00,Debit Card,Delivered,Mobile App,5.0
ORD101190,06-Feb-2025,CUST1439,Shivam Mehta,Male,37,Jaipur,North,P003,Smart Watch,Electronics,Wearables,1,"?3,299.00",30%,"?2,309.30","?2,100.00",?209.30,Net Banking,Delivered,Mobile App,3.0
ORD104663,06-Feb-2025,CUST1986,Manish Agarwal,Male,41,Kochi,South,P002,Bluetooth Speaker,Electronics,Audio,2,"?1,899.00",20%,"?3,038.40","?2,240.00",?798.40,Cash on Delivery,Delivered,Mobile App,4.0
ORD100394,06-Feb-2025,CUST0082,Yash Agarwal,Male,19,Bokaro,East,P009,Denim Jeans,Fashion,Clothing,1,"?1,999.00",0%,"?1,999.00","?1,050.00",?949.00,UPI,Delivered,Website,4.0
ORD100256,06-Feb-2025,CUST1304,Ishaan Malhotra,Female,39,Coimbatore,South,P015,Bedsheet Set,Home & Kitchen,Home Decor,2,"?1,599.00",0%,"?3,198.00","?1,700.00","?1,498.00",Credit Card,Delivered,Mobile App,5.0
ORD100196,06-Feb-2025,CUST1444,Varun Jain,Female,35,Nagpur,West,P025,Moisturizer,Beauty,Skincare,3,?699.00,10%,"?1,887.30",?930.00,?957.30,Wallet,Delivered,Mobile App,2.0
ORD103020,07-Feb-2025,CUST0864,Aarav Sharma,Female,18,Guwahati,East,P009,Denim Jeans,Fashion,Clothing,1,"?1,999.00",10%,"?1,799.10","?1,050.00",?749.10,Net Banking,Delivered,Website,4.0
ORD103308,07-Feb-2025,CUST0426,Arjun Rao,Male,31,Hyderabad,South,P013,Non-Stick Cookware Set,Home & Kitchen,Cookware,1,"?4,299.00",15%,"?3,654.15","?2,700.00",?954.15,Net Banking,Delivered,Website,4.0
ORD103738,07-Feb-2025,CUST0031,Shivam Mehta,Male,51,Mysuru,South,P011,Coffee Maker,Home & Kitchen,Kitchen,2,"?3,499.00",10%,"?6,298.20","?4,500.00","?1,798.20",Net Banking,Delivered,Website,4.0
ORD102029,07-Feb-2025,CUST0240,Mohit Sharma,Female,39,Kochi,South,P012,Air Fryer,Home & Kitchen,Kitchen,2,"?5,999.00",10%,"?10,798.20","?7,800.00","?2,998.20",Wallet,Cancelled,Mobile App,
ORD101185,07-Feb-2025,CUST0911,Isha Mehta,Male,40,Kochi,South,P027,Business Strategy Book,Books,Business,1,?699.00,10%,?629.10,?300.00,?329.10,UPI,Delivered,Mobile App,3.0
ORD100232,07-Feb-2025,CUST2188,Rahul Kumar,Female,42,Amritsar,North,P028,Data Analytics Book,Books,Technology,1,"?1,099.00",15%,?934.15,?520.00,?414.15,UPI,Delivered,Mobile App,1.0
ORD101616,08-Feb-2025,CUST1380,Varun Jain,Female,38,Ranchi,East,P003,Smart Watch,Electronics,Wearables,1,"?3,299.00",5%,"?3,134.05","?2,100.00","?1,034.05",Cash on Delivery,Delivered,Website,4.0
ORD100782,08-Feb-2025,CUST2136,Ishaan Malhotra,Female,21,Bhubaneswar,East,P008,Cotton T-Shirt,Fashion,Clothing,1,?799.00,10%,?719.10,?390.00,?329.10,UPI,Delivered,Mobile App,5.0
ORD101281,08-Feb-2025,CUST1946,Rohan Rao,Male,19,Lucknow,North,P002,Bluetooth Speaker,Electronics,Audio,1,"?1,899.00",5%,"?1,804.05","?1,120.00",?684.05,Cash on Delivery,Delivered,Website,5.0
ORD101109,08-Feb-2025,CUST2000,Mohit Sharma,Male,18,Patna,East,P028,Data Analytics Book,Books,Technology,2,"?1,099.00",10%,"?1,978.20","?1,040.00",?938.20,Cash on Delivery,Delivered,Mobile App,4.0
ORD104278,08-Feb-2025,CUST1004,Rahul Kumar,Male,42,Hyderabad,South,P014,Table Lamp,Home & Kitchen,Home Decor,3,"?1,299.00",5%,"?3,702.15","?2,070.00","?1,632.15",Credit Card,Delivered,Website,4.0
ORD100280,08-Feb-2025,CUST0730,Rohan Rao,Male,37,Mumbai,West,P001,Wireless Headphones,Electronics,Audio,1,"?2,499.00",10%,"?2,249.10","?1,550.00",?699.10,Debit Card,Delivered,Mobile App,2.0
ORD101946,08-Feb-2025,CUST1544,Sanya Malhotra,Male,37,Guwahati,East,P025,Moisturizer,Beauty,Skincare,1,?699.00,5%,?664.05,?310.00,?354.05,Wallet,Delivered,Mobile App,4.0
ORD104488,08-Feb-2025,CUST1521,Sakshi Mishra,Male,26,Bokaro,East,P025,Moisturizer,Beauty,Skincare,1,?699.00,5%,?664.05,?310.00,?354.05,Credit Card,Delivered,Website,5.0
ORD100670,08-Feb-2025,CUST0108,Rahul Kumar,Female,34,Surat,West,P005,Power Bank 20000mAh,Electronics,Accessories,1,"?1,599.00",5%,"?1,519.05",?920.00,?599.05,Cash on Delivery,Delivered,Website,4.0
ORD101089,08-Feb-2025,CUST0444,Ananya Kumar,Male,32,Jaipur,North,P001,Wireless Headphones,Electronics,Audio,2,"?2,499.00",10%,"?4,498.20","?3,100.00","?1,398.20",Net Banking,Delivered,Website,3.0
ORD103681,08-Feb-2025,CUST1847,Aditi Saxena,Male,30,Chennai,South,P005,Power Bank 20000mAh,Electronics,Accessories,1,"?1,599.00",15%,"?1,359.15",?920.00,?439.15,UPI,Delivered,Mobile App,5.0
ORD101503,08-Feb-2025,CUST0016,Mohit Sharma,Male,34,Bhubaneswar,East,P025,Moisturizer,Beauty,Skincare,2,?699.00,15%,"?1,188.30",?620.00,?568.30,Debit Card,Delivered,Website,4.0
ORD100423,08-Feb-2025,CUST0077,Tanvi Patel,Male,39,Chandigarh,North,P024,Perfume,Beauty,Fragrance,1,"?1,799.00",25%,"?1,349.25",?900.00,?449.25,Credit Card,Delivered,Mobile App,3.0
ORD100466,08-Feb-2025,CUST2074,Rohan Rao,Female,31,Delhi,North,P025,Moisturizer,Beauty,Skincare,1,?699.00,5%,?664.05,?310.00,?354.05,Debit Card,Delivered,Mobile App,4.0
ORD103338,08-Feb-2025,CUST0453,Akash Bansal,Male,33,Hyderabad,South,P022,Sunscreen SPF 50,Beauty,Skincare,1,?799.00,15%,?679.15,?360.00,?319.15,Debit Card,Delivered,Mobile App,3.0
ORD103250,08-Feb-2025,CUST0339,Anjali Verma,Male,32,Ahmedabad,West,P012,Air Fryer,Home & Kitchen,Kitchen,4,"?5,999.00",30%,"?16,797.20","?15,600.00","?1,197.20",UPI,Delivered,Mobile App,5.0
ORD102922,08-Feb-2025,CUST1404,Ananya Kumar,Male,25,Chennai,South,P008,Cotton T-Shirt,Fashion,Clothing,1,?799.00,15%,?679.15,?390.00,?289.15,Debit Card,Returned,Mobile App,3.0
ORD101033,08-Feb-2025,CUST1760,Aarav Sharma,Male,41,Lucknow,North,P013,Non-Stick Cookware Set,Home & Kitchen,Cookware,2,"?4,299.00",5%,"?8,168.10","?5,400.00","?2,768.10",Credit Card,Delivered,Website,5.0
ORD103450,09-Feb-2025,CUST0305,Sakshi Mishra,Male,29,Nagpur,West,P001,Wireless Headphones,Electronics,Audio,4,"?2,499.00",5%,"?9,496.20","?6,200.00","?3,296.20",Cash on Delivery,Returned,Mobile App,4.0
ORD101193,09-Feb-2025,CUST0666,Rohan Rao,Female,38,Kochi,South,P008,Cotton T-Shirt,Fashion,Clothing,2,?799.00,15%,"?1,358.30",?780.00,?578.30,Credit Card,Delivered,Mobile App,4.0
ORD102203,09-Feb-2025,CUST1352,Sanya Malhotra,Female,23,Mumbai,West,P026,Novel Collection,Books,Fiction,1,?899.00,0%,?899.00,?420.00,?479.00,UPI,Delivered,Mobile App,5.0
ORD103497,09-Feb-2025,CUST1684,Karan Jain,Male,32,Patna,East,P001,Wireless Headphones,Electronics,Audio,1,"?2,499.00",5%,"?2,374.05","?1,550.00",?824.05,Net Banking,Delivered,Website,4.0
ORD101200,09-Feb-2025,CUST0627,Anjali Verma,Male,35,Bokaro,East,P023,Shampoo,Beauty,Haircare,1,?649.00,10%,?584.10,?290.00,?294.10,UPI,Delivered,Mobile App,5.0
ORD101201,09-Feb-2025,CUST0525,Tanvi Patel,Male,28,Bengaluru,South,P029,Programming Book,Books,Technology,1,"?1,299.00",15%,"?1,104.15",?610.00,?494.15,Debit Card,Cancelled,Website,
ORD102996,09-Feb-2025,CUST1775,Isha Mehta,Male,31,Delhi,North,P010,Casual Hoodie,Fashion,Clothing,1,"?1,499.00",20%,"?1,199.20",?780.00,?419.20,Credit Card,Delivered,Mobile App,4.0
ORD101179,09-Feb-2025,CUST1925,Akash Bansal,Male,28,Surat,West,P028,Data Analytics Book,Books,Technology,1,"?1,099.00",0%,"?1,099.00",?520.00,?579.00,UPI,Delivered,Mobile App,4.0
ORD100710,09-Feb-2025,CUST1037,Tanvi Patel,Female,31,Lucknow,North,P019,Badminton Racket,Sports & Fitness,Sports,1,"?1,499.00",0%,"?1,499.00",?800.00,?699.00,UPI,Delivered,Mobile App,4.0
ORD103732,09-Feb-2025,CUST0999,Nisha Saxena,Male,24,Jaipur,North,P010,Casual Hoodie,Fashion,Clothing,1,"?1,499.00",10%,"?1,349.10",?780.00,?569.10,UPI,Delivered,Mobile App,2.0
ORD100074,10-Feb-2025,CUST1211,Vansh Chopra,Male,27,Patna,East,P008,Cotton T-Shirt,Fashion,Clothing,1,?799.00,15%,?679.15,?390.00,?289.15,Credit Card,Returned,Mobile App,5.0
ORD100091,10-Feb-2025,CUST0019,Anjali Verma,Male,36,Nashik,West,P027,Business Strategy Book,Books,Business,2,?699.00,20%,"?1,118.40",?600.00,?518.40,Cash on Delivery,Delivered,Mobile App,4.0
ORD103246,10-Feb-2025,CUST1301,Pranav Bansal,Male,47,Chandigarh,North,P020,Resistance Bands,Sports & Fitness,Fitness,1,?699.00,10%,?629.10,?320.00,?309.10,Net Banking,Delivered,Mobile App,5.0
ORD102318,10-Feb-2025,CUST0597,Pranav Bansal,Female,26,Mysuru,South,P021,Face Wash,Beauty,Skincare,1,?499.00,5%,?474.05,?220.00,?254.05,Credit Card,Cancelled,Mobile App,
ORD100519,10-Feb-2025,CUST0514,Manish Agarwal,Female,35,Bhubaneswar,East,P029,Programming Book,Books,Technology,1,"?1,299.00",15%,"?1,104.15",?610.00,?494.15,Debit Card,Delivered,Mobile App,4.0
ORD100983,10-Feb-2025,CUST0784,Mohit Sharma,Male,34,Jaipur,North,P004,USB-C Charger,Electronics,Accessories,4,?899.00,15%,"?3,056.60","?1,920.00","?1,136.60",UPI,Returned,Mobile App,5.0
ORD102426,10-Feb-2025,CUST0317,Kavya Patel,Female,27,Mysuru,South,P029,Programming Book,Books,Technology,2,"?1,299.00",0%,"?2,598.00","?1,220.00","?1,378.00",UPI,Delivered,Mobile App,5.0
ORD102963,10-Feb-2025,CUST0679,Nisha Saxena,Male,38,Hyderabad,South,P013,Non-Stick Cookware Set,Home & Kitchen,Cookware,3,"?4,299.00",0%,"?12,897.00","?8,100.00","?4,797.00",UPI,Delivered,Website,5.0
ORD102395,10-Feb-2025,CUST0628,Karan Jain,Female,20,Nagpur,West,P003,Smart Watch,Electronics,Wearables,2,"?3,299.00",10%,"?5,938.20","?4,200.00","?1,738.20",Debit Card,Delivered,Website,4.0
ORD102470,10-Feb-2025,CUST1188,Varun Jain,Female,28,Surat,West,P001,Wireless Headphones,Electronics,Audio,4,"?2,499.00",10%,"?8,996.40","?6,200.00","?2,796.40",UPI,Delivered,Website,5.0
ORD102249,10-Feb-2025,CUST0136,Sanya Malhotra,Male,18,Mumbai,West,P026,Novel Collection,Books,Fiction,2,?899.00,10%,"?1,618.20",?840.00,?778.20,Cash on Delivery,Delivered,Mobile App,4.0
ORD100769,11-Feb-2025,CUST0762,Rohan Rao,Male,22,Amritsar,North,P029,Programming Book,Books,Technology,2,"?1,299.00",5%,"?2,468.10","?1,220.00","?1,248.10",Net Banking,Delivered,Mobile App,4.0
ORD103840,11-Feb-2025,CUST1891,Riya Verma,Male,18,Kochi,South,P002,Bluetooth Speaker,Electronics,Audio,1,"?1,899.00",15%,"?1,614.15","?1,120.00",?494.15,Debit Card,Delivered,Website,5.0
ORD104387,11-Feb-2025,CUST0522,Arjun Rao,Male,29,Bengaluru,South,P004,USB-C Charger,Electronics,Accessories,2,?899.00,5%,"?1,708.10",?960.00,?748.10,Credit Card,Delivered,Mobile App,5.0
ORD104741,11-Feb-2025,CUST1629,Kavya Patel,Female,44,Nagpur,West,P007,Running Shoes,Fashion,Footwear,2,"?2,899.00",0%,"?5,798.00","?3,400.00","?2,398.00",Debit Card,Delivered,Website,5.0
ORD101748,11-Feb-2025,CUST2062,Aditya Kapoor,Male,30,Surat,West,P023,Shampoo,Beauty,Haircare,5,?649.00,10%,"?2,920.50","?1,450.00","?1,470.50",UPI,Delivered,Mobile App,3.0
ORD100981,11-Feb-2025,CUST1156,Varun Jain,Male,41,Bhubaneswar,East,P014,Table Lamp,Home & Kitchen,Home Decor,2,"?1,299.00",0%,"?2,598.00","?1,380.00","?1,218.00",Cash on Delivery,Delivered,Website,5.0
ORD100425,11-Feb-2025,CUST1039,Isha Mehta,Male,40,Amritsar,North,P030,Self Help Book,Books,Self Development,2,?599.00,0%,"?1,198.00",?520.00,?678.00,Net Banking,Delivered,Mobile App,5.0
ORD101031,11-Feb-2025,CUST0522,Arjun Rao,Female,41,Amritsar,North,P028,Data Analytics Book,Books,Technology,1,"?1,099.00",15%,?934.15,?520.00,?414.15,Net Banking,Delivered,Mobile App,1.0
ORD104374,12-Feb-2025,CUST0587,Kiara Chopra,Female,33,Bengaluru,South,P007,Running Shoes,Fashion,Footwear,2,"?2,899.00",5%,"?5,508.10","?3,400.00","?2,108.10",UPI,Delivered,Mobile App,4.0
ORD100369,12-Feb-2025,CUST2053,Akash Bansal,Male,31,Patna,East,P007,Running Shoes,Fashion,Footwear,2,"?2,899.00",5%,"?5,508.10","?3,400.00","?2,108.10",Cash on Delivery,Delivered,Mobile App,4.0
ORD101884,12-Feb-2025,CUST0165,Akash Bansal,Female,22,Bengaluru,South,P026,Novel Collection,Books,Fiction,1,?899.00,15%,?764.15,?420.00,?344.15,UPI,Delivered,Mobile App,5.0
ORD103092,12-Feb-2025,CUST0547,Riya Verma,Female,29,Coimbatore,South,P003,Smart Watch,Electronics,Wearables,3,"?3,299.00",20%,"?7,917.60","?6,300.00","?1,617.60",Debit Card,Delivered,Mobile App,5.0
ORD102140,12-Feb-2025,CUST0595,Anjali Verma,Female,31,Hyderabad,South,P017,Dumbbell Set,Sports & Fitness,Fitness,1,"?2,499.00",25%,"?1,874.25","?1,450.00",?424.25,Credit Card,Delivered,Website,5.0
ORD103618,12-Feb-2025,CUST1144,Ishaan Malhotra,Male,39,Ahmedabad,West,P014,Table Lamp,Home & Kitchen,Home Decor,1,"?1,299.00",10%,"?1,169.10",?690.00,?479.10,UPI,Delivered,Mobile App,3.0
ORD101789,12-Feb-2025,CUST1000,Sanya Malhotra,Male,39,Nagpur,West,P025,Moisturizer,Beauty,Skincare,4,?699.00,15%,"?2,376.60","?1,240.00","?1,136.60",Debit Card,Delivered,Mobile App,4.0
ORD100609,12-Feb-2025,CUST1068,Rahul Kumar,Male,47,Amritsar,North,P008,Cotton T-Shirt,Fashion,Clothing,1,?799.00,5%,?759.05,?390.00,?369.05,Debit Card,Delivered,Mobile App,4.0
ORD101583,12-Feb-2025,CUST0590,Aditya Kapoor,Female,21,Ahmedabad,West,P015,Bedsheet Set,Home & Kitchen,Home Decor,3,"?1,599.00",5%,"?4,557.15","?2,550.00","?2,007.15",Cash on Delivery,Delivered,Mobile App,4.0
ORD104327,12-Feb-2025,CUST1869,Tanvi Patel,Female,35,Ranchi,East,P006,Laptop Backpack,Fashion,Bags,1,"?1,799.00",10%,"?1,619.10",?950.00,?669.10,UPI,Delivered,Mobile App,3.0
ORD103244,12-Feb-2025,CUST0870,Kabir Gupta,Male,18,Ranchi,East,P026,Novel Collection,Books,Fiction,1,?899.00,0%,?899.00,?420.00,?479.00,Debit Card,Delivered,Website,4.0
ORD103479,13-Feb-2025,CUST0288,Aarav Sharma,Male,25,Kochi,South,P021,Face Wash,Beauty,Skincare,3,?499.00,10%,"?1,347.30",?660.00,?687.30,Credit Card,Delivered,Website,2.0
ORD104507,13-Feb-2025,CUST0129,Diya Mishra,Female,31,Chennai,South,P016,Yoga Mat,Sports & Fitness,Fitness,1,?999.00,5%,?949.05,?520.00,?429.05,UPI,Delivered,Website,4.0
ORD102926,13-Feb-2025,CUST0549,Akash Bansal,Male,31,Surat,West,P014,Table Lamp,Home & Kitchen,Home Decor,2,"?1,299.00",15%,"?2,208.30","?1,380.00",?828.30,UPI,Delivered,Mobile App,4.0
ORD101044,13-Feb-2025,CUST1050,Rohan Rao,Female,44,Bengaluru,South,P023,Shampoo,Beauty,Haircare,1,?649.00,15%,?551.65,?290.00,?261.65,UPI,Delivered,Mobile App,5.0
ORD102176,13-Feb-2025,CUST0310,Simran Gupta,Male,26,Nagpur,West,P002,Bluetooth Speaker,Electronics,Audio,3,"?1,899.00",25%,"?4,272.75","?3,360.00",?912.75,Net Banking,Delivered,Mobile App,5.0
ORD104024,13-Feb-2025,CUST0953,Meera Singh,Male,39,Lucknow,North,P010,Casual Hoodie,Fashion,Clothing,1,"?1,499.00",10%,"?1,349.10",?780.00,?569.10,UPI,Cancelled,Mobile App,
ORD103828,13-Feb-2025,CUST0326,Kabir Gupta,Female,19,Mysuru,South,P026,Novel Collection,Books,Fiction,1,?899.00,10%,?809.10,?420.00,?389.10,Debit Card,Delivered,Mobile App,5.0
ORD102777,13-Feb-2025,CUST1198,Aditya Kapoor,Male,33,Pune,West,P007,Running Shoes,Fashion,Footwear,1,"?2,899.00",0%,"?2,899.00","?1,700.00","?1,199.00",Credit Card,Delivered,Website,5.0
ORD101970,13-Feb-2025,CUST1055,Shivam Mehta,Female,19,Bokaro,East,P019,Badminton Racket,Sports & Fitness,Sports,2,"?1,499.00",15%,"?2,548.30","?1,600.00",?948.30,Credit Card,Delivered,Website,5.0
ORD104183,14-Feb-2025,CUST1448,Sanya Malhotra,Female,37,Jaipur,North,P027,Business Strategy Book,Books,Business,1,?699.00,0%,?699.00,?300.00,?399.00,UPI,Delivered,Mobile App,5.0
ORD102819,14-Feb-2025,CUST2166,Simran Gupta,Female,22,Nashik,West,P001,Wireless Headphones,Electronics,Audio,1,"?2,499.00",15%,"?2,124.15","?1,550.00",?574.15,Net Banking,Delivered,Website,3.0
ORD104747,14-Feb-2025,CUST1654,Simran Gupta,Male,36,Delhi,North,P016,Yoga Mat,Sports & Fitness,Fitness,1,?999.00,10%,?899.10,?520.00,?379.10,Debit Card,Delivered,Website,4.0
ORD102643,14-Feb-2025,CUST1601,Diya Mishra,Male,41,Bokaro,East,P004,USB-C Charger,Electronics,Accessories,3,?899.00,15%,"?2,292.45","?1,440.00",?852.45,Credit Card,Delivered,Mobile App,4.0
ORD103640,14-Feb-2025,CUST0308,Karan Jain,Male,32,Bengaluru,South,P021,Face Wash,Beauty,Skincare,1,?499.00,25%,?374.25,?220.00,?154.25,UPI,Delivered,Mobile App,4.0
ORD103352,14-Feb-2025,CUST1601,Diya Mishra,Female,24,Jaipur,North,P026,Novel Collection,Books,Fiction,2,?899.00,25%,"?1,348.50",?840.00,?508.50,Net Banking,Delivered,Mobile App,4.0
ORD104406,15-Feb-2025,CUST0582,Kabir Gupta,Male,29,Delhi,North,P030,Self Help Book,Books,Self Development,5,?599.00,10%,"?2,695.50","?1,300.00","?1,395.50",Credit Card,Delivered,Website,5.0
ORD101231,15-Feb-2025,CUST1648,Mohit Sharma,Male,24,Jaipur,North,P008,Cotton T-Shirt,Fashion,Clothing,1,?799.00,20%,?639.20,?390.00,?249.20,Wallet,Returned,Mobile App,3.0
ORD100631,15-Feb-2025,CUST0175,Isha Mehta,Female,37,Ahmedabad,West,P016,Yoga Mat,Sports & Fitness,Fitness,1,?999.00,10%,?899.10,?520.00,?379.10,UPI,Delivered,Website,4.0
ORD100252,15-Feb-2025,CUST0575,Shivam Mehta,Male,29,Guwahati,East,P007,Running Shoes,Fashion,Footwear,1,"?2,899.00",25%,"?2,174.25","?1,700.00",?474.25,Wallet,Returned,Website,5.0
ORD103228,15-Feb-2025,CUST1866,Arjun Rao,Female,33,Mysuru,South,P017,Dumbbell Set,Sports & Fitness,Fitness,1,"?2,499.00",15%,"?2,124.15","?1,450.00",?674.15,Net Banking,Delivered,Website,4.0
ORD101346,15-Feb-2025,CUST0207,Isha Mehta,Male,22,Surat,West,P002,Bluetooth Speaker,Electronics,Audio,4,"?1,899.00",10%,"?6,836.40","?4,480.00","?2,356.40",Credit Card,Delivered,Mobile App,2.0
ORD102071,16-Feb-2025,CUST0162,Manish Agarwal,Female,25,Mysuru,South,P021,Face Wash,Beauty,Skincare,5,?499.00,25%,"?1,871.25","?1,100.00",?771.25,UPI,Delivered,Website,5.0
ORD100636,16-Feb-2025,CUST1159,Nisha Saxena,Female,32,Ranchi,East,P019,Badminton Racket,Sports & Fitness,Sports,3,"?1,499.00",10%,"?4,047.30","?2,400.00","?1,647.30",UPI,Delivered,Website,5.0
ORD100310,16-Feb-2025,CUST0348,Ananya Kumar,Male,18,Chandigarh,North,P002,Bluetooth Speaker,Electronics,Audio,1,"?1,899.00",15%,"?1,614.15","?1,120.00",?494.15,Wallet,Delivered,Website,4.0
ORD101156,16-Feb-2025,CUST1905,Sakshi Mishra,Male,34,Jaipur,North,P021,Face Wash,Beauty,Skincare,1,?499.00,5%,?474.05,?220.00,?254.05,Cash on Delivery,Cancelled,Mobile App,
ORD102263,16-Feb-2025,CUST1456,Mohit Sharma,Female,37,Surat,West,P014,Table Lamp,Home & Kitchen,Home Decor,3,"?1,299.00",5%,"?3,702.15","?2,070.00","?1,632.15",Cash on Delivery,Delivered,Website,1.0
ORD100338,16-Feb-2025,CUST0304,Mohit Sharma,Male,39,Bhubaneswar,East,P018,Cricket Bat,Sports & Fitness,Sports,2,"?2,199.00",15%,"?3,738.30","?2,500.00","?1,238.30",Net Banking,Returned,Website,4.0
ORD101062,16-Feb-2025,CUST0704,Aarav Sharma,Male,26,Dehradun,North,P016,Yoga Mat,Sports & Fitness,Fitness,3,?999.00,10%,"?2,697.30","?1,560.00","?1,137.30",Net Banking,Delivered,Mobile App,5.0
ORD100810,16-Feb-2025,CUST0696,Ishaan Malhotra,Female,29,Chennai,South,P007,Running Shoes,Fashion,Footwear,1,"?2,899.00",10%,"?2,609.10","?1,700.00",?909.10,UPI,Delivered,Website,5.0
ORD104104,16-Feb-2025,CUST2080,Aarav Sharma,Female,29,Amritsar,North,P003,Smart Watch,Electronics,Wearables,1,"?3,299.00",20%,"?2,639.20","?2,100.00",?539.20,Credit Card,Delivered,Website,5.0
ORD103035,16-Feb-2025,CUST1330,Yash Agarwal,Female,37,Pune,West,P028,Data Analytics Book,Books,Technology,3,"?1,099.00",10%,"?2,967.30","?1,560.00","?1,407.30",Debit Card,Delivered,Website,5.0
ORD100497,16-Feb-2025,CUST2029,Tanvi Patel,Male,39,Surat,West,P010,Casual Hoodie,Fashion,Clothing,3,"?1,499.00",0%,"?4,497.00","?2,340.00","?2,157.00",UPI,Cancelled,Mobile App,
ORD103256,16-Feb-2025,CUST1289,Zoya Singh,Male,18,Lucknow,North,P025,Moisturizer,Beauty,Skincare,1,?699.00,15%,?594.15,?310.00,?284.15,UPI,Delivered,Website,4.0
ORD104750,17-Feb-2025,CUST1025,Diya Mishra,Male,50,Coimbatore,South,P002,Bluetooth Speaker,Electronics,Audio,1,"?1,899.00",10%,"?1,709.10","?1,120.00",?589.10,UPI,Delivered,Mobile App,4.0
ORD104121,17-Feb-2025,CUST1671,Nisha Saxena,Female,23,Bhubaneswar,East,P017,Dumbbell Set,Sports & Fitness,Fitness,2,"?2,499.00",25%,"?3,748.50","?2,900.00",?848.50,Debit Card,Delivered,Mobile App,5.0
ORD102590,17-Feb-2025,CUST0142,Aditya Kapoor,Female,22,Patna,East,P002,Bluetooth Speaker,Electronics,Audio,1,"?1,899.00",15%,"?1,614.15","?1,120.00",?494.15,Cash on Delivery,Delivered,Mobile App,5.0
ORD103743,17-Feb-2025,CUST1402,Rohan Rao,Male,19,Hyderabad,South,P003,Smart Watch,Electronics,Wearables,1,"?3,299.00",10%,"?2,969.10","?2,100.00",?869.10,Cash on Delivery,Delivered,Mobile App,5.0
ORD100096,17-Feb-2025,CUST0054,Simran Gupta,Male,28,Chandigarh,North,P019,Badminton Racket,Sports & Fitness,Sports,2,"?1,499.00",25%,"?2,248.50","?1,600.00",?648.50,UPI,Delivered,Mobile App,4.0
ORD103586,17-Feb-2025,CUST1930,Arjun Rao,Female,33,Nagpur,West,P007,Running Shoes,Fashion,Footwear,2,"?2,899.00",10%,"?5,218.20","?3,400.00","?1,818.20",UPI,Delivered,Website,3.0
ORD100643,17-Feb-2025,CUST2068,Karan Jain,Female,29,Bengaluru,South,P027,Business Strategy Book,Books,Business,1,?699.00,20%,?559.20,?300.00,?259.20,Cash on Delivery,Delivered,Mobile App,3.0
ORD103465,17-Feb-2025,CUST1101,Tanvi Patel,Female,23,Guwahati,East,P028,Data Analytics Book,Books,Technology,1,"?1,099.00",5%,"?1,044.05",?520.00,?524.05,UPI,Delivered,Website,4.0
ORD103683,18-Feb-2025,CUST2164,Karan Jain,Male,46,Ahmedabad,West,P011,Coffee Maker,Home & Kitchen,Kitchen,1,"?3,499.00",5%,"?3,324.05","?2,250.00","?1,074.05",Credit Card,Delivered,Mobile App,2.0
ORD102449,18-Feb-2025,CUST0193,Diya Mishra,Male,34,Bengaluru,South,P028,Data Analytics Book,Books,Technology,1,"?1,099.00",25%,?824.25,?520.00,?304.25,Wallet,Delivered,Website,5.0
ORD102086,18-Feb-2025,CUST1127,Nisha Saxena,Female,31,Surat,West,P016,Yoga Mat,Sports & Fitness,Fitness,1,?999.00,20%,?799.20,?520.00,?279.20,UPI,Delivered,Mobile App,5.0
ORD103441,18-Feb-2025,CUST0987,Vansh Chopra,Male,18,Nagpur,West,P020,Resistance Bands,Sports & Fitness,Fitness,2,?699.00,10%,"?1,258.20",?640.00,?618.20,Credit Card,Delivered,Website,4.0
ORD100875,18-Feb-2025,CUST2064,Mohit Sharma,Female,21,Kochi,South,P024,Perfume,Beauty,Fragrance,1,"?1,799.00",0%,"?1,799.00",?900.00,?899.00,UPI,Delivered,Website,4.0
ORD102382,18-Feb-2025,CUST0703,Shivam Mehta,Male,18,Mumbai,West,P011,Coffee Maker,Home & Kitchen,Kitchen,1,"?3,499.00",0%,"?3,499.00","?2,250.00","?1,249.00",Credit Card,Delivered,Website,5.0
ORD101638,18-Feb-2025,CUST1014,Simran Gupta,Male,18,Bhubaneswar,East,P014,Table Lamp,Home & Kitchen,Home Decor,4,"?1,299.00",15%,"?4,416.60","?2,760.00","?1,656.60",Cash on Delivery,Delivered,Website,1.0
ORD100245,18-Feb-2025,CUST0323,Riya Verma,Female,53,Nagpur,West,P015,Bedsheet Set,Home & Kitchen,Home Decor,1,"?1,599.00",20%,"?1,279.20",?850.00,?429.20,UPI,Delivered,Website,5.0
ORD102774,18-Feb-2025,CUST1750,Simran Gupta,Male,23,Nashik,West,P021,Face Wash,Beauty,Skincare,1,?499.00,15%,?424.15,?220.00,?204.15,UPI,Delivered,Mobile App,4.0
ORD102860,18-Feb-2025,CUST1093,Akash Bansal,Male,26,Bokaro,East,P027,Business Strategy Book,Books,Business,3,?699.00,15%,"?1,782.45",?900.00,?882.45,Credit Card,Delivered,Mobile App,3.0
ORD104198,19-Feb-2025,CUST1623,Aditi Saxena,Female,29,Mysuru,South,P028,Data Analytics Book,Books,Technology,2,"?1,099.00",10%,"?1,978.20","?1,040.00",?938.20,Cash on Delivery,Delivered,Mobile App,5.0
ORD104903,19-Feb-2025,CUST0790,Simran Gupta,Female,33,Guwahati,East,P021,Face Wash,Beauty,Skincare,3,?499.00,10%,"?1,347.30",?660.00,?687.30,Credit Card,Delivered,Mobile App,4.0
ORD103669,19-Feb-2025,CUST1940,Karan Jain,Male,26,Amritsar,North,P026,Novel Collection,Books,Fiction,1,?899.00,15%,?764.15,?420.00,?344.15,UPI,Delivered,Mobile App,4.0
ORD104030,19-Feb-2025,CUST1038,Aditya Kapoor,Female,18,Coimbatore,South,P018,Cricket Bat,Sports & Fitness,Sports,2,"?2,199.00",25%,"?3,298.50","?2,500.00",?798.50,Debit Card,Delivered,Mobile App,4.0
ORD102081,19-Feb-2025,CUST0675,Riya Verma,Female,20,Mysuru,South,P010,Casual Hoodie,Fashion,Clothing,1,"?1,499.00",20%,"?1,199.20",?780.00,?419.20,Credit Card,Delivered,Website,4.0
ORD102892,19-Feb-2025,CUST1701,Akash Bansal,Male,28,Amritsar,North,P015,Bedsheet Set,Home & Kitchen,Home Decor,1,"?1,599.00",15%,"?1,359.15",?850.00,?509.15,UPI,Delivered,Mobile App,1.0
ORD101641,19-Feb-2025,CUST1133,Tanvi Patel,Female,30,Ranchi,East,P001,Wireless Headphones,Electronics,Audio,2,"?2,499.00",25%,"?3,748.50","?3,100.00",?648.50,Credit Card,Delivered,Website,5.0
ORD103141,19-Feb-2025,CUST1963,Kiara Chopra,Male,33,Chennai,South,P027,Business Strategy Book,Books,Business,3,?699.00,5%,"?1,992.15",?900.00,"?1,092.15",Credit Card,Delivered,Mobile App,4.0
ORD104695,19-Feb-2025,CUST0752,Mohit Sharma,Male,47,Coimbatore,South,P017,Dumbbell Set,Sports & Fitness,Fitness,1,"?2,499.00",10%,"?2,249.10","?1,450.00",?799.10,Debit Card,Delivered,Website,2.0
ORD100923,20-Feb-2025,CUST1932,Rahul Kumar,Female,37,Amritsar,North,P010,Casual Hoodie,Fashion,Clothing,1,"?1,499.00",20%,"?1,199.20",?780.00,?419.20,Debit Card,Delivered,Mobile App,3.0
ORD100836,20-Feb-2025,CUST2094,Aditya Kapoor,Male,40,Mumbai,West,P013,Non-Stick Cookware Set,Home & Kitchen,Cookware,1,"?4,299.00",10%,"?3,869.10","?2,700.00","?1,169.10",UPI,Delivered,Website,5.0
ORD100621,20-Feb-2025,CUST0264,Sanya Malhotra,Female,21,Chandigarh,North,P001,Wireless Headphones,Electronics,Audio,2,"?2,499.00",10%,"?4,498.20","?3,100.00","?1,398.20",Cash on Delivery,Delivered,Website,5.0
ORD100295,20-Feb-2025,CUST0157,Kavya Patel,Male,32,Dehradun,North,P016,Yoga Mat,Sports & Fitness,Fitness,1,?999.00,10%,?899.10,?520.00,?379.10,UPI,Delivered,Website,4.0
ORD101595,20-Feb-2025,CUST1110,Simran Gupta,Male,34,Ahmedabad,West,P011,Coffee Maker,Home & Kitchen,Kitchen,1,"?3,499.00",10%,"?3,149.10","?2,250.00",?899.10,UPI,Delivered,Mobile App,5.0
ORD100559,20-Feb-2025,CUST0696,Ishaan Malhotra,Male,46,Ranchi,East,P024,Perfume,Beauty,Fragrance,3,"?1,799.00",20%,"?4,317.60","?2,700.00","?1,617.60",Wallet,Delivered,Mobile App,4.0
ORD104398,21-Feb-2025,CUST0661,Pranav Bansal,Female,22,Lucknow,North,P028,Data Analytics Book,Books,Technology,1,"?1,099.00",10%,?989.10,?520.00,?469.10,UPI,Delivered,Website,5.0
ORD103325,21-Feb-2025,CUST1079,Aditi Saxena,Female,35,Coimbatore,South,P007,Running Shoes,Fashion,Footwear,1,"?2,899.00",0%,"?2,899.00","?1,700.00","?1,199.00",UPI,Delivered,Website,3.0
ORD104372,21-Feb-2025,CUST1838,Aditya Kapoor,Female,29,Amritsar,North,P029,Programming Book,Books,Technology,4,"?1,299.00",5%,"?4,936.20","?2,440.00","?2,496.20",Wallet,Delivered,Website,4.0
ORD102778,22-Feb-2025,CUST0768,Aarav Sharma,Female,33,Coimbatore,South,P016,Yoga Mat,Sports & Fitness,Fitness,1,?999.00,20%,?799.20,?520.00,?279.20,UPI,Delivered,Mobile App,3.0
ORD100159,22-Feb-2025,CUST1974,Simran Gupta,Female,30,Chennai,South,P001,Wireless Headphones,Electronics,Audio,1,"?2,499.00",10%,"?2,249.10","?1,550.00",?699.10,Credit Card,Delivered,Website,4.0
ORD100305,22-Feb-2025,CUST2182,Kabir Gupta,Female,27,Delhi,North,P011,Coffee Maker,Home & Kitchen,Kitchen,2,"?3,499.00",25%,"?5,248.50","?4,500.00",?748.50,UPI,Delivered,Mobile App,4.0
ORD103763,22-Feb-2025,CUST0434,Yash Agarwal,Male,48,Nagpur,West,P010,Casual Hoodie,Fashion,Clothing,4,"?1,499.00",5%,"?5,696.20","?3,120.00","?2,576.20",Net Banking,Delivered,Website,3.0
ORD101539,22-Feb-2025,CUST1142,Simran Gupta,Male,18,Surat,West,P001,Wireless Headphones,Electronics,Audio,1,"?2,499.00",10%,"?2,249.10","?1,550.00",?699.10,UPI,Delivered,Website,5.0
ORD100069,22-Feb-2025,CUST1137,Sakshi Mishra,Female,43,Dehradun,North,P007,Running Shoes,Fashion,Footwear,2,"?2,899.00",5%,"?5,508.10","?3,400.00","?2,108.10",UPI,Delivered,Website,5.0
ORD104557,22-Feb-2025,CUST1515,Kiara Chopra,Female,24,Ranchi,East,P005,Power Bank 20000mAh,Electronics,Accessories,2,"?1,599.00",10%,"?2,878.20","?1,840.00","?1,038.20",Net Banking,Delivered,Mobile App,4.0
ORD100955,22-Feb-2025,CUST2173,Kavya Patel,Female,27,Mysuru,South,P026,Novel Collection,Books,Fiction,2,?899.00,0%,"?1,798.00",?840.00,?958.00,UPI,Returned,Website,5.0
ORD100605,22-Feb-2025,CUST2197,Pranav Bansal,Female,24,Delhi,North,P021,Face Wash,Beauty,Skincare,2,?499.00,10%,?898.20,?440.00,?458.20,Net Banking,Delivered,Mobile App,4.0
ORD102689,22-Feb-2025,CUST0801,Diya Mishra,Female,36,Coimbatore,South,P001,Wireless Headphones,Electronics,Audio,1,"?2,499.00",15%,"?2,124.15","?1,550.00",?574.15,UPI,Delivered,Mobile App,5.0
ORD102672,22-Feb-2025,CUST1520,Mohit Sharma,Male,18,Amritsar,North,P011,Coffee Maker,Home & Kitchen,Kitchen,3,"?3,499.00",10%,"?9,447.30","?6,750.00","?2,697.30",Debit Card,Delivered,Mobile App,5.0
ORD104427,23-Feb-2025,CUST1458,Yash Agarwal,Male,46,Guwahati,East,P007,Running Shoes,Fashion,Footwear,1,"?2,899.00",0%,"?2,899.00","?1,700.00","?1,199.00",Cash on Delivery,Delivered,Mobile App,3.0
ORD101155,23-Feb-2025,CUST0834,Manish Agarwal,Male,27,Dehradun,North,P010,Casual Hoodie,Fashion,Clothing,1,"?1,499.00",20%,"?1,199.20",?780.00,?419.20,UPI,Delivered,Mobile App,3.0
ORD100920,23-Feb-2025,CUST0762,Rohan Rao,Male,45,Kolkata,East,P015,Bedsheet Set,Home & Kitchen,Home Decor,1,"?1,599.00",15%,"?1,359.15",?850.00,?509.15,UPI,Delivered,Website,5.0
ORD103493,23-Feb-2025,CUST0868,Varun Jain,Female,45,Pune,West,P015,Bedsheet Set,Home & Kitchen,Home Decor,4,"?1,599.00",15%,"?5,436.60","?3,400.00","?2,036.60",Credit Card,Delivered,Mobile App,2.0
ORD103233,23-Feb-2025,CUST2082,Manish Agarwal,Male,48,Coimbatore,South,P030,Self Help Book,Books,Self Development,5,?599.00,25%,"?2,246.25","?1,300.00",?946.25,Cash on Delivery,Cancelled,Website,
ORD100573,23-Feb-2025,CUST0220,Ananya Kumar,Male,42,Jaipur,North,P028,Data Analytics Book,Books,Technology,1,"?1,099.00",15%,?934.15,?520.00,?414.15,Debit Card,Delivered,Mobile App,5.0
ORD100205,23-Feb-2025,CUST0211,Anjali Verma,Female,37,Delhi,North,P026,Novel Collection,Books,Fiction,1,?899.00,15%,?764.15,?420.00,?344.15,Net Banking,Delivered,Website,5.0
ORD104131,23-Feb-2025,CUST1177,Meera Singh,Female,21,Mumbai,West,P028,Data Analytics Book,Books,Technology,4,"?1,099.00",5%,"?4,176.20","?2,080.00","?2,096.20",UPI,Delivered,Mobile App,5.0
ORD104345,23-Feb-2025,CUST1571,Riya Verma,Male,31,Mysuru,South,P011,Coffee Maker,Home & Kitchen,Kitchen,2,"?3,499.00",15%,"?5,948.30","?4,500.00","?1,448.30",UPI,Delivered,Mobile App,5.0
ORD100302,23-Feb-2025,CUST1497,Meera Singh,Female,22,Nagpur,West,P001,Wireless Headphones,Electronics,Audio,4,"?2,499.00",0%,"?9,996.00","?6,200.00","?3,796.00",Debit Card,Delivered,Website,5.0
ORD102776,23-Feb-2025,CUST1336,Ishaan Malhotra,Male,24,Coimbatore,South,P001,Wireless Headphones,Electronics,Audio,2,"?2,499.00",10%,"?4,498.20","?3,100.00","?1,398.20",Wallet,Delivered,Mobile App,5.0
ORD102805,24-Feb-2025,CUST0692,Karan Jain,Female,23,Kolkata,East,P014,Table Lamp,Home & Kitchen,Home Decor,1,"?1,299.00",10%,"?1,169.10",?690.00,?479.10,Credit Card,Delivered,Mobile App,5.0
ORD100906,24-Feb-2025,CUST1158,Kabir Gupta,Female,46,Mumbai,West,P017,Dumbbell Set,Sports & Fitness,Fitness,5,"?2,499.00",20%,"?9,996.00","?7,250.00","?2,746.00",Wallet,Delivered,Website,2.0
ORD101705,24-Feb-2025,CUST0221,Kavya Patel,Male,26,Mysuru,South,P004,USB-C Charger,Electronics,Accessories,3,?899.00,15%,"?2,292.45","?1,440.00",?852.45,Net Banking,Delivered,Mobile App,5.0
ORD101010,24-Feb-2025,CUST1500,Ananya Kumar,Male,26,Nashik,West,P012,Air Fryer,Home & Kitchen,Kitchen,1,"?5,999.00",20%,"?4,799.20","?3,900.00",?899.20,Net Banking,Delivered,Website,1.0
ORD100911,24-Feb-2025,CUST0480,Aarav Sharma,Female,44,Bengaluru,South,P006,Laptop Backpack,Fashion,Bags,2,"?1,799.00",10%,"?3,238.20","?1,900.00","?1,338.20",Credit Card,Delivered,Mobile App,4.0
ORD102040,24-Feb-2025,CUST1077,Pranav Bansal,Male,36,Pune,West,P007,Running Shoes,Fashion,Footwear,1,"?2,899.00",15%,"?2,464.15","?1,700.00",?764.15,Credit Card,Delivered,Website,5.0
ORD103958,25-Feb-2025,CUST0994,Manish Agarwal,Male,32,Chennai,South,P001,Wireless Headphones,Electronics,Audio,4,"?2,499.00",20%,"?7,996.80","?6,200.00","?1,796.80",Wallet,Delivered,Website,4.0
ORD104986,25-Feb-2025,CUST1558,Simran Gupta,Female,44,Coimbatore,South,P007,Running Shoes,Fashion,Footwear,2,"?2,899.00",10%,"?5,218.20","?3,400.00","?1,818.20",Debit Card,Delivered,Website,2.0
ORD100650,25-Feb-2025,CUST1330,Yash Agarwal,Male,23,Surat,West,P002,Bluetooth Speaker,Electronics,Audio,3,"?1,899.00",5%,"?5,412.15","?3,360.00","?2,052.15",Net Banking,Delivered,Mobile App,5.0
ORD101800,25-Feb-2025,CUST1765,Akash Bansal,Male,24,Pune,West,P003,Smart Watch,Electronics,Wearables,1,"?3,299.00",5%,"?3,134.05","?2,100.00","?1,034.05",Cash on Delivery,Delivered,Mobile App,5.0
ORD103536,25-Feb-2025,CUST1169,Sakshi Mishra,Female,33,Nashik,West,P019,Badminton Racket,Sports & Fitness,Sports,1,"?1,499.00",10%,"?1,349.10",?800.00,?549.10,Debit Card,Delivered,Website,4.0
ORD104619,25-Feb-2025,CUST1235,Anjali Verma,Male,40,Dehradun,North,P003,Smart Watch,Electronics,Wearables,1,"?3,299.00",10%,"?2,969.10","?2,100.00",?869.10,Debit Card,Delivered,Mobile App,5.0
ORD100640,25-Feb-2025,CUST1873,Sakshi Mishra,Male,18,Jaipur,North,P026,Novel Collection,Books,Fiction,5,?899.00,20%,"?3,596.00","?2,100.00","?1,496.00",Credit Card,Delivered,Mobile App,5.0
ORD103675,25-Feb-2025,CUST0649,Zoya Singh,Male,39,Kolkata,East,P021,Face Wash,Beauty,Skincare,1,?499.00,0%,?499.00,?220.00,?279.00,Cash on Delivery,Delivered,Mobile App,5.0
ORD102150,26-Feb-2025,CUST1887,Shivam Mehta,Female,23,Bokaro,East,P002,Bluetooth Speaker,Electronics,Audio,2,"?1,899.00",20%,"?3,038.40","?2,240.00",?798.40,Net Banking,Delivered,Mobile App,5.0
ORD103430,26-Feb-2025,CUST1979,Vansh Chopra,Female,28,Delhi,North,P021,Face Wash,Beauty,Skincare,1,?499.00,15%,?424.15,?220.00,?204.15,UPI,Delivered,Mobile App,5.0
ORD102611,26-Feb-2025,CUST0435,Anjali Verma,Male,30,Bengaluru,South,P021,Face Wash,Beauty,Skincare,1,?499.00,15%,?424.15,?220.00,?204.15,Net Banking,Delivered,Mobile App,5.0
ORD102031,26-Feb-2025,CUST0590,Aditya Kapoor,Female,40,Bengaluru,South,P006,Laptop Backpack,Fashion,Bags,1,"?1,799.00",5%,"?1,709.05",?950.00,?759.05,Credit Card,Delivered,Mobile App,4.0
ORD104349,27-Feb-2025,CUST0714,Arjun Rao,Female,30,Bengaluru,South,P017,Dumbbell Set,Sports & Fitness,Fitness,1,"?2,499.00",20%,"?1,999.20","?1,450.00",?549.20,Net Banking,Delivered,Mobile App,4.0
ORD103794,27-Feb-2025,CUST0209,Sakshi Mishra,Female,44,Bengaluru,South,P027,Business Strategy Book,Books,Business,1,?699.00,20%,?559.20,?300.00,?259.20,Credit Card,Delivered,Mobile App,5.0
ORD101687,27-Feb-2025,CUST0458,Arjun Rao,Male,23,Guwahati,East,P007,Running Shoes,Fashion,Footwear,1,"?2,899.00",10%,"?2,609.10","?1,700.00",?909.10,Credit Card,Delivered,Mobile App,5.0
ORD100315,27-Feb-2025,CUST0099,Riya Verma,Female,35,Coimbatore,South,P009,Denim Jeans,Fashion,Clothing,3,"?1,999.00",10%,"?5,397.30","?3,150.00","?2,247.30",Credit Card,Delivered,Website,4.0
ORD100321,27-Feb-2025,CUST1496,Ishaan Malhotra,Female,31,Bokaro,East,P008,Cotton T-Shirt,Fashion,Clothing,3,?799.00,0%,"?2,397.00","?1,170.00","?1,227.00",Cash on Delivery,Delivered,Website,4.0
ORD102171,27-Feb-2025,CUST1296,Mohit Sharma,Male,40,Pune,West,P013,Non-Stick Cookware Set,Home & Kitchen,Cookware,1,"?4,299.00",5%,"?4,084.05","?2,700.00","?1,384.05",Net Banking,Delivered,Website,3.0
ORD104712,27-Feb-2025,CUST1967,Isha Mehta,Male,28,Lucknow,North,P003,Smart Watch,Electronics,Wearables,3,"?3,299.00",10%,"?8,907.30","?6,300.00","?2,607.30",UPI,Delivered,Mobile App,2.0
ORD100471,27-Feb-2025,CUST2011,Vansh Chopra,Female,28,Ranchi,East,P028,Data Analytics Book,Books,Technology,1,"?1,099.00",0%,"?1,099.00",?520.00,?579.00,UPI,Delivered,Website,4.0
ORD103874,27-Feb-2025,CUST0191,Shivam Mehta,Male,39,Nagpur,West,P025,Moisturizer,Beauty,Skincare,2,?699.00,20%,"?1,118.40",?620.00,?498.40,Credit Card,Delivered,Website,5.0
ORD100486,27-Feb-2025,CUST1589,Pranav Bansal,Male,25,Bokaro,East,P013,Non-Stick Cookware Set,Home & Kitchen,Cookware,2,"?4,299.00",25%,"?6,448.50","?5,400.00","?1,048.50",UPI,Delivered,Mobile App,3.0
ORD102958,27-Feb-2025,CUST0318,Pooja Kapoor,Male,41,Mumbai,West,P020,Resistance Bands,Sports & Fitness,Fitness,1,?699.00,0%,?699.00,?320.00,?379.00,Debit Card,Delivered,Mobile App,3.0
ORD100961,28-Feb-2025,CUST0783,Isha Mehta,Male,36,Mysuru,South,P005,Power Bank 20000mAh,Electronics,Accessories,1,"?1,599.00",0%,"?1,599.00",?920.00,?679.00,Cash on Delivery,Delivered,Website,5.0
ORD103138,28-Feb-2025,CUST0330,Arjun Rao,Female,39,Nashik,West,P011,Coffee Maker,Home & Kitchen,Kitchen,2,"?3,499.00",10%,"?6,298.20","?4,500.00","?1,798.20",Debit Card,Delivered,Website,4.0
ORD102695,28-Feb-2025,CUST0982,Simran Gupta,Male,29,Kolkata,East,P020,Resistance Bands,Sports & Fitness,Fitness,4,?699.00,0%,"?2,796.00","?1,280.00","?1,516.00",Cash on Delivery,Delivered,Website,5.0
ORD103496,28-Feb-2025,CUST1166,Aditya Kapoor,Female,30,Chennai,South,P006,Laptop Backpack,Fashion,Bags,2,"?1,799.00",10%,"?3,238.20","?1,900.00","?1,338.20",UPI,Delivered,Mobile App,3.0
ORD102821,28-Feb-2025,CUST0598,Simran Gupta,Female,28,Mysuru,South,P030,Self Help Book,Books,Self Development,3,?599.00,15%,"?1,527.45",?780.00,?747.45,UPI,Delivered,Mobile App,4.0
ORD103204,28-Feb-2025,CUST2195,Anjali Verma,Male,50,Ranchi,East,P001,Wireless Headphones,Electronics,Audio,1,"?2,499.00",25%,"?1,874.25","?1,550.00",?324.25,UPI,Delivered,Mobile App,4.0
ORD104975,28-Feb-2025,CUST0760,Ishaan Malhotra,Female,49,Delhi,North,P001,Wireless Headphones,Electronics,Audio,1,"?2,499.00",10%,"?2,249.10","?1,550.00",?699.10,Credit Card,Delivered,Website,5.0
ORD100029,28-Feb-2025,CUST2090,Arjun Rao,Male,18,Ranchi,East,P021,Face Wash,Beauty,Skincare,1,?499.00,10%,?449.10,?220.00,?229.10,Debit Card,Cancelled,Website,
ORD104866,28-Feb-2025,CUST1957,Akash Bansal,Male,45,Kolkata,East,P016,Yoga Mat,Sports & Fitness,Fitness,1,?999.00,10%,?899.10,?520.00,?379.10,Wallet,Delivered,Mobile App,4.0
ORD103617,28-Feb-2025,CUST0295,Nisha Saxena,Male,35,Bhubaneswar,East,P008,Cotton T-Shirt,Fashion,Clothing,4,?799.00,10%,"?2,876.40","?1,560.00","?1,316.40",Credit Card,Cancelled,Mobile App,
ORD101490,28-Feb-2025,CUST0548,Varun Jain,Male,30,Chennai,South,P008,Cotton T-Shirt,Fashion,Clothing,2,?799.00,30%,"?1,118.60",?780.00,?338.60,Debit Card,Delivered,Mobile App,4.0
ORD101403,28-Feb-2025,CUST1673,Zoya Singh,Male,41,Kolkata,East,P016,Yoga Mat,Sports & Fitness,Fitness,3,?999.00,20%,"?2,397.60","?1,560.00",?837.60,Cash on Delivery,Delivered,Website,2.0
ORD103451,28-Feb-2025,CUST1739,Kiara Chopra,Male,34,Ahmedabad,West,P002,Bluetooth Speaker,Electronics,Audio,1,"?1,899.00",0%,"?1,899.00","?1,120.00",?779.00,Credit Card,Delivered,Mobile App,5.0
ORD102523,28-Feb-2025,CUST0152,Ishaan Malhotra,Male,30,Bokaro,East,P020,Resistance Bands,Sports & Fitness,Fitness,1,?699.00,15%,?594.15,?320.00,?274.15,Credit Card,Delivered,Website,5.0
ORD104000,01-Mar-2025,CUST1682,Yash Agarwal,Male,29,Hyderabad,South,P011,Coffee Maker,Home & Kitchen,Kitchen,1,"?3,499.00",0%,"?3,499.00","?2,250.00","?1,249.00",Credit Card,Delivered,Mobile App,4.0
ORD102046,01-Mar-2025,CUST1434,Rohan Rao,Female,30,Patna,East,P006,Laptop Backpack,Fashion,Bags,2,"?1,799.00",10%,"?3,238.20","?1,900.00","?1,338.20",Debit Card,Delivered,Website,4.0
ORD101643,01-Mar-2025,CUST0680,Sanya Malhotra,Female,43,Mysuru,South,P021,Face Wash,Beauty,Skincare,3,?499.00,5%,"?1,422.15",?660.00,?762.15,Credit Card,Cancelled,Website,
ORD104279,01-Mar-2025,CUST2115,Riya Verma,Female,24,Dehradun,North,P028,Data Analytics Book,Books,Technology,3,"?1,099.00",5%,"?3,132.15","?1,560.00","?1,572.15",Cash on Delivery,Delivered,Website,4.0
ORD101307,01-Mar-2025,CUST0326,Kabir Gupta,Female,42,Bokaro,East,P030,Self Help Book,Books,Self Development,2,?599.00,10%,"?1,078.20",?520.00,?558.20,Credit Card,Delivered,Website,4.0
ORD103680,01-Mar-2025,CUST0983,Aditi Saxena,Male,18,Dehradun,North,P027,Business Strategy Book,Books,Business,2,?699.00,5%,"?1,328.10",?600.00,?728.10,Net Banking,Delivered,Mobile App,5.0
ORD101792,01-Mar-2025,CUST0774,Kabir Gupta,Male,22,Coimbatore,South,P020,Resistance Bands,Sports & Fitness,Fitness,1,?699.00,10%,?629.10,?320.00,?309.10,UPI,Delivered,Mobile App,4.0
ORD103323,02-Mar-2025,CUST0030,Pooja Kapoor,Male,27,Coimbatore,South,P020,Resistance Bands,Sports & Fitness,Fitness,2,?699.00,0%,"?1,398.00",?640.00,?758.00,UPI,Delivered,Website,1.0
ORD103516,02-Mar-2025,CUST0959,Shivam Mehta,Male,34,Hyderabad,South,P009,Denim Jeans,Fashion,Clothing,2,"?1,999.00",10%,"?3,598.20","?2,100.00","?1,498.20",Cash on Delivery,Delivered,Mobile App,5.0
ORD101030,02-Mar-2025,CUST0909,Tanvi Patel,Female,35,Mysuru,South,P004,USB-C Charger,Electronics,Accessories,1,?899.00,10%,?809.10,?480.00,?329.10,Net Banking,Delivered,Mobile App,4.0
ORD103262,02-Mar-2025,CUST0023,Aditi Saxena,Male,42,Pune,West,P012,Air Fryer,Home & Kitchen,Kitchen,1,"?5,999.00",10%,"?5,399.10","?3,900.00","?1,499.10",Wallet,Delivered,Mobile App,3.0
ORD100620,02-Mar-2025,CUST0949,Pranav Bansal,Male,40,Kochi,South,P009,Denim Jeans,Fashion,Clothing,1,"?1,999.00",25%,"?1,499.25","?1,050.00",?449.25,Debit Card,Delivered,Mobile App,5.0
ORD101134,02-Mar-2025,CUST0133,Akash Bansal,Male,38,Nagpur,West,P009,Denim Jeans,Fashion,Clothing,2,"?1,999.00",0%,"?3,998.00","?2,100.00","?1,898.00",Wallet,Delivered,Website,5.0
ORD101162,03-Mar-2025,CUST0261,Akash Bansal,Female,27,Amritsar,North,P029,Programming Book,Books,Technology,2,"?1,299.00",10%,"?2,338.20","?1,220.00","?1,118.20",UPI,Delivered,Website,5.0
ORD103458,03-Mar-2025,CUST1054,Pooja Kapoor,Female,33,Coimbatore,South,P030,Self Help Book,Books,Self Development,1,?599.00,10%,?539.10,?260.00,?279.10,Credit Card,Delivered,Mobile App,1.0
ORD103511,03-Mar-2025,CUST0283,Vansh Chopra,Male,23,Bokaro,East,P016,Yoga Mat,Sports & Fitness,Fitness,3,?999.00,10%,"?2,697.30","?1,560.00","?1,137.30",UPI,Delivered,Website,2.0
ORD101141,03-Mar-2025,CUST1719,Aditi Saxena,Female,20,Bhubaneswar,East,P023,Shampoo,Beauty,Haircare,1,?649.00,0%,?649.00,?290.00,?359.00,UPI,Cancelled,Mobile App,
ORD100400,03-Mar-2025,CUST0088,Ishaan Malhotra,Male,22,Surat,West,P001,Wireless Headphones,Electronics,Audio,2,"?2,499.00",0%,"?4,998.00","?3,100.00","?1,898.00",Debit Card,Delivered,Website,4.0
ORD102325,03-Mar-2025,CUST1872,Mohit Sharma,Male,25,Ranchi,East,P005,Power Bank 20000mAh,Electronics,Accessories,1,"?1,599.00",15%,"?1,359.15",?920.00,?439.15,Credit Card,Delivered,Mobile App,5.0
ORD100881,04-Mar-2025,CUST0824,Ishaan Malhotra,Male,30,Coimbatore,South,P001,Wireless Headphones,Electronics,Audio,3,"?2,499.00",5%,"?7,122.15","?4,650.00","?2,472.15",UPI,Delivered,Mobile App,2.0
ORD101822,04-Mar-2025,CUST1189,Akash Bansal,Male,29,Pune,West,P006,Laptop Backpack,Fashion,Bags,1,"?1,799.00",0%,"?1,799.00",?950.00,?849.00,Cash on Delivery,Delivered,Mobile App,5.0
ORD100082,04-Mar-2025,CUST1400,Ishaan Malhotra,Male,35,Chandigarh,North,P021,Face Wash,Beauty,Skincare,2,?499.00,0%,?998.00,?440.00,?558.00,Debit Card,Delivered,Website,5.0
ORD104153,04-Mar-2025,CUST1855,Shivam Mehta,Female,33,Surat,West,P009,Denim Jeans,Fashion,Clothing,2,"?1,999.00",10%,"?3,598.20","?2,100.00","?1,498.20",Debit Card,Delivered,Website,5.0
ORD103860,04-Mar-2025,CUST2026,Arjun Rao,Female,35,Nashik,West,P029,Programming Book,Books,Technology,1,"?1,299.00",15%,"?1,104.15",?610.00,?494.15,Debit Card,Delivered,Mobile App,3.0
ORD100872,04-Mar-2025,CUST1881,Meera Singh,Male,30,Patna,East,P002,Bluetooth Speaker,Electronics,Audio,3,"?1,899.00",30%,"?3,987.90","?3,360.00",?627.90,Net Banking,Delivered,Mobile App,5.0
ORD102471,04-Mar-2025,CUST0832,Aarav Sharma,Male,31,Nashik,West,P029,Programming Book,Books,Technology,1,"?1,299.00",20%,"?1,039.20",?610.00,?429.20,UPI,Delivered,Mobile App,4.0
ORD100540,04-Mar-2025,CUST1695,Shivam Mehta,Male,18,Pune,West,P023,Shampoo,Beauty,Haircare,2,?649.00,20%,"?1,038.40",?580.00,?458.40,Net Banking,Returned,Mobile App,4.0
ORD103294,04-Mar-2025,CUST0825,Meera Singh,Male,37,Jaipur,North,P023,Shampoo,Beauty,Haircare,1,?649.00,10%,?584.10,?290.00,?294.10,Credit Card,Delivered,Mobile App,3.0
ORD102302,04-Mar-2025,CUST2095,Isha Mehta,Female,37,Pune,West,P022,Sunscreen SPF 50,Beauty,Skincare,2,?799.00,15%,"?1,358.30",?720.00,?638.30,Credit Card,Returned,Mobile App,4.0
ORD102563,05-Mar-2025,CUST0939,Kiara Chopra,Female,32,Coimbatore,South,P021,Face Wash,Beauty,Skincare,3,?499.00,10%,"?1,347.30",?660.00,?687.30,Net Banking,Delivered,Mobile App,3.0
ORD103606,05-Mar-2025,CUST0095,Shivam Mehta,Male,33,Kolkata,East,P020,Resistance Bands,Sports & Fitness,Fitness,1,?699.00,15%,?594.15,?320.00,?274.15,UPI,Delivered,Mobile App,5.0
ORD101329,05-Mar-2025,CUST1361,Sakshi Mishra,Male,37,Dehradun,North,P010,Casual Hoodie,Fashion,Clothing,1,"?1,499.00",10%,"?1,349.10",?780.00,?569.10,Credit Card,Delivered,Website,4.0
ORD104173,05-Mar-2025,CUST0090,Rohan Rao,Female,37,Nagpur,West,P028,Data Analytics Book,Books,Technology,3,"?1,099.00",5%,"?3,132.15","?1,560.00","?1,572.15",UPI,Delivered,Website,5.0
ORD104682,05-Mar-2025,CUST0403,Anjali Verma,Female,36,Coimbatore,South,P024,Perfume,Beauty,Fragrance,2,"?1,799.00",10%,"?3,238.20","?1,800.00","?1,438.20",UPI,Delivered,Mobile App,5.0
ORD103661,05-Mar-2025,CUST0856,Ishaan Malhotra,Male,19,Ranchi,East,P001,Wireless Headphones,Electronics,Audio,2,"?2,499.00",5%,"?4,748.10","?3,100.00","?1,648.10",Wallet,Delivered,Website,4.0
ORD101837,06-Mar-2025,CUST2182,Kabir Gupta,Female,37,Amritsar,North,P016,Yoga Mat,Sports & Fitness,Fitness,1,?999.00,20%,?799.20,?520.00,?279.20,Cash on Delivery,Delivered,Mobile App,1.0
ORD102766,06-Mar-2025,CUST0167,Nisha Saxena,Male,37,Lucknow,North,P029,Programming Book,Books,Technology,2,"?1,299.00",30%,"?1,818.60","?1,220.00",?598.60,Wallet,Delivered,Website,4.0
ORD102621,06-Mar-2025,CUST2099,Anjali Verma,Male,40,Bhubaneswar,East,P020,Resistance Bands,Sports & Fitness,Fitness,2,?699.00,15%,"?1,188.30",?640.00,?548.30,UPI,Delivered,Website,5.0
ORD103209,06-Mar-2025,CUST1244,Ananya Kumar,Female,20,Ahmedabad,West,P006,Laptop Backpack,Fashion,Bags,2,"?1,799.00",0%,"?3,598.00","?1,900.00","?1,698.00",UPI,Delivered,Website,4.0
ORD100077,06-Mar-2025,CUST1113,Meera Singh,Female,31,Nashik,West,P018,Cricket Bat,Sports & Fitness,Sports,2,"?2,199.00",30%,"?3,078.60","?2,500.00",?578.60,Net Banking,Delivered,Mobile App,5.0
ORD104681,06-Mar-2025,CUST0554,Arjun Rao,Male,18,Lucknow,North,P010,Casual Hoodie,Fashion,Clothing,1,"?1,499.00",15%,"?1,274.15",?780.00,?494.15,Wallet,Delivered,Website,4.0
ORD102340,06-Mar-2025,CUST1876,Karan Jain,Male,45,Hyderabad,South,P025,Moisturizer,Beauty,Skincare,1,?699.00,20%,?559.20,?310.00,?249.20,Wallet,Delivered,Mobile App,3.0
ORD101561,06-Mar-2025,CUST0781,Tanvi Patel,Female,41,Bengaluru,South,P007,Running Shoes,Fashion,Footwear,4,"?2,899.00",15%,"?9,856.60","?6,800.00","?3,056.60",UPI,Delivered,Website,5.0
ORD100534,06-Mar-2025,CUST2063,Isha Mehta,Male,26,Nagpur,West,P007,Running Shoes,Fashion,Footwear,1,"?2,899.00",20%,"?2,319.20","?1,700.00",?619.20,Credit Card,Delivered,Mobile App,4.0
ORD103085,06-Mar-2025,CUST1788,Ananya Kumar,Male,23,Coimbatore,South,P022,Sunscreen SPF 50,Beauty,Skincare,1,?799.00,5%,?759.05,?360.00,?399.05,Credit Card,Delivered,Mobile App,1.0
ORD104031,06-Mar-2025,CUST0071,Nisha Saxena,Female,26,Chennai,South,P005,Power Bank 20000mAh,Electronics,Accessories,3,"?1,599.00",0%,"?4,797.00","?2,760.00","?2,037.00",Credit Card,Delivered,Mobile App,5.0
ORD103714,06-Mar-2025,CUST0161,Diya Mishra,Male,37,Ahmedabad,West,P005,Power Bank 20000mAh,Electronics,Accessories,2,"?1,599.00",15%,"?2,718.30","?1,840.00",?878.30,UPI,Delivered,Mobile App,5.0
ORD102648,07-Mar-2025,CUST0710,Kabir Gupta,Female,34,Mumbai,West,P028,Data Analytics Book,Books,Technology,1,"?1,099.00",15%,?934.15,?520.00,?414.15,Debit Card,Delivered,Mobile App,2.0
ORD104638,07-Mar-2025,CUST1026,Manish Agarwal,Male,27,Ranchi,East,P027,Business Strategy Book,Books,Business,2,?699.00,5%,"?1,328.10",?600.00,?728.10,Net Banking,Delivered,Mobile App,4.0
ORD104493,07-Mar-2025,CUST1369,Meera Singh,Male,39,Jaipur,North,P017,Dumbbell Set,Sports & Fitness,Fitness,1,"?2,499.00",10%,"?2,249.10","?1,450.00",?799.10,Net Banking,Delivered,Mobile App,3.0
ORD102174,07-Mar-2025,CUST1527,Aditi Saxena,Male,33,Patna,East,P006,Laptop Backpack,Fashion,Bags,4,"?1,799.00",10%,"?6,476.40","?3,800.00","?2,676.40",Credit Card,Delivered,Website,5.0
ORD101451,07-Mar-2025,CUST0414,Pooja Kapoor,Male,38,Chandigarh,North,P029,Programming Book,Books,Technology,1,"?1,299.00",10%,"?1,169.10",?610.00,?559.10,Wallet,Delivered,Mobile App,5.0
ORD102259,07-Mar-2025,CUST1554,Yash Agarwal,Male,24,Hyderabad,South,P003,Smart Watch,Electronics,Wearables,3,"?3,299.00",30%,"?6,927.90","?6,300.00",?627.90,Debit Card,Delivered,Website,5.0
ORD102002,07-Mar-2025,CUST0791,Aditi Saxena,Male,34,Ahmedabad,West,P022,Sunscreen SPF 50,Beauty,Skincare,2,?799.00,10%,"?1,438.20",?720.00,?718.20,UPI,Delivered,Website,4.0
ORD102151,07-Mar-2025,CUST0555,Kiara Chopra,Female,43,Dehradun,North,P004,USB-C Charger,Electronics,Accessories,1,?899.00,0%,?899.00,?480.00,?419.00,UPI,Returned,Mobile App,3.0
ORD101685,08-Mar-2025,CUST1867,Kiara Chopra,Female,41,Delhi,North,P024,Perfume,Beauty,Fragrance,3,"?1,799.00",15%,"?4,587.45","?2,700.00","?1,887.45",Wallet,Cancelled,Mobile App,
ORD104779,08-Mar-2025,CUST0758,Simran Gupta,Female,22,Bokaro,East,P011,Coffee Maker,Home & Kitchen,Kitchen,1,"?3,499.00",20%,"?2,799.20","?2,250.00",?549.20,Debit Card,Delivered,Website,5.0
ORD104573,08-Mar-2025,CUST1947,Vansh Chopra,Male,33,Guwahati,East,P021,Face Wash,Beauty,Skincare,3,?499.00,15%,"?1,272.45",?660.00,?612.45,UPI,Delivered,Mobile App,5.0
ORD100682,08-Mar-2025,CUST0968,Sanya Malhotra,Male,41,Amritsar,North,P022,Sunscreen SPF 50,Beauty,Skincare,1,?799.00,20%,?639.20,?360.00,?279.20,Debit Card,Delivered,Website,5.0
ORD101754,08-Mar-2025,CUST1843,Anjali Verma,Female,26,Kolkata,East,P018,Cricket Bat,Sports & Fitness,Sports,1,"?2,199.00",10%,"?1,979.10","?1,250.00",?729.10,Cash on Delivery,Delivered,Mobile App,5.0
ORD103579,09-Mar-2025,CUST1473,Diya Mishra,Female,24,Mysuru,South,P001,Wireless Headphones,Electronics,Audio,2,"?2,499.00",5%,"?4,748.10","?3,100.00","?1,648.10",UPI,Delivered,Website,5.0
ORD102319,09-Mar-2025,CUST1835,Kiara Chopra,Female,30,Lucknow,North,P008,Cotton T-Shirt,Fashion,Clothing,2,?799.00,10%,"?1,438.20",?780.00,?658.20,Wallet,Delivered,Website,4.0
ORD104626,09-Mar-2025,CUST1696,Aarav Sharma,Female,30,Coimbatore,South,P030,Self Help Book,Books,Self Development,1,?599.00,5%,?569.05,?260.00,?309.05,UPI,Delivered,Mobile App,5.0
ORD102857,09-Mar-2025,CUST1793,Diya Mishra,Female,23,Mysuru,South,P020,Resistance Bands,Sports & Fitness,Fitness,4,?699.00,5%,"?2,656.20","?1,280.00","?1,376.20",UPI,Delivered,Website,4.0
ORD102165,09-Mar-2025,CUST0930,Manish Agarwal,Female,20,Bokaro,East,P011,Coffee Maker,Home & Kitchen,Kitchen,3,"?3,499.00",30%,"?7,347.90","?6,750.00",?597.90,Net Banking,Delivered,Mobile App,4.0
ORD103220,09-Mar-2025,CUST1065,Zoya Singh,Male,28,Bengaluru,South,P006,Laptop Backpack,Fashion,Bags,4,"?1,799.00",10%,"?6,476.40","?3,800.00","?2,676.40",Credit Card,Delivered,Website,4.0
ORD102528,09-Mar-2025,CUST0843,Kiara Chopra,Female,33,Amritsar,North,P011,Coffee Maker,Home & Kitchen,Kitchen,2,"?3,499.00",10%,"?6,298.20","?4,500.00","?1,798.20",Credit Card,Delivered,Website,4.0
ORD101012,10-Mar-2025,CUST0596,Karan Jain,Male,25,Chandigarh,North,P002,Bluetooth Speaker,Electronics,Audio,2,"?1,899.00",15%,"?3,228.30","?2,240.00",?988.30,UPI,Delivered,Mobile App,5.0
ORD100415,10-Mar-2025,CUST0012,Rahul Kumar,Female,32,Mumbai,West,P028,Data Analytics Book,Books,Technology,2,"?1,099.00",15%,"?1,868.30","?1,040.00",?828.30,Credit Card,Delivered,Mobile App,5.0
ORD103136,10-Mar-2025,CUST1702,Kabir Gupta,Male,18,Hyderabad,South,P021,Face Wash,Beauty,Skincare,1,?499.00,15%,?424.15,?220.00,?204.15,Credit Card,Delivered,Mobile App,5.0
ORD101541,10-Mar-2025,CUST1787,Vansh Chopra,Female,20,Chandigarh,North,P021,Face Wash,Beauty,Skincare,1,?499.00,10%,?449.10,?220.00,?229.10,UPI,Delivered,Website,3.0
ORD104770,10-Mar-2025,CUST0055,Aditi Saxena,Male,37,Hyderabad,South,P008,Cotton T-Shirt,Fashion,Clothing,5,?799.00,5%,"?3,795.25","?1,950.00","?1,845.25",UPI,Delivered,Website,3.0
ORD104103,10-Mar-2025,CUST1185,Diya Mishra,Male,33,Bokaro,East,P028,Data Analytics Book,Books,Technology,3,"?1,099.00",5%,"?3,132.15","?1,560.00","?1,572.15",UPI,Delivered,Website,5.0
ORD100337,10-Mar-2025,CUST1704,Sanya Malhotra,Female,24,Jaipur,North,P017,Dumbbell Set,Sports & Fitness,Fitness,1,"?2,499.00",5%,"?2,374.05","?1,450.00",?924.05,Credit Card,Delivered,Website,4.0
ORD100603,10-Mar-2025,CUST1025,Diya Mishra,Male,36,Patna,East,P022,Sunscreen SPF 50,Beauty,Skincare,4,?799.00,20%,"?2,556.80","?1,440.00","?1,116.80",UPI,Cancelled,Website,
ORD102529,10-Mar-2025,CUST0351,Shivam Mehta,Male,41,Guwahati,East,P025,Moisturizer,Beauty,Skincare,1,?699.00,15%,?594.15,?310.00,?284.15,Credit Card,Delivered,Mobile App,5.0
ORD104952,10-Mar-2025,CUST2137,Meera Singh,Male,41,Chandigarh,North,P001,Wireless Headphones,Electronics,Audio,5,"?2,499.00",5%,"?11,870.25","?7,750.00","?4,120.25",Credit Card,Delivered,Website,4.0
ORD103258,10-Mar-2025,CUST0373,Pranav Bansal,Female,35,Hyderabad,South,P001,Wireless Headphones,Electronics,Audio,1,"?2,499.00",0%,"?2,499.00","?1,550.00",?949.00,Debit Card,Returned,Mobile App,4.0
ORD100817,10-Mar-2025,CUST0245,Pranav Bansal,Female,43,Bhubaneswar,East,P022,Sunscreen SPF 50,Beauty,Skincare,1,?799.00,0%,?799.00,?360.00,?439.00,Credit Card,Delivered,Mobile App,3.0
ORD103314,10-Mar-2025,CUST0405,Pranav Bansal,Male,36,Pune,West,P030,Self Help Book,Books,Self Development,2,?599.00,10%,"?1,078.20",?520.00,?558.20,Credit Card,Delivered,Mobile App,5.0
ORD104749,11-Mar-2025,CUST0886,Simran Gupta,Male,47,Delhi,North,P021,Face Wash,Beauty,Skincare,1,?499.00,5%,?474.05,?220.00,?254.05,Debit Card,Delivered,Mobile App,3.0
ORD103531,11-Mar-2025,CUST2046,Pooja Kapoor,Female,30,Dehradun,North,P017,Dumbbell Set,Sports & Fitness,Fitness,1,"?2,499.00",0%,"?2,499.00","?1,450.00","?1,049.00",Debit Card,Delivered,Mobile App,3.0
ORD101677,11-Mar-2025,CUST1361,Sakshi Mishra,Male,28,Surat,West,P019,Badminton Racket,Sports & Fitness,Sports,1,"?1,499.00",20%,"?1,199.20",?800.00,?399.20,Credit Card,Delivered,Mobile App,5.0
ORD100458,11-Mar-2025,CUST1123,Riya Verma,Female,32,Nashik,West,P027,Business Strategy Book,Books,Business,1,?699.00,5%,?664.05,?300.00,?364.05,UPI,Delivered,Mobile App,5.0
ORD102016,11-Mar-2025,CUST1644,Rahul Kumar,Male,18,Hyderabad,South,P029,Programming Book,Books,Technology,1,"?1,299.00",15%,"?1,104.15",?610.00,?494.15,Credit Card,Delivered,Mobile App,1.0
ORD102113,11-Mar-2025,CUST1480,Sanya Malhotra,Female,31,Amritsar,North,P011,Coffee Maker,Home & Kitchen,Kitchen,2,"?3,499.00",10%,"?6,298.20","?4,500.00","?1,798.20",Credit Card,Delivered,Mobile App,3.0
ORD103940,11-Mar-2025,CUST1699,Riya Verma,Female,48,Ranchi,East,P023,Shampoo,Beauty,Haircare,1,?649.00,20%,?519.20,?290.00,?229.20,Credit Card,Delivered,Mobile App,5.0
ORD103666,12-Mar-2025,CUST0842,Arjun Rao,Female,30,Guwahati,East,P002,Bluetooth Speaker,Electronics,Audio,2,"?1,899.00",0%,"?3,798.00","?2,240.00","?1,558.00",UPI,Delivered,Website,4.0
ORD104999,12-Mar-2025,CUST1395,Anjali Verma,Male,32,Kochi,South,P012,Air Fryer,Home & Kitchen,Kitchen,1,"?5,999.00",10%,"?5,399.10","?3,900.00","?1,499.10",Net Banking,Delivered,Website,4.0
ORD104162,12-Mar-2025,CUST0938,Arjun Rao,Female,41,Mysuru,South,P030,Self Help Book,Books,Self Development,1,?599.00,5%,?569.05,?260.00,?309.05,UPI,Delivered,Website,5.0
ORD103397,12-Mar-2025,CUST0985,Meera Singh,Male,40,Guwahati,East,P029,Programming Book,Books,Technology,3,"?1,299.00",15%,"?3,312.45","?1,830.00","?1,482.45",Debit Card,Delivered,Mobile App,4.0
ORD104466,12-Mar-2025,CUST1331,Anjali Verma,Female,37,Coimbatore,South,P017,Dumbbell Set,Sports & Fitness,Fitness,1,"?2,499.00",30%,"?1,749.30","?1,450.00",?299.30,UPI,Delivered,Mobile App,5.0
ORD102192,13-Mar-2025,CUST0465,Sakshi Mishra,Male,38,Chandigarh,North,P009,Denim Jeans,Fashion,Clothing,2,"?1,999.00",5%,"?3,798.10","?2,100.00","?1,698.10",Cash on Delivery,Delivered,Mobile App,3.0
ORD103834,13-Mar-2025,CUST1221,Akash Bansal,Female,28,Mysuru,South,P009,Denim Jeans,Fashion,Clothing,4,"?1,999.00",5%,"?7,596.20","?4,200.00","?3,396.20",Net Banking,Delivered,Website,4.0
ORD101330,13-Mar-2025,CUST1032,Sanya Malhotra,Male,37,Kochi,South,P022,Sunscreen SPF 50,Beauty,Skincare,2,?799.00,25%,"?1,198.50",?720.00,?478.50,Credit Card,Delivered,Website,3.0
ORD103994,13-Mar-2025,CUST0304,Mohit Sharma,Male,27,Bhubaneswar,East,P020,Resistance Bands,Sports & Fitness,Fitness,2,?699.00,10%,"?1,258.20",?640.00,?618.20,UPI,Delivered,Website,5.0
ORD100566,13-Mar-2025,CUST1608,Sanya Malhotra,Male,34,Nagpur,West,P007,Running Shoes,Fashion,Footwear,1,"?2,899.00",5%,"?2,754.05","?1,700.00","?1,054.05",Credit Card,Delivered,Mobile App,5.0
ORD103756,13-Mar-2025,CUST1644,Rahul Kumar,Female,21,Bokaro,East,P023,Shampoo,Beauty,Haircare,1,?649.00,0%,?649.00,?290.00,?359.00,UPI,Delivered,Mobile App,4.0
ORD104342,13-Mar-2025,CUST1843,Anjali Verma,Female,22,Bhubaneswar,East,P004,USB-C Charger,Electronics,Accessories,2,?899.00,20%,"?1,438.40",?960.00,?478.40,Debit Card,Delivered,Website,3.0
ORD100005,13-Mar-2025,CUST1286,Kabir Gupta,Female,34,Dehradun,North,P005,Power Bank 20000mAh,Electronics,Accessories,1,"?1,599.00",10%,"?1,439.10",?920.00,?519.10,Debit Card,Cancelled,Website,
ORD103770,13-Mar-2025,CUST0369,Sakshi Mishra,Male,37,Bokaro,East,P007,Running Shoes,Fashion,Footwear,1,"?2,899.00",0%,"?2,899.00","?1,700.00","?1,199.00",Credit Card,Delivered,Website,4.0
ORD104148,13-Mar-2025,CUST0304,Mohit Sharma,Female,28,Surat,West,P002,Bluetooth Speaker,Electronics,Audio,2,"?1,899.00",10%,"?3,418.20","?2,240.00","?1,178.20",UPI,Delivered,Website,4.0
ORD103417,14-Mar-2025,CUST1213,Kavya Patel,Male,20,Delhi,North,P026,Novel Collection,Books,Fiction,2,?899.00,15%,"?1,528.30",?840.00,?688.30,UPI,Delivered,Website,5.0
ORD101366,14-Mar-2025,CUST1205,Pranav Bansal,Male,24,Jaipur,North,P028,Data Analytics Book,Books,Technology,2,"?1,099.00",15%,"?1,868.30","?1,040.00",?828.30,UPI,Delivered,Mobile App,4.0
ORD101757,14-Mar-2025,CUST0495,Isha Mehta,Female,28,Mumbai,West,P001,Wireless Headphones,Electronics,Audio,2,"?2,499.00",5%,"?4,748.10","?3,100.00","?1,648.10",Net Banking,Returned,Mobile App,5.0
ORD103242,14-Mar-2025,CUST0149,Pranav Bansal,Male,24,Lucknow,North,P015,Bedsheet Set,Home & Kitchen,Home Decor,1,"?1,599.00",25%,"?1,199.25",?850.00,?349.25,UPI,Returned,Website,4.0
ORD101026,14-Mar-2025,CUST1556,Karan Jain,Male,32,Nashik,West,P009,Denim Jeans,Fashion,Clothing,2,"?1,999.00",10%,"?3,598.20","?2,100.00","?1,498.20",Cash on Delivery,Delivered,Mobile App,4.0
ORD101675,14-Mar-2025,CUST0899,Riya Verma,Male,41,Pune,West,P016,Yoga Mat,Sports & Fitness,Fitness,1,?999.00,20%,?799.20,?520.00,?279.20,Debit Card,Delivered,Mobile App,4.0
ORD102462,14-Mar-2025,CUST2098,Yash Agarwal,Male,31,Mysuru,South,P003,Smart Watch,Electronics,Wearables,3,"?3,299.00",30%,"?6,927.90","?6,300.00",?627.90,UPI,Delivered,Mobile App,4.0
ORD103279,14-Mar-2025,CUST0387,Riya Verma,Female,38,Nashik,West,P003,Smart Watch,Electronics,Wearables,5,"?3,299.00",20%,"?13,196.00","?10,500.00","?2,696.00",Credit Card,Returned,Website,4.0
ORD103072,14-Mar-2025,CUST1510,Kabir Gupta,Female,44,Bhubaneswar,East,P024,Perfume,Beauty,Fragrance,2,"?1,799.00",10%,"?3,238.20","?1,800.00","?1,438.20",Cash on Delivery,Delivered,Website,5.0
ORD103226,14-Mar-2025,CUST1520,Mohit Sharma,Female,38,Ahmedabad,West,P006,Laptop Backpack,Fashion,Bags,3,"?1,799.00",10%,"?4,857.30","?2,850.00","?2,007.30",Cash on Delivery,Delivered,Mobile App,5.0
ORD103648,14-Mar-2025,CUST0727,Aditi Saxena,Male,36,Chandigarh,North,P028,Data Analytics Book,Books,Technology,1,"?1,099.00",10%,?989.10,?520.00,?469.10,Debit Card,Cancelled,Website,
ORD104794,14-Mar-2025,CUST1702,Kabir Gupta,Male,48,Ahmedabad,West,P006,Laptop Backpack,Fashion,Bags,5,"?1,799.00",0%,"?8,995.00","?4,750.00","?4,245.00",Credit Card,Delivered,Website,5.0
ORD103198,14-Mar-2025,CUST2101,Pranav Bansal,Male,36,Jaipur,North,P012,Air Fryer,Home & Kitchen,Kitchen,1,"?5,999.00",10%,"?5,399.10","?3,900.00","?1,499.10",UPI,Delivered,Mobile App,5.0
ORD102303,14-Mar-2025,CUST2084,Varun Jain,Male,28,Amritsar,North,P018,Cricket Bat,Sports & Fitness,Sports,2,"?2,199.00",15%,"?3,738.30","?2,500.00","?1,238.30",Wallet,Delivered,Mobile App,5.0
ORD104274,14-Mar-2025,CUST0940,Rahul Kumar,Male,36,Mysuru,South,P003,Smart Watch,Electronics,Wearables,1,"?3,299.00",25%,"?2,474.25","?2,100.00",?374.25,Cash on Delivery,Delivered,Website,4.0
ORD104364,14-Mar-2025,CUST1281,Diya Mishra,Male,38,Ahmedabad,West,P008,Cotton T-Shirt,Fashion,Clothing,1,?799.00,5%,?759.05,?390.00,?369.05,Net Banking,Delivered,Website,4.0
ORD100634,14-Mar-2025,CUST0322,Manish Agarwal,Female,36,Ranchi,East,P028,Data Analytics Book,Books,Technology,1,"?1,099.00",25%,?824.25,?520.00,?304.25,Credit Card,Cancelled,Mobile App,
ORD103902,14-Mar-2025,CUST0614,Kabir Gupta,Male,42,Coimbatore,South,P005,Power Bank 20000mAh,Electronics,Accessories,1,"?1,599.00",10%,"?1,439.10",?920.00,?519.10,Credit Card,Delivered,Mobile App,5.0
ORD103584,15-Mar-2025,CUST2000,Mohit Sharma,Female,28,Ranchi,East,P011,Coffee Maker,Home & Kitchen,Kitchen,1,"?3,499.00",0%,"?3,499.00","?2,250.00","?1,249.00",Credit Card,Delivered,Mobile App,5.0
ORD102681,15-Mar-2025,CUST1396,Karan Jain,Female,23,Dehradun,North,P030,Self Help Book,Books,Self Development,1,?599.00,20%,?479.20,?260.00,?219.20,UPI,Delivered,Mobile App,2.0
ORD104792,15-Mar-2025,CUST2031,Isha Mehta,Male,28,Surat,West,P022,Sunscreen SPF 50,Beauty,Skincare,2,?799.00,15%,"?1,358.30",?720.00,?638.30,Debit Card,Delivered,Website,3.0
ORD102929,15-Mar-2025,CUST1666,Manish Agarwal,Male,34,Bokaro,East,P025,Moisturizer,Beauty,Skincare,3,?699.00,10%,"?1,887.30",?930.00,?957.30,UPI,Delivered,Mobile App,4.0
ORD102087,15-Mar-2025,CUST0121,Meera Singh,Male,18,Lucknow,North,P011,Coffee Maker,Home & Kitchen,Kitchen,2,"?3,499.00",5%,"?6,648.10","?4,500.00","?2,148.10",Credit Card,Delivered,Mobile App,5.0
ORD100434,15-Mar-2025,CUST1780,Karan Jain,Female,29,Kolkata,East,P003,Smart Watch,Electronics,Wearables,1,"?3,299.00",10%,"?2,969.10","?2,100.00",?869.10,Debit Card,Delivered,Website,5.0
ORD102253,16-Mar-2025,CUST0909,Tanvi Patel,Male,35,Pune,West,P015,Bedsheet Set,Home & Kitchen,Home Decor,1,"?1,599.00",5%,"?1,519.05",?850.00,?669.05,Credit Card,Delivered,Mobile App,5.0
ORD104718,16-Mar-2025,CUST2114,Manish Agarwal,Male,43,Dehradun,North,P016,Yoga Mat,Sports & Fitness,Fitness,1,?999.00,15%,?849.15,?520.00,?329.15,UPI,Delivered,Mobile App,4.0
ORD101284,16-Mar-2025,CUST0391,Nisha Saxena,Female,29,Bengaluru,South,P027,Business Strategy Book,Books,Business,4,?699.00,15%,"?2,376.60","?1,200.00","?1,176.60",Net Banking,Delivered,Website,3.0
ORD104856,16-Mar-2025,CUST0915,Anjali Verma,Male,43,Patna,East,P009,Denim Jeans,Fashion,Clothing,2,"?1,999.00",10%,"?3,598.20","?2,100.00","?1,498.20",Net Banking,Delivered,Mobile App,5.0
ORD102639,16-Mar-2025,CUST1562,Rohan Rao,Male,29,Kolkata,East,P007,Running Shoes,Fashion,Footwear,1,"?2,899.00",10%,"?2,609.10","?1,700.00",?909.10,Debit Card,Delivered,Website,3.0
ORD100383,16-Mar-2025,CUST0207,Isha Mehta,Male,23,Hyderabad,South,P005,Power Bank 20000mAh,Electronics,Accessories,2,"?1,599.00",10%,"?2,878.20","?1,840.00","?1,038.20",Wallet,Delivered,Mobile App,5.0
ORD102474,16-Mar-2025,CUST1370,Rohan Rao,Female,28,Kochi,South,P015,Bedsheet Set,Home & Kitchen,Home Decor,2,"?1,599.00",0%,"?3,198.00","?1,700.00","?1,498.00",UPI,Delivered,Mobile App,5.0
ORD103599,16-Mar-2025,CUST1497,Meera Singh,Male,31,Hyderabad,South,P010,Casual Hoodie,Fashion,Clothing,3,"?1,499.00",5%,"?4,272.15","?2,340.00","?1,932.15",UPI,Delivered,Mobile App,5.0
ORD102075,16-Mar-2025,CUST0348,Ananya Kumar,Female,29,Nagpur,West,P004,USB-C Charger,Electronics,Accessories,1,?899.00,15%,?764.15,?480.00,?284.15,UPI,Cancelled,Mobile App,
ORD100857,16-Mar-2025,CUST1938,Yash Agarwal,Female,37,Surat,West,P012,Air Fryer,Home & Kitchen,Kitchen,1,"?5,999.00",5%,"?5,699.05","?3,900.00","?1,799.05",Cash on Delivery,Delivered,Mobile App,4.0
ORD100716,16-Mar-2025,CUST1139,Anjali Verma,Male,38,Dehradun,North,P013,Non-Stick Cookware Set,Home & Kitchen,Cookware,1,"?4,299.00",20%,"?3,439.20","?2,700.00",?739.20,Cash on Delivery,Delivered,Website,5.0
ORD100580,16-Mar-2025,CUST1946,Rohan Rao,Male,30,Pune,West,P022,Sunscreen SPF 50,Beauty,Skincare,1,?799.00,30%,?559.30,?360.00,?199.30,Credit Card,Delivered,Website,4.0
ORD102701,16-Mar-2025,CUST1474,Manish Agarwal,Male,48,Delhi,North,P011,Coffee Maker,Home & Kitchen,Kitchen,1,"?3,499.00",10%,"?3,149.10","?2,250.00",?899.10,Cash on Delivery,Delivered,Mobile App,4.0
ORD100978,16-Mar-2025,CUST0691,Anjali Verma,Female,32,Chennai,South,P028,Data Analytics Book,Books,Technology,4,"?1,099.00",25%,"?3,297.00","?2,080.00","?1,217.00",Debit Card,Delivered,Mobile App,3.0
ORD104412,16-Mar-2025,CUST0758,Simran Gupta,Male,28,Hyderabad,South,P024,Perfume,Beauty,Fragrance,2,"?1,799.00",20%,"?2,878.40","?1,800.00","?1,078.40",UPI,Delivered,Mobile App,4.0
ORD102503,16-Mar-2025,CUST0099,Riya Verma,Male,26,Mumbai,West,P001,Wireless Headphones,Electronics,Audio,1,"?2,499.00",0%,"?2,499.00","?1,550.00",?949.00,Net Banking,Delivered,Mobile App,4.0
ORD103776,17-Mar-2025,CUST0178,Yash Agarwal,Female,18,Chennai,South,P011,Coffee Maker,Home & Kitchen,Kitchen,1,"?3,499.00",10%,"?3,149.10","?2,250.00",?899.10,Credit Card,Delivered,Website,4.0
ORD103344,17-Mar-2025,CUST0168,Sanya Malhotra,Male,32,Bokaro,East,P006,Laptop Backpack,Fashion,Bags,1,"?1,799.00",15%,"?1,529.15",?950.00,?579.15,UPI,Returned,Mobile App,4.0
ORD101562,17-Mar-2025,CUST1452,Rahul Kumar,Female,32,Chandigarh,North,P026,Novel Collection,Books,Fiction,2,?899.00,10%,"?1,618.20",?840.00,?778.20,Credit Card,Delivered,Mobile App,5.0
ORD100331,17-Mar-2025,CUST0179,Anjali Verma,Male,19,Guwahati,East,P025,Moisturizer,Beauty,Skincare,2,?699.00,15%,"?1,188.30",?620.00,?568.30,Credit Card,Delivered,Website,3.0
ORD104144,17-Mar-2025,CUST0661,Pranav Bansal,Male,38,Bhubaneswar,East,P010,Casual Hoodie,Fashion,Clothing,1,"?1,499.00",10%,"?1,349.10",?780.00,?569.10,Cash on Delivery,Delivered,Mobile App,4.0
ORD102051,17-Mar-2025,CUST0724,Karan Jain,Male,27,Kochi,South,P023,Shampoo,Beauty,Haircare,2,?649.00,5%,"?1,233.10",?580.00,?653.10,UPI,Returned,Website,3.0
ORD104160,17-Mar-2025,CUST0990,Pooja Kapoor,Male,18,Jaipur,North,P003,Smart Watch,Electronics,Wearables,3,"?3,299.00",5%,"?9,402.15","?6,300.00","?3,102.15",Cash on Delivery,Delivered,Website,4.0
ORD100408,17-Mar-2025,CUST0155,Vansh Chopra,Female,23,Surat,West,P017,Dumbbell Set,Sports & Fitness,Fitness,2,"?2,499.00",15%,"?4,248.30","?2,900.00","?1,348.30",Credit Card,Delivered,Mobile App,4.0
ORD103080,17-Mar-2025,CUST1535,Shivam Mehta,Male,34,Guwahati,East,P014,Table Lamp,Home & Kitchen,Home Decor,1,"?1,299.00",5%,"?1,234.05",?690.00,?544.05,UPI,Delivered,Website,5.0
ORD102361,17-Mar-2025,CUST0107,Kiara Chopra,Male,33,Delhi,North,P003,Smart Watch,Electronics,Wearables,2,"?3,299.00",10%,"?5,938.20","?4,200.00","?1,738.20",UPI,Delivered,Mobile App,4.0
ORD104093,17-Mar-2025,CUST1837,Tanvi Patel,Male,28,Bhubaneswar,East,P009,Denim Jeans,Fashion,Clothing,3,"?1,999.00",20%,"?4,797.60","?3,150.00","?1,647.60",Debit Card,Delivered,Mobile App,4.0
ORD104656,17-Mar-2025,CUST0865,Diya Mishra,Female,38,Guwahati,East,P020,Resistance Bands,Sports & Fitness,Fitness,3,?699.00,15%,"?1,782.45",?960.00,?822.45,UPI,Delivered,Website,5.0
ORD103541,18-Mar-2025,CUST1179,Vansh Chopra,Male,30,Hyderabad,South,P028,Data Analytics Book,Books,Technology,1,"?1,099.00",0%,"?1,099.00",?520.00,?579.00,Debit Card,Delivered,Mobile App,4.0
ORD102522,18-Mar-2025,CUST1000,Sanya Malhotra,Female,26,Surat,West,P018,Cricket Bat,Sports & Fitness,Sports,5,"?2,199.00",15%,"?9,345.75","?6,250.00","?3,095.75",UPI,Delivered,Mobile App,4.0
ORD104379,18-Mar-2025,CUST1387,Kiara Chopra,Male,31,Pune,West,P001,Wireless Headphones,Electronics,Audio,3,"?2,499.00",5%,"?7,122.15","?4,650.00","?2,472.15",UPI,Delivered,Website,2.0
ORD101657,18-Mar-2025,CUST1393,Sakshi Mishra,Male,50,Kolkata,East,P012,Air Fryer,Home & Kitchen,Kitchen,1,"?5,999.00",5%,"?5,699.05","?3,900.00","?1,799.05",Credit Card,Delivered,Mobile App,5.0
ORD104859,19-Mar-2025,CUST2089,Zoya Singh,Male,25,Jaipur,North,P021,Face Wash,Beauty,Skincare,1,?499.00,10%,?449.10,?220.00,?229.10,UPI,Delivered,Mobile App,5.0
ORD104284,19-Mar-2025,CUST0885,Pranav Bansal,Female,21,Patna,East,P003,Smart Watch,Electronics,Wearables,4,"?3,299.00",10%,"?11,876.40","?8,400.00","?3,476.40",UPI,Delivered,Website,5.0
ORD102073,19-Mar-2025,CUST0471,Aditi Saxena,Female,18,Guwahati,East,P008,Cotton T-Shirt,Fashion,Clothing,1,?799.00,15%,?679.15,?390.00,?289.15,UPI,Delivered,Website,3.0
ORD103095,19-Mar-2025,CUST0371,Anjali Verma,Female,35,Surat,West,P026,Novel Collection,Books,Fiction,1,?899.00,0%,?899.00,?420.00,?479.00,Net Banking,Delivered,Website,5.0
ORD100654,19-Mar-2025,CUST0551,Nisha Saxena,Male,37,Delhi,North,P017,Dumbbell Set,Sports & Fitness,Fitness,1,"?2,499.00",0%,"?2,499.00","?1,450.00","?1,049.00",Net Banking,Delivered,Mobile App,4.0
ORD100556,19-Mar-2025,CUST0399,Isha Mehta,Male,30,Mysuru,South,P022,Sunscreen SPF 50,Beauty,Skincare,1,?799.00,5%,?759.05,?360.00,?399.05,UPI,Delivered,Mobile App,5.0
ORD100633,19-Mar-2025,CUST1335,Aditi Saxena,Male,29,Amritsar,North,P015,Bedsheet Set,Home & Kitchen,Home Decor,2,"?1,599.00",20%,"?2,558.40","?1,700.00",?858.40,Credit Card,Delivered,Mobile App,4.0
ORD100766,19-Mar-2025,CUST0261,Akash Bansal,Male,21,Hyderabad,South,P022,Sunscreen SPF 50,Beauty,Skincare,1,?799.00,10%,?719.10,?360.00,?359.10,Wallet,Delivered,Website,5.0
ORD100928,19-Mar-2025,CUST1278,Pooja Kapoor,Female,22,Mysuru,South,P016,Yoga Mat,Sports & Fitness,Fitness,3,?999.00,10%,"?2,697.30","?1,560.00","?1,137.30",Wallet,Delivered,Website,5.0
ORD104773,20-Mar-2025,CUST0642,Manish Agarwal,Male,39,Bhubaneswar,East,P004,USB-C Charger,Electronics,Accessories,1,?899.00,15%,?764.15,?480.00,?284.15,Debit Card,Delivered,Mobile App,5.0
ORD103212,20-Mar-2025,CUST1822,Pooja Kapoor,Male,33,Chandigarh,North,P011,Coffee Maker,Home & Kitchen,Kitchen,1,"?3,499.00",10%,"?3,149.10","?2,250.00",?899.10,UPI,Delivered,Mobile App,5.0
ORD102828,20-Mar-2025,CUST0851,Anjali Verma,Female,41,Bengaluru,South,P013,Non-Stick Cookware Set,Home & Kitchen,Cookware,4,"?4,299.00",0%,"?17,196.00","?10,800.00","?6,396.00",Credit Card,Delivered,Mobile App,5.0
ORD101780,20-Mar-2025,CUST0330,Arjun Rao,Female,38,Nagpur,West,P010,Casual Hoodie,Fashion,Clothing,1,"?1,499.00",5%,"?1,424.05",?780.00,?644.05,Credit Card,Cancelled,Mobile App,
ORD101873,20-Mar-2025,CUST1015,Aditi Saxena,Male,30,Bengaluru,South,P014,Table Lamp,Home & Kitchen,Home Decor,1,"?1,299.00",5%,"?1,234.05",?690.00,?544.05,UPI,Delivered,Mobile App,5.0
ORD104437,20-Mar-2025,CUST1412,Varun Jain,Male,43,Kolkata,East,P014,Table Lamp,Home & Kitchen,Home Decor,3,"?1,299.00",30%,"?2,727.90","?2,070.00",?657.90,Net Banking,Delivered,Mobile App,3.0
ORD101271,20-Mar-2025,CUST2168,Ishaan Malhotra,Male,48,Bengaluru,South,P009,Denim Jeans,Fashion,Clothing,5,"?1,999.00",0%,"?9,995.00","?5,250.00","?4,745.00",Net Banking,Delivered,Mobile App,5.0
ORD104996,20-Mar-2025,CUST0724,Karan Jain,Female,26,Guwahati,East,P008,Cotton T-Shirt,Fashion,Clothing,1,?799.00,15%,?679.15,?390.00,?289.15,Credit Card,Delivered,Website,5.0
ORD104907,20-Mar-2025,CUST1544,Sanya Malhotra,Female,49,Ahmedabad,West,P016,Yoga Mat,Sports & Fitness,Fitness,2,?999.00,15%,"?1,698.30","?1,040.00",?658.30,UPI,Cancelled,Mobile App,
ORD102169,20-Mar-2025,CUST0072,Sanya Malhotra,Male,18,Nashik,West,P019,Badminton Racket,Sports & Fitness,Sports,1,"?1,499.00",0%,"?1,499.00",?800.00,?699.00,Wallet,Delivered,Website,5.0
ORD104920,20-Mar-2025,CUST0969,Zoya Singh,Male,42,Kolkata,East,P020,Resistance Bands,Sports & Fitness,Fitness,1,?699.00,10%,?629.10,?320.00,?309.10,UPI,Delivered,Website,5.0
ORD101811,21-Mar-2025,CUST1759,Shivam Mehta,Male,33,Guwahati,East,P015,Bedsheet Set,Home & Kitchen,Home Decor,1,"?1,599.00",0%,"?1,599.00",?850.00,?749.00,Cash on Delivery,Returned,Mobile App,5.0
ORD100489,21-Mar-2025,CUST1944,Ishaan Malhotra,Male,30,Mumbai,West,P026,Novel Collection,Books,Fiction,1,?899.00,30%,?629.30,?420.00,?209.30,Debit Card,Delivered,Mobile App,4.0
ORD100053,22-Mar-2025,CUST1204,Karan Jain,Female,45,Guwahati,East,P021,Face Wash,Beauty,Skincare,3,?499.00,25%,"?1,122.75",?660.00,?462.75,UPI,Delivered,Mobile App,3.0
ORD100151,22-Mar-2025,CUST0401,Sakshi Mishra,Female,26,Guwahati,East,P001,Wireless Headphones,Electronics,Audio,1,"?2,499.00",0%,"?2,499.00","?1,550.00",?949.00,Debit Card,Delivered,Mobile App,4.0
ORD103056,22-Mar-2025,CUST1144,Ishaan Malhotra,Female,28,Patna,East,P030,Self Help Book,Books,Self Development,1,?599.00,25%,?449.25,?260.00,?189.25,Cash on Delivery,Delivered,Mobile App,4.0
ORD102442,22-Mar-2025,CUST1047,Aditi Saxena,Female,36,Patna,East,P013,Non-Stick Cookware Set,Home & Kitchen,Cookware,1,"?4,299.00",15%,"?3,654.15","?2,700.00",?954.15,UPI,Delivered,Mobile App,5.0
ORD100596,22-Mar-2025,CUST1037,Tanvi Patel,Male,33,Bokaro,East,P008,Cotton T-Shirt,Fashion,Clothing,1,?799.00,15%,?679.15,?390.00,?289.15,Credit Card,Delivered,Website,3.0
ORD101052,22-Mar-2025,CUST0081,Sakshi Mishra,Female,29,Bhubaneswar,East,P003,Smart Watch,Electronics,Wearables,1,"?3,299.00",5%,"?3,134.05","?2,100.00","?1,034.05",Debit Card,Delivered,Mobile App,5.0
ORD102955,23-Mar-2025,CUST0680,Sanya Malhotra,Male,30,Nashik,West,P022,Sunscreen SPF 50,Beauty,Skincare,1,?799.00,15%,?679.15,?360.00,?319.15,Net Banking,Delivered,Website,5.0
ORD103170,23-Mar-2025,CUST1337,Meera Singh,Female,28,Kolkata,East,P009,Denim Jeans,Fashion,Clothing,1,"?1,999.00",5%,"?1,899.05","?1,050.00",?849.05,Credit Card,Delivered,Mobile App,2.0
ORD102126,23-Mar-2025,CUST1911,Aditi Saxena,Male,30,Coimbatore,South,P025,Moisturizer,Beauty,Skincare,2,?699.00,15%,"?1,188.30",?620.00,?568.30,Credit Card,Delivered,Mobile App,3.0
ORD103734,23-Mar-2025,CUST0421,Akash Bansal,Female,32,Chennai,South,P005,Power Bank 20000mAh,Electronics,Accessories,3,"?1,599.00",15%,"?4,077.45","?2,760.00","?1,317.45",Cash on Delivery,Delivered,Website,4.0
ORD102587,23-Mar-2025,CUST0191,Shivam Mehta,Male,26,Pune,West,P001,Wireless Headphones,Electronics,Audio,1,"?2,499.00",5%,"?2,374.05","?1,550.00",?824.05,Credit Card,Delivered,Website,5.0
ORD104925,23-Mar-2025,CUST1002,Arjun Rao,Female,28,Mysuru,South,P020,Resistance Bands,Sports & Fitness,Fitness,2,?699.00,15%,"?1,188.30",?640.00,?548.30,Debit Card,Delivered,Website,3.0
ORD103442,23-Mar-2025,CUST0253,Kavya Patel,Male,18,Nashik,West,P008,Cotton T-Shirt,Fashion,Clothing,2,?799.00,5%,"?1,518.10",?780.00,?738.10,Net Banking,Delivered,Mobile App,4.0
ORD101224,23-Mar-2025,CUST0950,Simran Gupta,Male,38,Dehradun,North,P005,Power Bank 20000mAh,Electronics,Accessories,1,"?1,599.00",15%,"?1,359.15",?920.00,?439.15,Credit Card,Cancelled,Mobile App,
ORD100944,23-Mar-2025,CUST0993,Diya Mishra,Male,42,Nashik,West,P003,Smart Watch,Electronics,Wearables,1,"?3,299.00",5%,"?3,134.05","?2,100.00","?1,034.05",Debit Card,Delivered,Website,5.0
ORD104973,23-Mar-2025,CUST1571,Riya Verma,Female,25,Nagpur,West,P012,Air Fryer,Home & Kitchen,Kitchen,2,"?5,999.00",25%,"?8,998.50","?7,800.00","?1,198.50",UPI,Delivered,Website,5.0
ORD102644,24-Mar-2025,CUST1605,Akash Bansal,Female,23,Kochi,South,P003,Smart Watch,Electronics,Wearables,3,"?3,299.00",5%,"?9,402.15","?6,300.00","?3,102.15",Net Banking,Delivered,Mobile App,3.0
ORD102296,24-Mar-2025,CUST2032,Mohit Sharma,Male,28,Bengaluru,South,P012,Air Fryer,Home & Kitchen,Kitchen,1,"?5,999.00",5%,"?5,699.05","?3,900.00","?1,799.05",UPI,Cancelled,Mobile App,
ORD100553,24-Mar-2025,CUST1516,Rahul Kumar,Female,20,Jaipur,North,P009,Denim Jeans,Fashion,Clothing,2,"?1,999.00",15%,"?3,398.30","?2,100.00","?1,298.30",Debit Card,Delivered,Mobile App,4.0
ORD103882,24-Mar-2025,CUST1788,Ananya Kumar,Male,38,Bengaluru,South,P026,Novel Collection,Books,Fiction,3,?899.00,20%,"?2,157.60","?1,260.00",?897.60,UPI,Delivered,Website,5.0
ORD102717,24-Mar-2025,CUST1993,Zoya Singh,Male,32,Coimbatore,South,P001,Wireless Headphones,Electronics,Audio,1,"?2,499.00",5%,"?2,374.05","?1,550.00",?824.05,Cash on Delivery,Delivered,Website,4.0
ORD101803,24-Mar-2025,CUST1509,Akash Bansal,Male,19,Kochi,South,P029,Programming Book,Books,Technology,3,"?1,299.00",10%,"?3,507.30","?1,830.00","?1,677.30",Debit Card,Cancelled,Website,
ORD104100,24-Mar-2025,CUST0257,Diya Mishra,Female,24,Delhi,North,P028,Data Analytics Book,Books,Technology,1,"?1,099.00",10%,?989.10,?520.00,?469.10,UPI,Delivered,Mobile App,5.0
ORD103224,24-Mar-2025,CUST1569,Diya Mishra,Male,40,Jaipur,North,P004,USB-C Charger,Electronics,Accessories,5,?899.00,5%,"?4,270.25","?2,400.00","?1,870.25",UPI,Cancelled,Mobile App,
ORD104332,24-Mar-2025,CUST1143,Aditi Saxena,Female,25,Jaipur,North,P018,Cricket Bat,Sports & Fitness,Sports,1,"?2,199.00",5%,"?2,089.05","?1,250.00",?839.05,Credit Card,Delivered,Website,5.0
ORD102422,25-Mar-2025,CUST0792,Ishaan Malhotra,Male,56,Nashik,West,P018,Cricket Bat,Sports & Fitness,Sports,1,"?2,199.00",10%,"?1,979.10","?1,250.00",?729.10,Credit Card,Delivered,Website,4.0
ORD101380,25-Mar-2025,CUST0025,Meera Singh,Female,29,Bhubaneswar,East,P006,Laptop Backpack,Fashion,Bags,1,"?1,799.00",15%,"?1,529.15",?950.00,?579.15,UPI,Delivered,Website,4.0
ORD101447,25-Mar-2025,CUST0813,Tanvi Patel,Female,44,Bokaro,East,P001,Wireless Headphones,Electronics,Audio,3,"?2,499.00",15%,"?6,372.45","?4,650.00","?1,722.45",Credit Card,Delivered,Website,5.0
ORD103672,25-Mar-2025,CUST0735,Shivam Mehta,Female,24,Pune,West,P009,Denim Jeans,Fashion,Clothing,1,"?1,999.00",15%,"?1,699.15","?1,050.00",?649.15,Credit Card,Delivered,Website,4.0
ORD102435,25-Mar-2025,CUST1521,Sakshi Mishra,Female,45,Ahmedabad,West,P006,Laptop Backpack,Fashion,Bags,1,"?1,799.00",25%,"?1,349.25",?950.00,?399.25,Cash on Delivery,Delivered,Mobile App,5.0
ORD100876,25-Mar-2025,CUST1978,Rohan Rao,Male,27,Guwahati,East,P001,Wireless Headphones,Electronics,Audio,1,"?2,499.00",0%,"?2,499.00","?1,550.00",?949.00,UPI,Delivered,Mobile App,4.0
ORD103149,25-Mar-2025,CUST1673,Zoya Singh,Female,18,Nagpur,West,P003,Smart Watch,Electronics,Wearables,3,"?3,299.00",10%,"?8,907.30","?6,300.00","?2,607.30",Cash on Delivery,Delivered,Website,4.0
ORD101294,25-Mar-2025,CUST0036,Varun Jain,Male,28,Chennai,South,P025,Moisturizer,Beauty,Skincare,1,?699.00,15%,?594.15,?310.00,?284.15,Cash on Delivery,Delivered,Website,4.0
ORD101373,25-Mar-2025,CUST1589,Pranav Bansal,Male,33,Kochi,South,P023,Shampoo,Beauty,Haircare,1,?649.00,10%,?584.10,?290.00,?294.10,Debit Card,Delivered,Website,5.0
ORD101286,25-Mar-2025,CUST0846,Aditya Kapoor,Female,45,Kochi,South,P025,Moisturizer,Beauty,Skincare,1,?699.00,5%,?664.05,?310.00,?354.05,Debit Card,Delivered,Mobile App,4.0
ORD101720,25-Mar-2025,CUST0497,Sakshi Mishra,Male,24,Mumbai,West,P001,Wireless Headphones,Electronics,Audio,4,"?2,499.00",5%,"?9,496.20","?6,200.00","?3,296.20",Cash on Delivery,Delivered,Mobile App,5.0
ORD101623,25-Mar-2025,CUST0684,Rahul Kumar,Female,32,Dehradun,North,P003,Smart Watch,Electronics,Wearables,3,"?3,299.00",20%,"?7,917.60","?6,300.00","?1,617.60",UPI,Delivered,Website,5.0
ORD102981,25-Mar-2025,CUST0192,Aarav Sharma,Female,25,Bhubaneswar,East,P019,Badminton Racket,Sports & Fitness,Sports,4,"?1,499.00",10%,"?5,396.40","?3,200.00","?2,196.40",Debit Card,Delivered,Mobile App,5.0
ORD101572,26-Mar-2025,CUST1381,Akash Bansal,Female,26,Amritsar,North,P012,Air Fryer,Home & Kitchen,Kitchen,1,"?5,999.00",10%,"?5,399.10","?3,900.00","?1,499.10",UPI,Delivered,Mobile App,4.0
ORD104545,26-Mar-2025,CUST1784,Ishaan Malhotra,Male,42,Jaipur,North,P001,Wireless Headphones,Electronics,Audio,2,"?2,499.00",10%,"?4,498.20","?3,100.00","?1,398.20",Debit Card,Delivered,Mobile App,5.0
ORD100555,26-Mar-2025,CUST0320,Aarav Sharma,Female,26,Pune,West,P014,Table Lamp,Home & Kitchen,Home Decor,3,"?1,299.00",10%,"?3,507.30","?2,070.00","?1,437.30",Debit Card,Delivered,Website,5.0
ORD103014,26-Mar-2025,CUST1586,Yash Agarwal,Male,34,Mumbai,West,P015,Bedsheet Set,Home & Kitchen,Home Decor,1,"?1,599.00",5%,"?1,519.05",?850.00,?669.05,Net Banking,Delivered,Website,2.0
ORD104679,26-Mar-2025,CUST0754,Yash Agarwal,Male,39,Ahmedabad,West,P014,Table Lamp,Home & Kitchen,Home Decor,2,"?1,299.00",10%,"?2,338.20","?1,380.00",?958.20,UPI,Delivered,Mobile App,2.0
ORD104678,26-Mar-2025,CUST0577,Diya Mishra,Male,25,Mumbai,West,P012,Air Fryer,Home & Kitchen,Kitchen,1,"?5,999.00",20%,"?4,799.20","?3,900.00",?899.20,Wallet,Delivered,Mobile App,4.0
ORD100940,26-Mar-2025,CUST1203,Anjali Verma,Male,28,Lucknow,North,P016,Yoga Mat,Sports & Fitness,Fitness,2,?999.00,25%,"?1,498.50","?1,040.00",?458.50,UPI,Delivered,Website,4.0
ORD101349,27-Mar-2025,CUST1883,Vansh Chopra,Female,35,Chennai,South,P029,Programming Book,Books,Technology,3,"?1,299.00",15%,"?3,312.45","?1,830.00","?1,482.45",Debit Card,Returned,Mobile App,2.0
ORD102155,27-Mar-2025,CUST0307,Anjali Verma,Female,18,Bokaro,East,P022,Sunscreen SPF 50,Beauty,Skincare,1,?799.00,10%,?719.10,?360.00,?359.10,Net Banking,Delivered,Mobile App,4.0
ORD101523,27-Mar-2025,CUST1524,Karan Jain,Female,19,Coimbatore,South,P010,Casual Hoodie,Fashion,Clothing,1,"?1,499.00",10%,"?1,349.10",?780.00,?569.10,UPI,Delivered,Website,4.0
ORD100673,27-Mar-2025,CUST0704,Aarav Sharma,Female,18,Chandigarh,North,P024,Perfume,Beauty,Fragrance,1,"?1,799.00",20%,"?1,439.20",?900.00,?539.20,Credit Card,Delivered,Website,5.0
ORD103688,27-Mar-2025,CUST1607,Nisha Saxena,Female,26,Kolkata,East,P021,Face Wash,Beauty,Skincare,1,?499.00,10%,?449.10,?220.00,?229.10,Credit Card,Delivered,Website,2.0
ORD100120,27-Mar-2025,CUST2170,Rohan Rao,Female,27,Bengaluru,South,P008,Cotton T-Shirt,Fashion,Clothing,1,?799.00,0%,?799.00,?390.00,?409.00,Credit Card,Delivered,Mobile App,5.0
ORD101066,27-Mar-2025,CUST1526,Simran Gupta,Male,23,Lucknow,North,P022,Sunscreen SPF 50,Beauty,Skincare,2,?799.00,5%,"?1,518.10",?720.00,?798.10,Credit Card,Delivered,Website,5.0
ORD100334,27-Mar-2025,CUST1619,Anjali Verma,Male,36,Guwahati,East,P028,Data Analytics Book,Books,Technology,1,"?1,099.00",5%,"?1,044.05",?520.00,?524.05,UPI,Delivered,Website,5.0
ORD102925,27-Mar-2025,CUST0705,Diya Mishra,Female,25,Surat,West,P005,Power Bank 20000mAh,Electronics,Accessories,2,"?1,599.00",10%,"?2,878.20","?1,840.00","?1,038.20",Debit Card,Delivered,Mobile App,5.0
ORD104370,27-Mar-2025,CUST1144,Ishaan Malhotra,Male,18,Surat,West,P023,Shampoo,Beauty,Haircare,2,?649.00,10%,"?1,168.20",?580.00,?588.20,Credit Card,Delivered,Mobile App,3.0
ORD103342,28-Mar-2025,CUST1134,Aditya Kapoor,Male,30,Dehradun,North,P003,Smart Watch,Electronics,Wearables,3,"?3,299.00",5%,"?9,402.15","?6,300.00","?3,102.15",Debit Card,Delivered,Mobile App,4.0
ORD102519,28-Mar-2025,CUST1608,Sanya Malhotra,Female,41,Bhubaneswar,East,P010,Casual Hoodie,Fashion,Clothing,1,"?1,499.00",10%,"?1,349.10",?780.00,?569.10,Debit Card,Delivered,Website,3.0
ORD104447,28-Mar-2025,CUST1209,Meera Singh,Male,30,Amritsar,North,P020,Resistance Bands,Sports & Fitness,Fitness,1,?699.00,0%,?699.00,?320.00,?379.00,Net Banking,Delivered,Website,5.0
ORD104881,28-Mar-2025,CUST1949,Kavya Patel,Female,46,Bengaluru,South,P019,Badminton Racket,Sports & Fitness,Sports,2,"?1,499.00",5%,"?2,848.10","?1,600.00","?1,248.10",Wallet,Delivered,Website,3.0
ORD101390,28-Mar-2025,CUST2090,Arjun Rao,Female,27,Nashik,West,P023,Shampoo,Beauty,Haircare,3,?649.00,10%,"?1,752.30",?870.00,?882.30,UPI,Delivered,Mobile App,2.0
ORD100910,28-Mar-2025,CUST1597,Kavya Patel,Male,39,Pune,West,P018,Cricket Bat,Sports & Fitness,Sports,2,"?2,199.00",10%,"?3,958.20","?2,500.00","?1,458.20",Credit Card,Cancelled,Website,
ORD101883,28-Mar-2025,CUST2154,Arjun Rao,Female,38,Mumbai,West,P030,Self Help Book,Books,Self Development,4,?599.00,20%,"?1,916.80","?1,040.00",?876.80,Cash on Delivery,Delivered,Website,5.0
ORD102367,28-Mar-2025,CUST1522,Yash Agarwal,Male,42,Ahmedabad,West,P012,Air Fryer,Home & Kitchen,Kitchen,1,"?5,999.00",5%,"?5,699.05","?3,900.00","?1,799.05",UPI,Delivered,Website,4.0
ORD101878,28-Mar-2025,CUST0722,Yash Agarwal,Male,34,Lucknow,North,P002,Bluetooth Speaker,Electronics,Audio,1,"?1,899.00",10%,"?1,709.10","?1,120.00",?589.10,Wallet,Delivered,Website,2.0
ORD103924,28-Mar-2025,CUST2043,Vansh Chopra,Female,37,Nashik,West,P002,Bluetooth Speaker,Electronics,Audio,1,"?1,899.00",5%,"?1,804.05","?1,120.00",?684.05,Credit Card,Delivered,Mobile App,4.0
ORD104691,29-Mar-2025,CUST1843,Anjali Verma,Male,27,Bhubaneswar,East,P020,Resistance Bands,Sports & Fitness,Fitness,2,?699.00,15%,"?1,188.30",?640.00,?548.30,UPI,Delivered,Mobile App,5.0
ORD104226,29-Mar-2025,CUST2052,Varun Jain,Female,27,Bokaro,East,P019,Badminton Racket,Sports & Fitness,Sports,1,"?1,499.00",15%,"?1,274.15",?800.00,?474.15,UPI,Delivered,Mobile App,4.0
ORD103058,29-Mar-2025,CUST1761,Diya Mishra,Female,39,Hyderabad,South,P020,Resistance Bands,Sports & Fitness,Fitness,2,?699.00,15%,"?1,188.30",?640.00,?548.30,Credit Card,Delivered,Mobile App,3.0
ORD101344,29-Mar-2025,CUST1678,Aditya Kapoor,Male,34,Surat,West,P002,Bluetooth Speaker,Electronics,Audio,1,"?1,899.00",25%,"?1,424.25","?1,120.00",?304.25,Debit Card,Delivered,Mobile App,4.0
ORD102709,29-Mar-2025,CUST1756,Ananya Kumar,Male,27,Ahmedabad,West,P002,Bluetooth Speaker,Electronics,Audio,2,"?1,899.00",10%,"?3,418.20","?2,240.00","?1,178.20",Net Banking,Delivered,Mobile App,4.0
ORD100927,29-Mar-2025,CUST1330,Yash Agarwal,Male,35,Nashik,West,P029,Programming Book,Books,Technology,3,"?1,299.00",10%,"?3,507.30","?1,830.00","?1,677.30",UPI,Delivered,Website,4.0
ORD100012,29-Mar-2025,CUST0820,Karan Jain,Male,22,Mysuru,South,P022,Sunscreen SPF 50,Beauty,Skincare,3,?799.00,0%,"?2,397.00","?1,080.00","?1,317.00",Debit Card,Returned,Mobile App,3.0
ORD103645,29-Mar-2025,CUST0865,Diya Mishra,Male,43,Chandigarh,North,P015,Bedsheet Set,Home & Kitchen,Home Decor,2,"?1,599.00",10%,"?2,878.20","?1,700.00","?1,178.20",UPI,Delivered,Website,5.0
ORD101969,29-Mar-2025,CUST2189,Tanvi Patel,Male,28,Lucknow,North,P007,Running Shoes,Fashion,Footwear,3,"?2,899.00",15%,"?7,392.45","?5,100.00","?2,292.45",Credit Card,Delivered,Website,5.0
ORD103302,29-Mar-2025,CUST0021,Pranav Bansal,Female,39,Bhubaneswar,East,P001,Wireless Headphones,Electronics,Audio,1,"?2,499.00",20%,"?1,999.20","?1,550.00",?449.20,Credit Card,Delivered,Mobile App,3.0
ORD104803,30-Mar-2025,CUST0993,Diya Mishra,Male,33,Chennai,South,P021,Face Wash,Beauty,Skincare,5,?499.00,15%,"?2,120.75","?1,100.00","?1,020.75",UPI,Cancelled,Mobile App,
ORD101058,30-Mar-2025,CUST1635,Riya Verma,Male,29,Bengaluru,South,P008,Cotton T-Shirt,Fashion,Clothing,2,?799.00,15%,"?1,358.30",?780.00,?578.30,UPI,Delivered,Website,4.0
ORD103722,30-Mar-2025,CUST0303,Isha Mehta,Male,19,Kochi,South,P027,Business Strategy Book,Books,Business,4,?699.00,5%,"?2,656.20","?1,200.00","?1,456.20",UPI,Delivered,Mobile App,4.0
ORD102314,30-Mar-2025,CUST1877,Pranav Bansal,Male,19,Hyderabad,South,P022,Sunscreen SPF 50,Beauty,Skincare,2,?799.00,10%,"?1,438.20",?720.00,?718.20,UPI,Delivered,Mobile App,5.0
ORD101168,30-Mar-2025,CUST0206,Aditya Kapoor,Male,41,Hyderabad,South,P001,Wireless Headphones,Electronics,Audio,3,"?2,499.00",20%,"?5,997.60","?4,650.00","?1,347.60",Debit Card,Delivered,Website,5.0
ORD103109,30-Mar-2025,CUST0689,Sakshi Mishra,Female,45,Delhi,North,P004,USB-C Charger,Electronics,Accessories,1,?899.00,25%,?674.25,?480.00,?194.25,Credit Card,Delivered,Website,5.0
ORD100770,30-Mar-2025,CUST0224,Aarav Sharma,Male,29,Patna,East,P002,Bluetooth Speaker,Electronics,Audio,2,"?1,899.00",15%,"?3,228.30","?2,240.00",?988.30,Cash on Delivery,Delivered,Website,5.0
ORD101545,30-Mar-2025,CUST1543,Nisha Saxena,Male,42,Nashik,West,P011,Coffee Maker,Home & Kitchen,Kitchen,3,"?3,499.00",0%,"?10,497.00","?6,750.00","?3,747.00",Credit Card,Delivered,Mobile App,5.0
ORD102897,31-Mar-2025,CUST0312,Ishaan Malhotra,Female,37,Kochi,South,P012,Air Fryer,Home & Kitchen,Kitchen,2,"?5,999.00",10%,"?10,798.20","?7,800.00","?2,998.20",UPI,Delivered,Mobile App,4.0
ORD100377,31-Mar-2025,CUST2008,Ishaan Malhotra,Female,31,Lucknow,North,P023,Shampoo,Beauty,Haircare,1,?649.00,20%,?519.20,?290.00,?229.20,Credit Card,Delivered,Website,4.0
ORD104505,31-Mar-2025,CUST1897,Zoya Singh,Male,34,Delhi,North,P018,Cricket Bat,Sports & Fitness,Sports,2,"?2,199.00",5%,"?4,178.10","?2,500.00","?1,678.10",Credit Card,Delivered,Website,3.0
ORD100515,31-Mar-2025,CUST1577,Zoya Singh,Male,40,Hyderabad,South,P021,Face Wash,Beauty,Skincare,2,?499.00,15%,?848.30,?440.00,?408.30,Debit Card,Delivered,Mobile App,3.0
ORD101358,31-Mar-2025,CUST1161,Zoya Singh,Male,18,Ranchi,East,P018,Cricket Bat,Sports & Fitness,Sports,1,"?2,199.00",15%,"?1,869.15","?1,250.00",?619.15,Debit Card,Cancelled,Website,
ORD104498,31-Mar-2025,CUST1553,Sakshi Mishra,Female,42,Delhi,North,P007,Running Shoes,Fashion,Footwear,3,"?2,899.00",0%,"?8,697.00","?5,100.00","?3,597.00",Credit Card,Delivered,Mobile App,4.0
ORD101609,31-Mar-2025,CUST1544,Sanya Malhotra,Female,30,Surat,West,P020,Resistance Bands,Sports & Fitness,Fitness,5,?699.00,10%,"?3,145.50","?1,600.00","?1,545.50",UPI,Delivered,Website,3.0
ORD100735,31-Mar-2025,CUST0222,Pooja Kapoor,Male,32,Nagpur,West,P013,Non-Stick Cookware Set,Home & Kitchen,Cookware,1,"?4,299.00",20%,"?3,439.20","?2,700.00",?739.20,Wallet,Cancelled,Website,
ORD102842,31-Mar-2025,CUST1852,Ananya Kumar,Male,19,Dehradun,North,P028,Data Analytics Book,Books,Technology,5,"?1,099.00",10%,"?4,945.50","?2,600.00","?2,345.50",Debit Card,Delivered,Mobile App,5.0
ORD104703,31-Mar-2025,CUST2072,Ishaan Malhotra,Female,39,Nagpur,West,P007,Running Shoes,Fashion,Footwear,2,"?2,899.00",15%,"?4,928.30","?3,400.00","?1,528.30",UPI,Delivered,Website,4.0
ORD104158,31-Mar-2025,CUST1205,Pranav Bansal,Male,36,Chennai,South,P020,Resistance Bands,Sports & Fitness,Fitness,1,?699.00,0%,?699.00,?320.00,?379.00,Debit Card,Delivered,Mobile App,5.0
ORD103627,31-Mar-2025,CUST1285,Akash Bansal,Female,33,Patna,East,P015,Bedsheet Set,Home & Kitchen,Home Decor,1,"?1,599.00",10%,"?1,439.10",?850.00,?589.10,UPI,Delivered,Mobile App,4.0
ORD103550,01-Apr-2025,CUST0212,Karan Jain,Male,31,Lucknow,North,P002,Bluetooth Speaker,Electronics,Audio,3,"?1,899.00",25%,"?4,272.75","?3,360.00",?912.75,Net Banking,Delivered,Website,5.0
ORD100464,01-Apr-2025,CUST0646,Kabir Gupta,Female,36,Mumbai,West,P001,Wireless Headphones,Electronics,Audio,1,"?2,499.00",5%,"?2,374.05","?1,550.00",?824.05,Net Banking,Delivered,Mobile App,4.0
ORD102564,01-Apr-2025,CUST0804,Varun Jain,Male,34,Nashik,West,P020,Resistance Bands,Sports & Fitness,Fitness,1,?699.00,10%,?629.10,?320.00,?309.10,UPI,Delivered,Mobile App,4.0
ORD102954,01-Apr-2025,CUST0576,Aarav Sharma,Male,32,Mysuru,South,P006,Laptop Backpack,Fashion,Bags,4,"?1,799.00",30%,"?5,037.20","?3,800.00","?1,237.20",Debit Card,Delivered,Mobile App,2.0
ORD103945,01-Apr-2025,CUST0862,Pooja Kapoor,Female,21,Jaipur,North,P007,Running Shoes,Fashion,Footwear,1,"?2,899.00",10%,"?2,609.10","?1,700.00",?909.10,Cash on Delivery,Delivered,Website,5.0
ORD103292,02-Apr-2025,CUST1037,Tanvi Patel,Female,22,Bengaluru,South,P020,Resistance Bands,Sports & Fitness,Fitness,1,?699.00,20%,?559.20,?320.00,?239.20,Wallet,Delivered,Mobile App,5.0
ORD100293,02-Apr-2025,CUST0553,Zoya Singh,Female,35,Pune,West,P014,Table Lamp,Home & Kitchen,Home Decor,2,"?1,299.00",15%,"?2,208.30","?1,380.00",?828.30,Cash on Delivery,Delivered,Mobile App,3.0
ORD101784,02-Apr-2025,CUST1646,Aditya Kapoor,Female,37,Kochi,South,P021,Face Wash,Beauty,Skincare,2,?499.00,0%,?998.00,?440.00,?558.00,Cash on Delivery,Delivered,Website,4.0
ORD104617,02-Apr-2025,CUST0845,Tanvi Patel,Male,46,Chandigarh,North,P023,Shampoo,Beauty,Haircare,1,?649.00,25%,?486.75,?290.00,?196.75,Credit Card,Delivered,Mobile App,5.0
ORD100046,02-Apr-2025,CUST0429,Tanvi Patel,Male,18,Delhi,North,P003,Smart Watch,Electronics,Wearables,4,"?3,299.00",5%,"?12,536.20","?8,400.00","?4,136.20",UPI,Delivered,Mobile App,4.0
ORD101827,02-Apr-2025,CUST0634,Rohan Rao,Male,32,Nashik,West,P022,Sunscreen SPF 50,Beauty,Skincare,1,?799.00,25%,?599.25,?360.00,?239.25,Wallet,Delivered,Website,3.0
ORD101208,02-Apr-2025,CUST0522,Arjun Rao,Male,40,Guwahati,East,P014,Table Lamp,Home & Kitchen,Home Decor,2,"?1,299.00",5%,"?2,468.10","?1,380.00","?1,088.10",Debit Card,Delivered,Website,5.0
ORD103481,02-Apr-2025,CUST0850,Yash Agarwal,Male,28,Bokaro,East,P005,Power Bank 20000mAh,Electronics,Accessories,1,"?1,599.00",25%,"?1,199.25",?920.00,?279.25,UPI,Delivered,Mobile App,4.0
ORD101350,02-Apr-2025,CUST0185,Meera Singh,Male,43,Jaipur,North,P027,Business Strategy Book,Books,Business,3,?699.00,10%,"?1,887.30",?900.00,?987.30,UPI,Delivered,Mobile App,3.0
ORD101406,03-Apr-2025,CUST0067,Riya Verma,Male,32,Kochi,South,P021,Face Wash,Beauty,Skincare,2,?499.00,15%,?848.30,?440.00,?408.30,Debit Card,Delivered,Website,5.0
ORD104436,03-Apr-2025,CUST0383,Shivam Mehta,Male,45,Chandigarh,North,P025,Moisturizer,Beauty,Skincare,1,?699.00,5%,?664.05,?310.00,?354.05,Cash on Delivery,Delivered,Mobile App,4.0
ORD102924,03-Apr-2025,CUST1105,Sakshi Mishra,Male,27,Hyderabad,South,P002,Bluetooth Speaker,Electronics,Audio,1,"?1,899.00",15%,"?1,614.15","?1,120.00",?494.15,Net Banking,Delivered,Mobile App,5.0
ORD102377,03-Apr-2025,CUST0016,Mohit Sharma,Female,23,Ranchi,East,P025,Moisturizer,Beauty,Skincare,1,?699.00,10%,?629.10,?310.00,?319.10,UPI,Delivered,Website,5.0
ORD103388,03-Apr-2025,CUST1997,Tanvi Patel,Female,18,Coimbatore,South,P022,Sunscreen SPF 50,Beauty,Skincare,1,?799.00,0%,?799.00,?360.00,?439.00,Credit Card,Delivered,Mobile App,4.0
ORD104936,03-Apr-2025,CUST1220,Varun Jain,Male,37,Kolkata,East,P007,Running Shoes,Fashion,Footwear,2,"?2,899.00",5%,"?5,508.10","?3,400.00","?2,108.10",Net Banking,Delivered,Mobile App,4.0
ORD104067,03-Apr-2025,CUST0455,Nisha Saxena,Female,45,Delhi,North,P002,Bluetooth Speaker,Electronics,Audio,1,"?1,899.00",10%,"?1,709.10","?1,120.00",?589.10,Cash on Delivery,Returned,Website,5.0
ORD103418,03-Apr-2025,CUST0306,Yash Agarwal,Male,27,Mysuru,South,P020,Resistance Bands,Sports & Fitness,Fitness,3,?699.00,5%,"?1,992.15",?960.00,"?1,032.15",Credit Card,Returned,Website,5.0
ORD103679,03-Apr-2025,CUST0117,Pranav Bansal,Male,21,Surat,West,P019,Badminton Racket,Sports & Fitness,Sports,2,"?1,499.00",15%,"?2,548.30","?1,600.00",?948.30,Credit Card,Delivered,Mobile App,1.0
ORD102884,03-Apr-2025,CUST1168,Mohit Sharma,Female,26,Ranchi,East,P024,Perfume,Beauty,Fragrance,3,"?1,799.00",10%,"?4,857.30","?2,700.00","?2,157.30",Debit Card,Delivered,Mobile App,4.0
ORD100619,03-Apr-2025,CUST0187,Vansh Chopra,Female,27,Guwahati,East,P013,Non-Stick Cookware Set,Home & Kitchen,Cookware,2,"?4,299.00",5%,"?8,168.10","?5,400.00","?2,768.10",UPI,Delivered,Website,5.0
ORD103610,03-Apr-2025,CUST1239,Aditi Saxena,Female,18,Jaipur,North,P024,Perfume,Beauty,Fragrance,4,"?1,799.00",10%,"?6,476.40","?3,600.00","?2,876.40",Credit Card,Delivered,Website,5.0
ORD104935,04-Apr-2025,CUST0770,Manish Agarwal,Male,25,Hyderabad,South,P009,Denim Jeans,Fashion,Clothing,1,"?1,999.00",5%,"?1,899.05","?1,050.00",?849.05,Cash on Delivery,Cancelled,Website,
ORD103813,04-Apr-2025,CUST0509,Kavya Patel,Male,26,Lucknow,North,P017,Dumbbell Set,Sports & Fitness,Fitness,1,"?2,499.00",15%,"?2,124.15","?1,450.00",?674.15,UPI,Delivered,Website,4.0
ORD103628,04-Apr-2025,CUST0254,Pooja Kapoor,Female,32,Bokaro,East,P027,Business Strategy Book,Books,Business,4,?699.00,20%,"?2,236.80","?1,200.00","?1,036.80",Credit Card,Delivered,Website,5.0
ORD100339,04-Apr-2025,CUST1349,Akash Bansal,Female,22,Bhubaneswar,East,P003,Smart Watch,Electronics,Wearables,4,"?3,299.00",5%,"?12,536.20","?8,400.00","?4,136.20",Net Banking,Delivered,Mobile App,5.0
ORD104777,05-Apr-2025,CUST0802,Manish Agarwal,Female,27,Guwahati,East,P028,Data Analytics Book,Books,Technology,2,"?1,099.00",15%,"?1,868.30","?1,040.00",?828.30,UPI,Delivered,Mobile App,3.0
ORD104901,05-Apr-2025,CUST0657,Sakshi Mishra,Female,44,Surat,West,P010,Casual Hoodie,Fashion,Clothing,1,"?1,499.00",15%,"?1,274.15",?780.00,?494.15,UPI,Delivered,Website,4.0
ORD100612,05-Apr-2025,CUST0132,Varun Jain,Male,36,Kochi,South,P016,Yoga Mat,Sports & Fitness,Fitness,2,?999.00,20%,"?1,598.40","?1,040.00",?558.40,Net Banking,Delivered,Mobile App,2.0
ORD100565,05-Apr-2025,CUST0462,Aditya Kapoor,Female,40,Jaipur,North,P021,Face Wash,Beauty,Skincare,2,?499.00,5%,?948.10,?440.00,?508.10,UPI,Delivered,Mobile App,2.0
ORD100749,05-Apr-2025,CUST0704,Aarav Sharma,Female,51,Ranchi,East,P022,Sunscreen SPF 50,Beauty,Skincare,2,?799.00,0%,"?1,598.00",?720.00,?878.00,Debit Card,Delivered,Mobile App,3.0
ORD103110,05-Apr-2025,CUST1666,Manish Agarwal,Female,47,Chandigarh,North,P029,Programming Book,Books,Technology,1,"?1,299.00",15%,"?1,104.15",?610.00,?494.15,Credit Card,Delivered,Website,5.0
ORD101768,05-Apr-2025,CUST1554,Yash Agarwal,Male,22,Nashik,West,P009,Denim Jeans,Fashion,Clothing,1,"?1,999.00",10%,"?1,799.10","?1,050.00",?749.10,UPI,Delivered,Website,5.0
ORD100814,05-Apr-2025,CUST1869,Tanvi Patel,Male,46,Ahmedabad,West,P019,Badminton Racket,Sports & Fitness,Sports,4,"?1,499.00",15%,"?5,096.60","?3,200.00","?1,896.60",Cash on Delivery,Delivered,Website,5.0
ORD102705,06-Apr-2025,CUST1813,Pranav Bansal,Male,42,Delhi,North,P012,Air Fryer,Home & Kitchen,Kitchen,5,"?5,999.00",20%,"?23,996.00","?19,500.00","?4,496.00",Net Banking,Delivered,Website,2.0
ORD104304,06-Apr-2025,CUST0678,Kabir Gupta,Male,29,Mysuru,South,P025,Moisturizer,Beauty,Skincare,2,?699.00,25%,"?1,048.50",?620.00,?428.50,Debit Card,Delivered,Mobile App,5.0
ORD100392,06-Apr-2025,CUST0449,Diya Mishra,Female,22,Pune,West,P022,Sunscreen SPF 50,Beauty,Skincare,2,?799.00,5%,"?1,518.10",?720.00,?798.10,Credit Card,Delivered,Mobile App,5.0
ORD103061,06-Apr-2025,CUST0189,Kavya Patel,Female,29,Surat,West,P013,Non-Stick Cookware Set,Home & Kitchen,Cookware,3,"?4,299.00",0%,"?12,897.00","?8,100.00","?4,797.00",Debit Card,Delivered,Mobile App,5.0
ORD100926,06-Apr-2025,CUST0575,Shivam Mehta,Female,31,Kolkata,East,P017,Dumbbell Set,Sports & Fitness,Fitness,2,"?2,499.00",10%,"?4,498.20","?2,900.00","?1,598.20",Credit Card,Delivered,Mobile App,4.0
ORD100323,06-Apr-2025,CUST0734,Pooja Kapoor,Female,27,Nashik,West,P007,Running Shoes,Fashion,Footwear,3,"?2,899.00",15%,"?7,392.45","?5,100.00","?2,292.45",Credit Card,Delivered,Mobile App,5.0
ORD104252,06-Apr-2025,CUST1673,Zoya Singh,Female,26,Dehradun,North,P018,Cricket Bat,Sports & Fitness,Sports,1,"?2,199.00",10%,"?1,979.10","?1,250.00",?729.10,Credit Card,Delivered,Website,5.0
ORD103455,06-Apr-2025,CUST0217,Meera Singh,Male,38,Coimbatore,South,P030,Self Help Book,Books,Self Development,2,?599.00,5%,"?1,138.10",?520.00,?618.10,Wallet,Delivered,Mobile App,3.0
ORD100110,06-Apr-2025,CUST0235,Kiara Chopra,Female,32,Ahmedabad,West,P010,Casual Hoodie,Fashion,Clothing,3,"?1,499.00",5%,"?4,272.15","?2,340.00","?1,932.15",UPI,Cancelled,Mobile App,
ORD103700,06-Apr-2025,CUST0308,Karan Jain,Female,25,Chandigarh,North,P021,Face Wash,Beauty,Skincare,2,?499.00,15%,?848.30,?440.00,?408.30,Debit Card,Delivered,Mobile App,5.0
ORD104080,06-Apr-2025,CUST1421,Tanvi Patel,Male,19,Kochi,South,P020,Resistance Bands,Sports & Fitness,Fitness,2,?699.00,5%,"?1,328.10",?640.00,?688.10,UPI,Delivered,Website,2.0
ORD104967,07-Apr-2025,CUST1698,Manish Agarwal,Male,29,Coimbatore,South,P006,Laptop Backpack,Fashion,Bags,1,"?1,799.00",15%,"?1,529.15",?950.00,?579.15,Debit Card,Delivered,Mobile App,4.0
ORD101867,07-Apr-2025,CUST1870,Aditya Kapoor,Male,43,Ahmedabad,West,P002,Bluetooth Speaker,Electronics,Audio,1,"?1,899.00",10%,"?1,709.10","?1,120.00",?589.10,Debit Card,Delivered,Mobile App,5.0
ORD102177,07-Apr-2025,CUST2062,Aditya Kapoor,Male,27,Ranchi,East,P011,Coffee Maker,Home & Kitchen,Kitchen,2,"?3,499.00",0%,"?6,998.00","?4,500.00","?2,498.00",Cash on Delivery,Delivered,Mobile App,4.0
ORD103333,07-Apr-2025,CUST1812,Karan Jain,Female,22,Chennai,South,P006,Laptop Backpack,Fashion,Bags,1,"?1,799.00",20%,"?1,439.20",?950.00,?489.20,UPI,Delivered,Mobile App,5.0
ORD103134,07-Apr-2025,CUST0698,Rohan Rao,Female,30,Mysuru,South,P030,Self Help Book,Books,Self Development,1,?599.00,10%,?539.10,?260.00,?279.10,Credit Card,Delivered,Website,4.0
ORD100795,07-Apr-2025,CUST0007,Nisha Saxena,Male,36,Surat,West,P026,Novel Collection,Books,Fiction,2,?899.00,0%,"?1,798.00",?840.00,?958.00,Debit Card,Delivered,Website,5.0
ORD102152,08-Apr-2025,CUST0302,Aditya Kapoor,Male,27,Mysuru,South,P011,Coffee Maker,Home & Kitchen,Kitchen,3,"?3,499.00",20%,"?8,397.60","?6,750.00","?1,647.60",UPI,Delivered,Mobile App,4.0
ORD101084,08-Apr-2025,CUST0826,Rohan Rao,Male,31,Pune,West,P002,Bluetooth Speaker,Electronics,Audio,1,"?1,899.00",10%,"?1,709.10","?1,120.00",?589.10,UPI,Delivered,Mobile App,4.0
ORD103665,08-Apr-2025,CUST1821,Kavya Patel,Male,27,Lucknow,North,P002,Bluetooth Speaker,Electronics,Audio,1,"?1,899.00",5%,"?1,804.05","?1,120.00",?684.05,UPI,Delivered,Mobile App,4.0
ORD104924,08-Apr-2025,CUST1096,Sanya Malhotra,Male,24,Lucknow,North,P029,Programming Book,Books,Technology,1,"?1,299.00",5%,"?1,234.05",?610.00,?624.05,Cash on Delivery,Delivered,Mobile App,5.0
ORD103176,08-Apr-2025,CUST0843,Kiara Chopra,Female,18,Pune,West,P023,Shampoo,Beauty,Haircare,2,?649.00,10%,"?1,168.20",?580.00,?588.20,Net Banking,Delivered,Website,5.0
ORD104535,08-Apr-2025,CUST1302,Simran Gupta,Male,43,Guwahati,East,P001,Wireless Headphones,Electronics,Audio,4,"?2,499.00",15%,"?8,496.60","?6,200.00","?2,296.60",UPI,Delivered,Mobile App,4.0
ORD101009,08-Apr-2025,CUST2099,Anjali Verma,Female,34,Hyderabad,South,P003,Smart Watch,Electronics,Wearables,1,"?3,299.00",10%,"?2,969.10","?2,100.00",?869.10,UPI,Delivered,Mobile App,5.0
ORD103829,08-Apr-2025,CUST0016,Mohit Sharma,Female,38,Lucknow,North,P004,USB-C Charger,Electronics,Accessories,1,?899.00,5%,?854.05,?480.00,?374.05,UPI,Delivered,Website,5.0
ORD100585,08-Apr-2025,CUST1152,Aarav Sharma,Female,37,Amritsar,North,P002,Bluetooth Speaker,Electronics,Audio,4,"?1,899.00",5%,"?7,216.20","?4,480.00","?2,736.20",Credit Card,Returned,Website,5.0
ORD102970,09-Apr-2025,CUST0835,Riya Verma,Male,27,Amritsar,North,P022,Sunscreen SPF 50,Beauty,Skincare,4,?799.00,20%,"?2,556.80","?1,440.00","?1,116.80",Wallet,Delivered,Website,5.0
ORD104122,09-Apr-2025,CUST1582,Aditya Kapoor,Female,32,Chandigarh,North,P019,Badminton Racket,Sports & Fitness,Sports,1,"?1,499.00",10%,"?1,349.10",?800.00,?549.10,Debit Card,Delivered,Mobile App,3.0
ORD100099,09-Apr-2025,CUST0580,Varun Jain,Male,33,Kochi,South,P018,Cricket Bat,Sports & Fitness,Sports,1,"?2,199.00",10%,"?1,979.10","?1,250.00",?729.10,UPI,Delivered,Mobile App,4.0
ORD100416,09-Apr-2025,CUST1428,Karan Jain,Male,33,Chandigarh,North,P003,Smart Watch,Electronics,Wearables,3,"?3,299.00",0%,"?9,897.00","?6,300.00","?3,597.00",Debit Card,Delivered,Website,3.0
ORD100200,09-Apr-2025,CUST0520,Sanya Malhotra,Male,36,Bengaluru,South,P002,Bluetooth Speaker,Electronics,Audio,1,"?1,899.00",5%,"?1,804.05","?1,120.00",?684.05,Net Banking,Delivered,Website,5.0
ORD102555,09-Apr-2025,CUST1709,Tanvi Patel,Female,29,Chennai,South,P023,Shampoo,Beauty,Haircare,1,?649.00,25%,?486.75,?290.00,?196.75,Debit Card,Returned,Website,4.0
ORD100255,09-Apr-2025,CUST0382,Pooja Kapoor,Male,48,Chennai,South,P016,Yoga Mat,Sports & Fitness,Fitness,1,?999.00,0%,?999.00,?520.00,?479.00,Debit Card,Cancelled,Website,
ORD101804,09-Apr-2025,CUST0329,Zoya Singh,Female,23,Delhi,North,P002,Bluetooth Speaker,Electronics,Audio,4,"?1,899.00",25%,"?5,697.00","?4,480.00","?1,217.00",UPI,Cancelled,Website,
ORD100215,09-Apr-2025,CUST1747,Anjali Verma,Female,25,Patna,East,P004,USB-C Charger,Electronics,Accessories,1,?899.00,10%,?809.10,?480.00,?329.10,UPI,Delivered,Website,2.0
ORD101158,09-Apr-2025,CUST1092,Varun Jain,Male,36,Bhubaneswar,East,P004,USB-C Charger,Electronics,Accessories,1,?899.00,5%,?854.05,?480.00,?374.05,UPI,Returned,Website,4.0
ORD100391,09-Apr-2025,CUST1678,Aditya Kapoor,Female,27,Dehradun,North,P025,Moisturizer,Beauty,Skincare,3,?699.00,15%,"?1,782.45",?930.00,?852.45,Credit Card,Delivered,Mobile App,4.0
ORD100262,09-Apr-2025,CUST1516,Rahul Kumar,Male,33,Surat,West,P009,Denim Jeans,Fashion,Clothing,1,"?1,999.00",5%,"?1,899.05","?1,050.00",?849.05,Credit Card,Delivered,Mobile App,4.0
ORD104812,09-Apr-2025,CUST0542,Pooja Kapoor,Male,18,Hyderabad,South,P003,Smart Watch,Electronics,Wearables,2,"?3,299.00",25%,"?4,948.50","?4,200.00",?748.50,UPI,Cancelled,Mobile App,
ORD100544,09-Apr-2025,CUST0331,Kiara Chopra,Male,35,Mysuru,South,P005,Power Bank 20000mAh,Electronics,Accessories,2,"?1,599.00",20%,"?2,558.40","?1,840.00",?718.40,Cash on Delivery,Delivered,Mobile App,4.0
ORD101278,09-Apr-2025,CUST1530,Rohan Rao,Female,47,Delhi,North,P009,Denim Jeans,Fashion,Clothing,1,"?1,999.00",5%,"?1,899.05","?1,050.00",?849.05,UPI,Delivered,Mobile App,3.0
ORD103203,10-Apr-2025,CUST0198,Kabir Gupta,Male,32,Dehradun,North,P016,Yoga Mat,Sports & Fitness,Fitness,2,?999.00,0%,"?1,998.00","?1,040.00",?958.00,UPI,Delivered,Mobile App,4.0
ORD100351,10-Apr-2025,CUST0815,Isha Mehta,Female,30,Nashik,West,P001,Wireless Headphones,Electronics,Audio,1,"?2,499.00",15%,"?2,124.15","?1,550.00",?574.15,UPI,Delivered,Mobile App,3.0
ORD101433,10-Apr-2025,CUST1879,Aditi Saxena,Female,36,Delhi,North,P028,Data Analytics Book,Books,Technology,4,"?1,099.00",0%,"?4,396.00","?2,080.00","?2,316.00",UPI,Cancelled,Website,
ORD100014,10-Apr-2025,CUST0332,Rahul Kumar,Female,25,Patna,East,P003,Smart Watch,Electronics,Wearables,4,"?3,299.00",30%,"?9,237.20","?8,400.00",?837.20,Wallet,Cancelled,Website,
ORD102748,10-Apr-2025,CUST1437,Kavya Patel,Male,39,Bokaro,East,P002,Bluetooth Speaker,Electronics,Audio,1,"?1,899.00",15%,"?1,614.15","?1,120.00",?494.15,UPI,Delivered,Mobile App,5.0
ORD102754,10-Apr-2025,CUST2085,Akash Bansal,Female,27,Ranchi,East,P001,Wireless Headphones,Electronics,Audio,5,"?2,499.00",15%,"?10,620.75","?7,750.00","?2,870.75",Credit Card,Delivered,Mobile App,4.0
ORD103087,10-Apr-2025,CUST1166,Aditya Kapoor,Male,21,Bengaluru,South,P028,Data Analytics Book,Books,Technology,1,"?1,099.00",20%,?879.20,?520.00,?359.20,UPI,Delivered,Mobile App,5.0
ORD104509,11-Apr-2025,CUST0423,Nisha Saxena,Male,27,Mysuru,South,P010,Casual Hoodie,Fashion,Clothing,1,"?1,499.00",15%,"?1,274.15",?780.00,?494.15,Debit Card,Delivered,Mobile App,1.0
ORD102018,11-Apr-2025,CUST0161,Diya Mishra,Female,37,Bengaluru,South,P002,Bluetooth Speaker,Electronics,Audio,2,"?1,899.00",5%,"?3,608.10","?2,240.00","?1,368.10",Credit Card,Delivered,Website,5.0
ORD102735,11-Apr-2025,CUST1514,Arjun Rao,Male,35,Delhi,North,P006,Laptop Backpack,Fashion,Bags,2,"?1,799.00",30%,"?2,518.60","?1,900.00",?618.60,Credit Card,Delivered,Mobile App,4.0
ORD104708,11-Apr-2025,CUST0638,Pooja Kapoor,Male,43,Kochi,South,P021,Face Wash,Beauty,Skincare,1,?499.00,15%,?424.15,?220.00,?204.15,UPI,Delivered,Mobile App,4.0
ORD101743,11-Apr-2025,CUST0175,Isha Mehta,Male,36,Kolkata,East,P005,Power Bank 20000mAh,Electronics,Accessories,2,"?1,599.00",0%,"?3,198.00","?1,840.00","?1,358.00",Net Banking,Delivered,Website,5.0
ORD102728,11-Apr-2025,CUST0698,Rohan Rao,Female,28,Bengaluru,South,P021,Face Wash,Beauty,Skincare,2,?499.00,0%,?998.00,?440.00,?558.00,Net Banking,Delivered,Website,4.0
ORD103687,11-Apr-2025,CUST0372,Karan Jain,Male,43,Mumbai,West,P008,Cotton T-Shirt,Fashion,Clothing,1,?799.00,0%,?799.00,?390.00,?409.00,Debit Card,Delivered,Website,5.0
ORD101879,11-Apr-2025,CUST1608,Sanya Malhotra,Male,49,Nashik,West,P011,Coffee Maker,Home & Kitchen,Kitchen,1,"?3,499.00",10%,"?3,149.10","?2,250.00",?899.10,UPI,Delivered,Mobile App,1.0
ORD101814,11-Apr-2025,CUST1322,Arjun Rao,Female,41,Patna,East,P021,Face Wash,Beauty,Skincare,4,?499.00,15%,"?1,696.60",?880.00,?816.60,UPI,Delivered,Website,5.0
ORD102780,12-Apr-2025,CUST1733,Akash Bansal,Male,18,Guwahati,East,P007,Running Shoes,Fashion,Footwear,1,"?2,899.00",5%,"?2,754.05","?1,700.00","?1,054.05",Credit Card,Delivered,Website,5.0
ORD102861,12-Apr-2025,CUST1186,Manish Agarwal,Male,21,Jaipur,North,P027,Business Strategy Book,Books,Business,1,?699.00,25%,?524.25,?300.00,?224.25,Net Banking,Delivered,Mobile App,4.0
ORD101340,12-Apr-2025,CUST1142,Simran Gupta,Male,36,Nagpur,West,P002,Bluetooth Speaker,Electronics,Audio,2,"?1,899.00",20%,"?3,038.40","?2,240.00",?798.40,Credit Card,Delivered,Website,2.0
ORD101569,12-Apr-2025,CUST0556,Rahul Kumar,Male,23,Nashik,West,P015,Bedsheet Set,Home & Kitchen,Home Decor,1,"?1,599.00",25%,"?1,199.25",?850.00,?349.25,Wallet,Delivered,Website,4.0
ORD103054,12-Apr-2025,CUST1587,Anjali Verma,Male,37,Delhi,North,P004,USB-C Charger,Electronics,Accessories,2,?899.00,0%,"?1,798.00",?960.00,?838.00,UPI,Delivered,Mobile App,3.0
ORD102219,12-Apr-2025,CUST0807,Nisha Saxena,Female,29,Lucknow,North,P022,Sunscreen SPF 50,Beauty,Skincare,1,?799.00,10%,?719.10,?360.00,?359.10,Debit Card,Delivered,Website,5.0
ORD101041,12-Apr-2025,CUST1493,Pranav Bansal,Female,27,Kochi,South,P001,Wireless Headphones,Electronics,Audio,1,"?2,499.00",5%,"?2,374.05","?1,550.00",?824.05,Debit Card,Delivered,Mobile App,5.0
ORD101550,12-Apr-2025,CUST0812,Rahul Kumar,Female,44,Lucknow,North,P005,Power Bank 20000mAh,Electronics,Accessories,1,"?1,599.00",10%,"?1,439.10",?920.00,?519.10,UPI,Delivered,Mobile App,3.0
ORD104366,12-Apr-2025,CUST2087,Nisha Saxena,Female,36,Kolkata,East,P024,Perfume,Beauty,Fragrance,1,"?1,799.00",10%,"?1,619.10",?900.00,?719.10,Credit Card,Delivered,Mobile App,5.0
ORD102580,12-Apr-2025,CUST1369,Meera Singh,Female,36,Ahmedabad,West,P009,Denim Jeans,Fashion,Clothing,1,"?1,999.00",15%,"?1,699.15","?1,050.00",?649.15,Cash on Delivery,Delivered,Mobile App,5.0
ORD101670,12-Apr-2025,CUST1455,Isha Mehta,Female,36,Hyderabad,South,P007,Running Shoes,Fashion,Footwear,2,"?2,899.00",15%,"?4,928.30","?3,400.00","?1,528.30",UPI,Delivered,Website,5.0
ORD101355,13-Apr-2025,CUST1094,Kabir Gupta,Female,21,Surat,West,P007,Running Shoes,Fashion,Footwear,3,"?2,899.00",10%,"?7,827.30","?5,100.00","?2,727.30",UPI,Delivered,Website,3.0
ORD103404,13-Apr-2025,CUST1362,Yash Agarwal,Female,32,Mumbai,West,P002,Bluetooth Speaker,Electronics,Audio,1,"?1,899.00",5%,"?1,804.05","?1,120.00",?684.05,Credit Card,Delivered,Mobile App,4.0
ORD102410,13-Apr-2025,CUST2038,Simran Gupta,Male,33,Surat,West,P009,Denim Jeans,Fashion,Clothing,3,"?1,999.00",5%,"?5,697.15","?3,150.00","?2,547.15",UPI,Delivered,Mobile App,3.0
ORD100001,13-Apr-2025,CUST0758,Simran Gupta,Female,29,Mysuru,South,P001,Wireless Headphones,Electronics,Audio,1,"?2,499.00",0%,"?2,499.00","?1,550.00",?949.00,UPI,Delivered,Mobile App,5.0
ORD104053,13-Apr-2025,CUST1708,Rahul Kumar,Male,23,Guwahati,East,P010,Casual Hoodie,Fashion,Clothing,1,"?1,499.00",0%,"?1,499.00",?780.00,?719.00,Debit Card,Delivered,Mobile App,4.0
ORD100582,13-Apr-2025,CUST0246,Simran Gupta,Male,31,Hyderabad,South,P011,Coffee Maker,Home & Kitchen,Kitchen,1,"?3,499.00",10%,"?3,149.10","?2,250.00",?899.10,UPI,Delivered,Website,5.0
ORD100307,13-Apr-2025,CUST0348,Ananya Kumar,Female,42,Bhubaneswar,East,P010,Casual Hoodie,Fashion,Clothing,3,"?1,499.00",15%,"?3,822.45","?2,340.00","?1,482.45",Credit Card,Delivered,Mobile App,5.0
ORD101713,14-Apr-2025,CUST1475,Riya Verma,Male,28,Coimbatore,South,P015,Bedsheet Set,Home & Kitchen,Home Decor,1,"?1,599.00",5%,"?1,519.05",?850.00,?669.05,UPI,Delivered,Website,5.0
ORD103060,14-Apr-2025,CUST2189,Tanvi Patel,Male,42,Bhubaneswar,East,P029,Programming Book,Books,Technology,4,"?1,299.00",5%,"?4,936.20","?2,440.00","?2,496.20",Net Banking,Delivered,Website,5.0
ORD102194,14-Apr-2025,CUST1320,Sanya Malhotra,Male,40,Amritsar,North,P002,Bluetooth Speaker,Electronics,Audio,1,"?1,899.00",30%,"?1,329.30","?1,120.00",?209.30,Debit Card,Delivered,Mobile App,4.0
ORD102632,14-Apr-2025,CUST1593,Meera Singh,Female,21,Ahmedabad,West,P030,Self Help Book,Books,Self Development,1,?599.00,10%,?539.10,?260.00,?279.10,UPI,Cancelled,Website,
ORD104314,14-Apr-2025,CUST1927,Nisha Saxena,Female,18,Coimbatore,South,P019,Badminton Racket,Sports & Fitness,Sports,2,"?1,499.00",5%,"?2,848.10","?1,600.00","?1,248.10",Cash on Delivery,Delivered,Mobile App,4.0
ORD100781,14-Apr-2025,CUST0622,Aditya Kapoor,Female,41,Chandigarh,North,P029,Programming Book,Books,Technology,1,"?1,299.00",15%,"?1,104.15",?610.00,?494.15,UPI,Delivered,Mobile App,3.0
ORD103861,14-Apr-2025,CUST0759,Aditi Saxena,Male,38,Chennai,South,P007,Running Shoes,Fashion,Footwear,1,"?2,899.00",0%,"?2,899.00","?1,700.00","?1,199.00",Wallet,Delivered,Website,4.0
ORD103540,14-Apr-2025,CUST0018,Yash Agarwal,Female,31,Bhubaneswar,East,P030,Self Help Book,Books,Self Development,1,?599.00,15%,?509.15,?260.00,?249.15,Debit Card,Delivered,Mobile App,5.0
ORD102556,14-Apr-2025,CUST0336,Mohit Sharma,Male,35,Bokaro,East,P021,Face Wash,Beauty,Skincare,1,?499.00,15%,?424.15,?220.00,?204.15,Credit Card,Cancelled,Website,
ORD102833,14-Apr-2025,CUST1305,Meera Singh,Male,33,Ahmedabad,West,P005,Power Bank 20000mAh,Electronics,Accessories,2,"?1,599.00",5%,"?3,038.10","?1,840.00","?1,198.10",Credit Card,Delivered,Mobile App,5.0
ORD101993,14-Apr-2025,CUST0032,Aarav Sharma,Female,30,Nagpur,West,P026,Novel Collection,Books,Fiction,3,?899.00,5%,"?2,562.15","?1,260.00","?1,302.15",Credit Card,Delivered,Mobile App,4.0
ORD100276,14-Apr-2025,CUST1906,Yash Agarwal,Female,32,Bhubaneswar,East,P001,Wireless Headphones,Electronics,Audio,1,"?2,499.00",10%,"?2,249.10","?1,550.00",?699.10,Cash on Delivery,Delivered,Website,5.0
ORD100209,14-Apr-2025,CUST1206,Simran Gupta,Male,18,Jaipur,North,P024,Perfume,Beauty,Fragrance,1,"?1,799.00",0%,"?1,799.00",?900.00,?899.00,Net Banking,Delivered,Website,5.0
ORD102797,14-Apr-2025,CUST0844,Rahul Kumar,Female,39,Delhi,North,P025,Moisturizer,Beauty,Skincare,2,?699.00,25%,"?1,048.50",?620.00,?428.50,Debit Card,Cancelled,Website,
ORD103878,15-Apr-2025,CUST0623,Isha Mehta,Male,28,Ranchi,East,P029,Programming Book,Books,Technology,1,"?1,299.00",10%,"?1,169.10",?610.00,?559.10,Net Banking,Delivered,Mobile App,4.0
ORD102964,15-Apr-2025,CUST1271,Aditi Saxena,Female,25,Mumbai,West,P005,Power Bank 20000mAh,Electronics,Accessories,1,"?1,599.00",10%,"?1,439.10",?920.00,?519.10,Credit Card,Delivered,Website,5.0
ORD102427,15-Apr-2025,CUST1321,Zoya Singh,Male,30,Hyderabad,South,P017,Dumbbell Set,Sports & Fitness,Fitness,1,"?2,499.00",10%,"?2,249.10","?1,450.00",?799.10,UPI,Delivered,Mobile App,4.0
ORD101858,15-Apr-2025,CUST1051,Vansh Chopra,Male,54,Bhubaneswar,East,P029,Programming Book,Books,Technology,1,"?1,299.00",10%,"?1,169.10",?610.00,?559.10,UPI,Cancelled,Mobile App,
ORD103916,15-Apr-2025,CUST2088,Sanya Malhotra,Female,18,Patna,East,P010,Casual Hoodie,Fashion,Clothing,1,"?1,499.00",5%,"?1,424.05",?780.00,?644.05,UPI,Cancelled,Mobile App,
ORD100543,15-Apr-2025,CUST1787,Vansh Chopra,Male,49,Kolkata,East,P021,Face Wash,Beauty,Skincare,1,?499.00,10%,?449.10,?220.00,?229.10,Debit Card,Delivered,Website,5.0
ORD104980,15-Apr-2025,CUST1853,Kavya Patel,Male,50,Jaipur,North,P018,Cricket Bat,Sports & Fitness,Sports,1,"?2,199.00",15%,"?1,869.15","?1,250.00",?619.15,UPI,Delivered,Website,5.0
ORD103726,16-Apr-2025,CUST0673,Diya Mishra,Male,32,Ahmedabad,West,P020,Resistance Bands,Sports & Fitness,Fitness,1,?699.00,5%,?664.05,?320.00,?344.05,Wallet,Delivered,Mobile App,5.0
ORD104979,16-Apr-2025,CUST1786,Rohan Rao,Female,25,Ranchi,East,P016,Yoga Mat,Sports & Fitness,Fitness,1,?999.00,5%,?949.05,?520.00,?429.05,Credit Card,Delivered,Website,4.0
ORD104810,16-Apr-2025,CUST0350,Pooja Kapoor,Female,33,Mumbai,West,P009,Denim Jeans,Fashion,Clothing,1,"?1,999.00",15%,"?1,699.15","?1,050.00",?649.15,Debit Card,Delivered,Website,3.0
ORD100057,16-Apr-2025,CUST1860,Varun Jain,Female,28,Ranchi,East,P005,Power Bank 20000mAh,Electronics,Accessories,1,"?1,599.00",10%,"?1,439.10",?920.00,?519.10,Cash on Delivery,Delivered,Website,4.0
ORD104078,16-Apr-2025,CUST0197,Akash Bansal,Female,28,Amritsar,North,P001,Wireless Headphones,Electronics,Audio,3,"?2,499.00",15%,"?6,372.45","?4,650.00","?1,722.45",UPI,Cancelled,Mobile App,
ORD100834,16-Apr-2025,CUST1207,Aditi Saxena,Male,18,Dehradun,North,P016,Yoga Mat,Sports & Fitness,Fitness,2,?999.00,10%,"?1,798.20","?1,040.00",?758.20,Debit Card,Delivered,Mobile App,5.0
ORD101361,16-Apr-2025,CUST0218,Rohan Rao,Female,42,Dehradun,North,P008,Cotton T-Shirt,Fashion,Clothing,1,?799.00,20%,?639.20,?390.00,?249.20,Debit Card,Delivered,Mobile App,5.0
ORD100595,16-Apr-2025,CUST2180,Varun Jain,Female,30,Surat,West,P029,Programming Book,Books,Technology,1,"?1,299.00",20%,"?1,039.20",?610.00,?429.20,Debit Card,Delivered,Mobile App,5.0
ORD101606,16-Apr-2025,CUST0133,Akash Bansal,Female,18,Amritsar,North,P018,Cricket Bat,Sports & Fitness,Sports,3,"?2,199.00",0%,"?6,597.00","?3,750.00","?2,847.00",UPI,Delivered,Website,5.0
ORD103718,16-Apr-2025,CUST0497,Sakshi Mishra,Male,38,Chennai,South,P022,Sunscreen SPF 50,Beauty,Skincare,1,?799.00,20%,?639.20,?360.00,?279.20,UPI,Delivered,Mobile App,4.0
ORD100313,16-Apr-2025,CUST1601,Diya Mishra,Male,19,Chennai,South,P017,Dumbbell Set,Sports & Fitness,Fitness,1,"?2,499.00",15%,"?2,124.15","?1,450.00",?674.15,Net Banking,Delivered,Website,4.0
ORD101472,17-Apr-2025,CUST0944,Mohit Sharma,Female,33,Mysuru,South,P016,Yoga Mat,Sports & Fitness,Fitness,4,?999.00,10%,"?3,596.40","?2,080.00","?1,516.40",Net Banking,Delivered,Website,3.0
ORD100642,17-Apr-2025,CUST1509,Akash Bansal,Female,45,Jaipur,North,P021,Face Wash,Beauty,Skincare,3,?499.00,10%,"?1,347.30",?660.00,?687.30,Cash on Delivery,Delivered,Mobile App,2.0
ORD103838,17-Apr-2025,CUST1283,Riya Verma,Male,35,Hyderabad,South,P012,Air Fryer,Home & Kitchen,Kitchen,1,"?5,999.00",15%,"?5,099.15","?3,900.00","?1,199.15",UPI,Delivered,Mobile App,4.0
ORD100004,17-Apr-2025,CUST1245,Kavya Patel,Female,36,Pune,West,P027,Business Strategy Book,Books,Business,1,?699.00,0%,?699.00,?300.00,?399.00,Debit Card,Delivered,Website,4.0
ORD104225,17-Apr-2025,CUST0188,Ananya Kumar,Female,35,Bhubaneswar,East,P021,Face Wash,Beauty,Skincare,1,?499.00,0%,?499.00,?220.00,?279.00,Cash on Delivery,Delivered,Mobile App,5.0
ORD102458,17-Apr-2025,CUST0851,Anjali Verma,Female,21,Bengaluru,South,P019,Badminton Racket,Sports & Fitness,Sports,1,"?1,499.00",15%,"?1,274.15",?800.00,?474.15,UPI,Delivered,Mobile App,3.0
ORD101149,17-Apr-2025,CUST1176,Ishaan Malhotra,Female,34,Bengaluru,South,P018,Cricket Bat,Sports & Fitness,Sports,3,"?2,199.00",10%,"?5,937.30","?3,750.00","?2,187.30",UPI,Delivered,Mobile App,5.0
ORD103190,18-Apr-2025,CUST1536,Aarav Sharma,Female,31,Kochi,South,P018,Cricket Bat,Sports & Fitness,Sports,2,"?2,199.00",0%,"?4,398.00","?2,500.00","?1,898.00",UPI,Delivered,Website,4.0
ORD103966,18-Apr-2025,CUST1013,Pranav Bansal,Male,23,Coimbatore,South,P003,Smart Watch,Electronics,Wearables,3,"?3,299.00",15%,"?8,412.45","?6,300.00","?2,112.45",Cash on Delivery,Cancelled,Mobile App,
ORD101099,18-Apr-2025,CUST1920,Aarav Sharma,Female,22,Lucknow,North,P028,Data Analytics Book,Books,Technology,4,"?1,099.00",30%,"?3,077.20","?2,080.00",?997.20,Credit Card,Delivered,Mobile App,5.0
ORD101037,18-Apr-2025,CUST0172,Rahul Kumar,Male,31,Surat,West,P010,Casual Hoodie,Fashion,Clothing,2,"?1,499.00",15%,"?2,548.30","?1,560.00",?988.30,Net Banking,Delivered,Website,3.0
ORD101980,18-Apr-2025,CUST0080,Mohit Sharma,Male,39,Kochi,South,P010,Casual Hoodie,Fashion,Clothing,1,"?1,499.00",25%,"?1,124.25",?780.00,?344.25,Cash on Delivery,Delivered,Mobile App,5.0
ORD101615,18-Apr-2025,CUST1498,Rohan Rao,Female,18,Dehradun,North,P001,Wireless Headphones,Electronics,Audio,1,"?2,499.00",10%,"?2,249.10","?1,550.00",?699.10,Net Banking,Delivered,Website,4.0
ORD104238,18-Apr-2025,CUST1987,Riya Verma,Female,36,Patna,East,P009,Denim Jeans,Fashion,Clothing,1,"?1,999.00",15%,"?1,699.15","?1,050.00",?649.15,Credit Card,Delivered,Website,5.0
ORD101650,18-Apr-2025,CUST1033,Zoya Singh,Female,35,Bhubaneswar,East,P015,Bedsheet Set,Home & Kitchen,Home Decor,1,"?1,599.00",15%,"?1,359.15",?850.00,?509.15,UPI,Delivered,Mobile App,4.0
ORD104494,18-Apr-2025,CUST0139,Kiara Chopra,Male,50,Bhubaneswar,East,P004,USB-C Charger,Electronics,Accessories,1,?899.00,15%,?764.15,?480.00,?284.15,Cash on Delivery,Delivered,Website,4.0
ORD102526,19-Apr-2025,CUST2092,Rahul Kumar,Female,30,Dehradun,North,P019,Badminton Racket,Sports & Fitness,Sports,1,"?1,499.00",25%,"?1,124.25",?800.00,?324.25,Wallet,Delivered,Mobile App,4.0
ORD102983,19-Apr-2025,CUST0307,Anjali Verma,Female,24,Nagpur,West,P009,Denim Jeans,Fashion,Clothing,2,"?1,999.00",10%,"?3,598.20","?2,100.00","?1,498.20",Cash on Delivery,Delivered,Website,4.0
ORD102538,19-Apr-2025,CUST1217,Diya Mishra,Female,32,Chennai,South,P018,Cricket Bat,Sports & Fitness,Sports,2,"?2,199.00",10%,"?3,958.20","?2,500.00","?1,458.20",UPI,Delivered,Mobile App,1.0
ORD100684,19-Apr-2025,CUST0044,Rahul Kumar,Male,30,Ahmedabad,West,P024,Perfume,Beauty,Fragrance,2,"?1,799.00",25%,"?2,698.50","?1,800.00",?898.50,Net Banking,Delivered,Mobile App,4.0
ORD100977,19-Apr-2025,CUST1297,Sakshi Mishra,Male,31,Amritsar,North,P025,Moisturizer,Beauty,Skincare,3,?699.00,5%,"?1,992.15",?930.00,"?1,062.15",UPI,Delivered,Mobile App,4.0
ORD104701,19-Apr-2025,CUST2157,Tanvi Patel,Male,35,Kochi,South,P009,Denim Jeans,Fashion,Clothing,5,"?1,999.00",15%,"?8,495.75","?5,250.00","?3,245.75",Credit Card,Delivered,Mobile App,4.0
ORD102973,19-Apr-2025,CUST0281,Meera Singh,Male,36,Ranchi,East,P001,Wireless Headphones,Electronics,Audio,2,"?2,499.00",5%,"?4,748.10","?3,100.00","?1,648.10",Credit Card,Cancelled,Mobile App,
ORD102050,19-Apr-2025,CUST0376,Ishaan Malhotra,Male,40,Coimbatore,South,P025,Moisturizer,Beauty,Skincare,1,?699.00,10%,?629.10,?310.00,?319.10,Debit Card,Delivered,Website,3.0
ORD103337,19-Apr-2025,CUST1811,Anjali Verma,Male,31,Mumbai,West,P030,Self Help Book,Books,Self Development,2,?599.00,5%,"?1,138.10",?520.00,?618.10,UPI,Delivered,Website,5.0
ORD100424,19-Apr-2025,CUST0024,Ishaan Malhotra,Male,37,Mysuru,South,P018,Cricket Bat,Sports & Fitness,Sports,1,"?2,199.00",0%,"?2,199.00","?1,250.00",?949.00,UPI,Delivered,Mobile App,4.0
ORD103082,19-Apr-2025,CUST1964,Rahul Kumar,Female,22,Bengaluru,South,P022,Sunscreen SPF 50,Beauty,Skincare,2,?799.00,10%,"?1,438.20",?720.00,?718.20,Debit Card,Delivered,Mobile App,5.0
ORD102405,19-Apr-2025,CUST0718,Aditya Kapoor,Male,41,Mumbai,West,P018,Cricket Bat,Sports & Fitness,Sports,3,"?2,199.00",25%,"?4,947.75","?3,750.00","?1,197.75",UPI,Delivered,Mobile App,5.0
ORD103796,19-Apr-2025,CUST1235,Anjali Verma,Female,26,Amritsar,North,P021,Face Wash,Beauty,Skincare,2,?499.00,0%,?998.00,?440.00,?558.00,Debit Card,Delivered,Website,5.0
ORD102214,19-Apr-2025,CUST0941,Tanvi Patel,Female,31,Nashik,West,P020,Resistance Bands,Sports & Fitness,Fitness,1,?699.00,5%,?664.05,?320.00,?344.05,Debit Card,Delivered,Website,5.0
ORD104324,19-Apr-2025,CUST1854,Pooja Kapoor,Male,37,Mysuru,South,P024,Perfume,Beauty,Fragrance,1,"?1,799.00",15%,"?1,529.15",?900.00,?629.15,Credit Card,Delivered,Mobile App,4.0
ORD101769,20-Apr-2025,CUST1622,Simran Gupta,Female,27,Bengaluru,South,P007,Running Shoes,Fashion,Footwear,1,"?2,899.00",5%,"?2,754.05","?1,700.00","?1,054.05",UPI,Delivered,Mobile App,2.0
ORD103677,20-Apr-2025,CUST2143,Shivam Mehta,Female,18,Hyderabad,South,P009,Denim Jeans,Fashion,Clothing,1,"?1,999.00",15%,"?1,699.15","?1,050.00",?649.15,Debit Card,Delivered,Mobile App,5.0
ORD104333,20-Apr-2025,CUST1507,Riya Verma,Female,35,Guwahati,East,P022,Sunscreen SPF 50,Beauty,Skincare,1,?799.00,25%,?599.25,?360.00,?239.25,Cash on Delivery,Delivered,Mobile App,2.0
ORD102550,21-Apr-2025,CUST0500,Karan Jain,Male,21,Mysuru,South,P015,Bedsheet Set,Home & Kitchen,Home Decor,4,"?1,599.00",0%,"?6,396.00","?3,400.00","?2,996.00",Debit Card,Delivered,Mobile App,4.0
ORD104834,21-Apr-2025,CUST0701,Kavya Patel,Male,35,Lucknow,North,P009,Denim Jeans,Fashion,Clothing,5,"?1,999.00",5%,"?9,495.25","?5,250.00","?4,245.25",Cash on Delivery,Returned,Website,2.0
ORD103975,21-Apr-2025,CUST0725,Pranav Bansal,Male,32,Nagpur,West,P015,Bedsheet Set,Home & Kitchen,Home Decor,3,"?1,599.00",15%,"?4,077.45","?2,550.00","?1,527.45",UPI,Delivered,Mobile App,4.0
ORD100686,21-Apr-2025,CUST2012,Ananya Kumar,Female,33,Mysuru,South,P028,Data Analytics Book,Books,Technology,2,"?1,099.00",10%,"?1,978.20","?1,040.00",?938.20,Credit Card,Delivered,Website,4.0
ORD104621,21-Apr-2025,CUST0161,Diya Mishra,Female,37,Hyderabad,South,P003,Smart Watch,Electronics,Wearables,1,"?3,299.00",25%,"?2,474.25","?2,100.00",?374.25,Debit Card,Delivered,Mobile App,5.0
ORD104643,21-Apr-2025,CUST1940,Karan Jain,Female,42,Chandigarh,North,P013,Non-Stick Cookware Set,Home & Kitchen,Cookware,1,"?4,299.00",5%,"?4,084.05","?2,700.00","?1,384.05",Debit Card,Delivered,Mobile App,5.0
ORD100688,21-Apr-2025,CUST1316,Varun Jain,Female,48,Lucknow,North,P003,Smart Watch,Electronics,Wearables,1,"?3,299.00",15%,"?2,804.15","?2,100.00",?704.15,UPI,Delivered,Mobile App,5.0
ORD102659,21-Apr-2025,CUST1013,Pranav Bansal,Female,35,Jaipur,North,P029,Programming Book,Books,Technology,1,"?1,299.00",0%,"?1,299.00",?610.00,?689.00,UPI,Cancelled,Website,
ORD104351,21-Apr-2025,CUST0223,Shivam Mehta,Female,22,Delhi,North,P016,Yoga Mat,Sports & Fitness,Fitness,2,?999.00,5%,"?1,898.10","?1,040.00",?858.10,Debit Card,Delivered,Website,4.0
ORD101375,21-Apr-2025,CUST0876,Rahul Kumar,Male,33,Delhi,North,P021,Face Wash,Beauty,Skincare,1,?499.00,15%,?424.15,?220.00,?204.15,Net Banking,Returned,Website,5.0
ORD103052,21-Apr-2025,CUST2019,Riya Verma,Female,24,Mumbai,West,P016,Yoga Mat,Sports & Fitness,Fitness,1,?999.00,10%,?899.10,?520.00,?379.10,UPI,Delivered,Mobile App,5.0
ORD100610,21-Apr-2025,CUST1817,Meera Singh,Female,43,Guwahati,East,P025,Moisturizer,Beauty,Skincare,1,?699.00,5%,?664.05,?310.00,?354.05,Net Banking,Delivered,Website,5.0
ORD101985,21-Apr-2025,CUST1564,Ananya Kumar,Male,26,Lucknow,North,P028,Data Analytics Book,Books,Technology,3,"?1,099.00",10%,"?2,967.30","?1,560.00","?1,407.30",Credit Card,Delivered,Mobile App,5.0
ORD104373,21-Apr-2025,CUST0244,Karan Jain,Female,34,Hyderabad,South,P015,Bedsheet Set,Home & Kitchen,Home Decor,1,"?1,599.00",10%,"?1,439.10",?850.00,?589.10,UPI,Delivered,Mobile App,5.0
ORD102784,21-Apr-2025,CUST0694,Simran Gupta,Male,37,Surat,West,P029,Programming Book,Books,Technology,2,"?1,299.00",5%,"?2,468.10","?1,220.00","?1,248.10",UPI,Delivered,Mobile App,3.0
ORD103253,21-Apr-2025,CUST0987,Vansh Chopra,Male,29,Amritsar,North,P003,Smart Watch,Electronics,Wearables,1,"?3,299.00",15%,"?2,804.15","?2,100.00",?704.15,UPI,Delivered,Mobile App,4.0
ORD103801,21-Apr-2025,CUST1437,Kavya Patel,Female,24,Coimbatore,South,P010,Casual Hoodie,Fashion,Clothing,1,"?1,499.00",5%,"?1,424.05",?780.00,?644.05,UPI,Delivered,Website,5.0
ORD100212,22-Apr-2025,CUST0714,Arjun Rao,Male,29,Chandigarh,North,P020,Resistance Bands,Sports & Fitness,Fitness,1,?699.00,25%,?524.25,?320.00,?204.25,Cash on Delivery,Delivered,Mobile App,3.0
ORD103941,22-Apr-2025,CUST0113,Sakshi Mishra,Male,33,Pune,West,P001,Wireless Headphones,Electronics,Audio,2,"?2,499.00",5%,"?4,748.10","?3,100.00","?1,648.10",UPI,Returned,Mobile App,5.0
ORD104705,22-Apr-2025,CUST0315,Vansh Chopra,Male,21,Hyderabad,South,P010,Casual Hoodie,Fashion,Clothing,2,"?1,499.00",5%,"?2,848.10","?1,560.00","?1,288.10",UPI,Delivered,Website,4.0
ORD102149,22-Apr-2025,CUST0346,Rohan Rao,Male,39,Kolkata,East,P008,Cotton T-Shirt,Fashion,Clothing,2,?799.00,5%,"?1,518.10",?780.00,?738.10,Debit Card,Delivered,Mobile App,4.0
ORD104356,22-Apr-2025,CUST0654,Aditya Kapoor,Male,28,Bengaluru,South,P024,Perfume,Beauty,Fragrance,2,"?1,799.00",15%,"?3,058.30","?1,800.00","?1,258.30",UPI,Delivered,Mobile App,4.0
ORD103615,22-Apr-2025,CUST0381,Kavya Patel,Male,39,Hyderabad,South,P012,Air Fryer,Home & Kitchen,Kitchen,1,"?5,999.00",20%,"?4,799.20","?3,900.00",?899.20,Debit Card,Delivered,Website,5.0
ORD104865,22-Apr-2025,CUST1589,Pranav Bansal,Female,37,Kochi,South,P029,Programming Book,Books,Technology,2,"?1,299.00",10%,"?2,338.20","?1,220.00","?1,118.20",UPI,Delivered,Mobile App,5.0
ORD102987,22-Apr-2025,CUST1476,Varun Jain,Male,32,Chandigarh,North,P002,Bluetooth Speaker,Electronics,Audio,1,"?1,899.00",10%,"?1,709.10","?1,120.00",?589.10,UPI,Delivered,Website,4.0
ORD103028,22-Apr-2025,CUST1976,Ishaan Malhotra,Male,36,Jaipur,North,P019,Badminton Racket,Sports & Fitness,Sports,1,"?1,499.00",10%,"?1,349.10",?800.00,?549.10,Cash on Delivery,Delivered,Website,5.0
ORD103710,22-Apr-2025,CUST1162,Arjun Rao,Male,23,Nagpur,West,P001,Wireless Headphones,Electronics,Audio,1,"?2,499.00",5%,"?2,374.05","?1,550.00",?824.05,Cash on Delivery,Delivered,Website,5.0
ORD102003,22-Apr-2025,CUST0994,Manish Agarwal,Male,19,Patna,East,P026,Novel Collection,Books,Fiction,2,?899.00,15%,"?1,528.30",?840.00,?688.30,UPI,Delivered,Mobile App,3.0
ORD101005,23-Apr-2025,CUST1542,Kabir Gupta,Male,29,Mumbai,West,P015,Bedsheet Set,Home & Kitchen,Home Decor,3,"?1,599.00",10%,"?4,317.30","?2,550.00","?1,767.30",Net Banking,Delivered,Mobile App,5.0
ORD100150,23-Apr-2025,CUST1276,Ananya Kumar,Female,30,Ahmedabad,West,P003,Smart Watch,Electronics,Wearables,3,"?3,299.00",0%,"?9,897.00","?6,300.00","?3,597.00",Net Banking,Delivered,Mobile App,5.0
ORD100143,23-Apr-2025,CUST1537,Diya Mishra,Female,23,Lucknow,North,P026,Novel Collection,Books,Fiction,2,?899.00,5%,"?1,708.10",?840.00,?868.10,Cash on Delivery,Delivered,Mobile App,4.0
ORD102059,23-Apr-2025,CUST1969,Sakshi Mishra,Male,31,Amritsar,North,P005,Power Bank 20000mAh,Electronics,Accessories,4,"?1,599.00",0%,"?6,396.00","?3,680.00","?2,716.00",Cash on Delivery,Delivered,Mobile App,5.0
ORD100152,23-Apr-2025,CUST1840,Mohit Sharma,Male,42,Mumbai,West,P029,Programming Book,Books,Technology,1,"?1,299.00",10%,"?1,169.10",?610.00,?559.10,UPI,Delivered,Website,5.0
ORD102423,23-Apr-2025,CUST0963,Riya Verma,Male,20,Coimbatore,South,P001,Wireless Headphones,Electronics,Audio,2,"?2,499.00",0%,"?4,998.00","?3,100.00","?1,898.00",Debit Card,Delivered,Mobile App,3.0
ORD104592,23-Apr-2025,CUST2122,Arjun Rao,Male,25,Delhi,North,P001,Wireless Headphones,Electronics,Audio,4,"?2,499.00",0%,"?9,996.00","?6,200.00","?3,796.00",UPI,Delivered,Website,4.0
ORD104097,23-Apr-2025,CUST0536,Ishaan Malhotra,Male,24,Guwahati,East,P015,Bedsheet Set,Home & Kitchen,Home Decor,2,"?1,599.00",5%,"?3,038.10","?1,700.00","?1,338.10",UPI,Delivered,Website,5.0
ORD100902,23-Apr-2025,CUST0282,Rohan Rao,Female,24,Mumbai,West,P025,Moisturizer,Beauty,Skincare,3,?699.00,10%,"?1,887.30",?930.00,?957.30,Debit Card,Delivered,Mobile App,5.0
ORD100732,23-Apr-2025,CUST1328,Mohit Sharma,Male,38,Pune,West,P001,Wireless Headphones,Electronics,Audio,2,"?2,499.00",10%,"?4,498.20","?3,100.00","?1,398.20",Credit Card,Delivered,Mobile App,1.0
ORD102063,23-Apr-2025,CUST2023,Nisha Saxena,Male,32,Nagpur,West,P004,USB-C Charger,Electronics,Accessories,2,?899.00,10%,"?1,618.20",?960.00,?658.20,Net Banking,Returned,Mobile App,5.0
ORD102617,23-Apr-2025,CUST1905,Sakshi Mishra,Male,18,Coimbatore,South,P008,Cotton T-Shirt,Fashion,Clothing,1,?799.00,10%,?719.10,?390.00,?329.10,UPI,Delivered,Mobile App,3.0
ORD103127,23-Apr-2025,CUST0194,Manish Agarwal,Female,48,Surat,West,P001,Wireless Headphones,Electronics,Audio,1,"?2,499.00",25%,"?1,874.25","?1,550.00",?324.25,Credit Card,Delivered,Mobile App,5.0
ORD101232,23-Apr-2025,CUST0536,Ishaan Malhotra,Female,43,Chandigarh,North,P028,Data Analytics Book,Books,Technology,3,"?1,099.00",25%,"?2,472.75","?1,560.00",?912.75,Debit Card,Delivered,Mobile App,5.0
ORD103912,23-Apr-2025,CUST2032,Mohit Sharma,Female,52,Jaipur,North,P024,Perfume,Beauty,Fragrance,1,"?1,799.00",25%,"?1,349.25",?900.00,?449.25,Cash on Delivery,Delivered,Mobile App,5.0
ORD101942,23-Apr-2025,CUST0774,Kabir Gupta,Male,42,Coimbatore,South,P025,Moisturizer,Beauty,Skincare,3,?699.00,0%,"?2,097.00",?930.00,"?1,167.00",Credit Card,Delivered,Mobile App,5.0
ORD104990,23-Apr-2025,CUST1766,Kabir Gupta,Male,43,Ahmedabad,West,P015,Bedsheet Set,Home & Kitchen,Home Decor,1,"?1,599.00",5%,"?1,519.05",?850.00,?669.05,UPI,Delivered,Website,5.0
ORD103591,23-Apr-2025,CUST0046,Aditya Kapoor,Female,26,Bengaluru,South,P027,Business Strategy Book,Books,Business,1,?699.00,20%,?559.20,?300.00,?259.20,Debit Card,Returned,Mobile App,4.0
ORD101728,24-Apr-2025,CUST0021,Pranav Bansal,Male,18,Mumbai,West,P024,Perfume,Beauty,Fragrance,2,"?1,799.00",5%,"?3,418.10","?1,800.00","?1,618.10",UPI,Delivered,Mobile App,2.0
ORD100903,24-Apr-2025,CUST1282,Manish Agarwal,Male,39,Mysuru,South,P012,Air Fryer,Home & Kitchen,Kitchen,1,"?5,999.00",10%,"?5,399.10","?3,900.00","?1,499.10",Debit Card,Delivered,Website,4.0
ORD102601,24-Apr-2025,CUST1534,Pooja Kapoor,Female,18,Pune,West,P019,Badminton Racket,Sports & Fitness,Sports,1,"?1,499.00",10%,"?1,349.10",?800.00,?549.10,Wallet,Delivered,Mobile App,5.0
ORD102957,24-Apr-2025,CUST1130,Arjun Rao,Female,32,Nagpur,West,P021,Face Wash,Beauty,Skincare,1,?499.00,10%,?449.10,?220.00,?229.10,Credit Card,Delivered,Website,4.0
ORD104642,24-Apr-2025,CUST0404,Karan Jain,Male,26,Bengaluru,South,P029,Programming Book,Books,Technology,1,"?1,299.00",10%,"?1,169.10",?610.00,?559.10,Debit Card,Delivered,Mobile App,4.0
ORD101192,24-Apr-2025,CUST1142,Simran Gupta,Female,36,Ahmedabad,West,P003,Smart Watch,Electronics,Wearables,2,"?3,299.00",15%,"?5,608.30","?4,200.00","?1,408.30",Debit Card,Delivered,Mobile App,5.0
ORD103566,24-Apr-2025,CUST0927,Shivam Mehta,Female,18,Pune,West,P018,Cricket Bat,Sports & Fitness,Sports,1,"?2,199.00",15%,"?1,869.15","?1,250.00",?619.15,Cash on Delivery,Delivered,Mobile App,5.0
ORD101531,24-Apr-2025,CUST1325,Tanvi Patel,Female,20,Chandigarh,North,P028,Data Analytics Book,Books,Technology,2,"?1,099.00",5%,"?2,088.10","?1,040.00","?1,048.10",Cash on Delivery,Delivered,Mobile App,5.0
ORD104853,25-Apr-2025,CUST1467,Vansh Chopra,Male,54,Pune,West,P001,Wireless Headphones,Electronics,Audio,2,"?2,499.00",15%,"?4,248.30","?3,100.00","?1,148.30",UPI,Delivered,Website,3.0
ORD101198,25-Apr-2025,CUST1342,Pooja Kapoor,Male,26,Bengaluru,South,P014,Table Lamp,Home & Kitchen,Home Decor,1,"?1,299.00",25%,?974.25,?690.00,?284.25,Wallet,Delivered,Mobile App,5.0
ORD100379,25-Apr-2025,CUST0387,Riya Verma,Male,37,Guwahati,East,P021,Face Wash,Beauty,Skincare,1,?499.00,25%,?374.25,?220.00,?154.25,Credit Card,Delivered,Website,4.0
ORD100963,25-Apr-2025,CUST1513,Zoya Singh,Male,24,Pune,West,P006,Laptop Backpack,Fashion,Bags,2,"?1,799.00",15%,"?3,058.30","?1,900.00","?1,158.30",Debit Card,Cancelled,Website,
ORD102282,25-Apr-2025,CUST0450,Manish Agarwal,Male,33,Jaipur,North,P021,Face Wash,Beauty,Skincare,1,?499.00,10%,?449.10,?220.00,?229.10,UPI,Delivered,Mobile App,5.0
ORD103363,25-Apr-2025,CUST1461,Pranav Bansal,Male,41,Pune,West,P002,Bluetooth Speaker,Electronics,Audio,3,"?1,899.00",20%,"?4,557.60","?3,360.00","?1,197.60",Net Banking,Cancelled,Mobile App,
ORD103858,25-Apr-2025,CUST1042,Yash Agarwal,Male,42,Ranchi,East,P008,Cotton T-Shirt,Fashion,Clothing,1,?799.00,20%,?639.20,?390.00,?249.20,Credit Card,Delivered,Mobile App,5.0
ORD102953,26-Apr-2025,CUST1597,Kavya Patel,Male,25,Ranchi,East,P018,Cricket Bat,Sports & Fitness,Sports,4,"?2,199.00",20%,"?7,036.80","?5,000.00","?2,036.80",Credit Card,Delivered,Mobile App,5.0
ORD104894,26-Apr-2025,CUST0627,Anjali Verma,Female,34,Pune,West,P018,Cricket Bat,Sports & Fitness,Sports,3,"?2,199.00",25%,"?4,947.75","?3,750.00","?1,197.75",Credit Card,Delivered,Website,5.0
ORD101354,26-Apr-2025,CUST1468,Ananya Kumar,Male,35,Guwahati,East,P020,Resistance Bands,Sports & Fitness,Fitness,1,?699.00,15%,?594.15,?320.00,?274.15,Credit Card,Delivered,Website,4.0
ORD103440,26-Apr-2025,CUST0512,Aarav Sharma,Male,24,Nashik,West,P014,Table Lamp,Home & Kitchen,Home Decor,1,"?1,299.00",10%,"?1,169.10",?690.00,?479.10,Debit Card,Delivered,Mobile App,5.0
ORD104120,26-Apr-2025,CUST1988,Varun Jain,Male,32,Hyderabad,South,P001,Wireless Headphones,Electronics,Audio,2,"?2,499.00",10%,"?4,498.20","?3,100.00","?1,398.20",Net Banking,Delivered,Website,5.0
ORD104190,26-Apr-2025,CUST0068,Varun Jain,Female,38,Dehradun,North,P008,Cotton T-Shirt,Fashion,Clothing,2,?799.00,10%,"?1,438.20",?780.00,?658.20,Debit Card,Delivered,Mobile App,5.0
ORD104410,26-Apr-2025,CUST0111,Isha Mehta,Male,32,Chandigarh,North,P030,Self Help Book,Books,Self Development,1,?599.00,15%,?509.15,?260.00,?249.15,Debit Card,Delivered,Mobile App,5.0
ORD102593,26-Apr-2025,CUST1283,Riya Verma,Female,20,Lucknow,North,P010,Casual Hoodie,Fashion,Clothing,2,"?1,499.00",10%,"?2,698.20","?1,560.00","?1,138.20",Credit Card,Cancelled,Mobile App,
ORD100263,26-Apr-2025,CUST1892,Varun Jain,Female,42,Kolkata,East,P009,Denim Jeans,Fashion,Clothing,2,"?1,999.00",10%,"?3,598.20","?2,100.00","?1,498.20",Credit Card,Delivered,Mobile App,5.0
ORD101695,26-Apr-2025,CUST1041,Sakshi Mishra,Male,40,Mumbai,West,P030,Self Help Book,Books,Self Development,5,?599.00,10%,"?2,695.50","?1,300.00","?1,395.50",Cash on Delivery,Delivered,Website,3.0
ORD101592,27-Apr-2025,CUST1746,Yash Agarwal,Male,21,Lucknow,North,P024,Perfume,Beauty,Fragrance,1,"?1,799.00",15%,"?1,529.15",?900.00,?629.15,UPI,Cancelled,Website,
ORD100484,27-Apr-2025,CUST0398,Aditya Kapoor,Male,25,Pune,West,P007,Running Shoes,Fashion,Footwear,1,"?2,899.00",15%,"?2,464.15","?1,700.00",?764.15,Debit Card,Returned,Website,5.0
ORD104521,27-Apr-2025,CUST2014,Pooja Kapoor,Male,36,Coimbatore,South,P007,Running Shoes,Fashion,Footwear,2,"?2,899.00",15%,"?4,928.30","?3,400.00","?1,528.30",Credit Card,Delivered,Mobile App,4.0
ORD102054,27-Apr-2025,CUST0202,Arjun Rao,Male,40,Guwahati,East,P003,Smart Watch,Electronics,Wearables,1,"?3,299.00",15%,"?2,804.15","?2,100.00",?704.15,Debit Card,Delivered,Mobile App,5.0
ORD101420,27-Apr-2025,CUST1905,Sakshi Mishra,Male,20,Mysuru,South,P011,Coffee Maker,Home & Kitchen,Kitchen,1,"?3,499.00",15%,"?2,974.15","?2,250.00",?724.15,Debit Card,Delivered,Mobile App,4.0
ORD101776,27-Apr-2025,CUST0307,Anjali Verma,Female,29,Bokaro,East,P009,Denim Jeans,Fashion,Clothing,4,"?1,999.00",0%,"?7,996.00","?4,200.00","?3,796.00",Credit Card,Delivered,Mobile App,5.0
ORD102565,27-Apr-2025,CUST1936,Mohit Sharma,Male,36,Nashik,West,P007,Running Shoes,Fashion,Footwear,4,"?2,899.00",20%,"?9,276.80","?6,800.00","?2,476.80",UPI,Delivered,Mobile App,5.0
ORD104784,27-Apr-2025,CUST0153,Meera Singh,Female,23,Kolkata,East,P017,Dumbbell Set,Sports & Fitness,Fitness,2,"?2,499.00",25%,"?3,748.50","?2,900.00",?848.50,UPI,Delivered,Mobile App,5.0
ORD101325,27-Apr-2025,CUST0693,Pranav Bansal,Male,41,Guwahati,East,P004,USB-C Charger,Electronics,Accessories,1,?899.00,5%,?854.05,?480.00,?374.05,UPI,Returned,Mobile App,1.0
ORD100318,27-Apr-2025,CUST0554,Arjun Rao,Male,18,Delhi,North,P003,Smart Watch,Electronics,Wearables,1,"?3,299.00",0%,"?3,299.00","?2,100.00","?1,199.00",Net Banking,Returned,Website,3.0
ORD100854,27-Apr-2025,CUST1052,Ananya Kumar,Male,32,Delhi,North,P006,Laptop Backpack,Fashion,Bags,1,"?1,799.00",10%,"?1,619.10",?950.00,?669.10,UPI,Delivered,Mobile App,4.0
ORD102432,28-Apr-2025,CUST1932,Rahul Kumar,Female,29,Surat,West,P011,Coffee Maker,Home & Kitchen,Kitchen,3,"?3,499.00",15%,"?8,922.45","?6,750.00","?2,172.45",UPI,Delivered,Mobile App,5.0
ORD100718,28-Apr-2025,CUST0932,Varun Jain,Male,18,Ranchi,East,P026,Novel Collection,Books,Fiction,1,?899.00,10%,?809.10,?420.00,?389.10,UPI,Delivered,Website,4.0
ORD104409,28-Apr-2025,CUST1799,Nisha Saxena,Male,18,Lucknow,North,P023,Shampoo,Beauty,Haircare,5,?649.00,0%,"?3,245.00","?1,450.00","?1,795.00",Credit Card,Delivered,Website,4.0
ORD103621,28-Apr-2025,CUST0169,Zoya Singh,Male,35,Jaipur,North,P008,Cotton T-Shirt,Fashion,Clothing,4,?799.00,10%,"?2,876.40","?1,560.00","?1,316.40",UPI,Delivered,Mobile App,3.0
ORD100802,28-Apr-2025,CUST1904,Mohit Sharma,Male,36,Surat,West,P025,Moisturizer,Beauty,Skincare,1,?699.00,15%,?594.15,?310.00,?284.15,Wallet,Delivered,Mobile App,5.0
ORD102475,28-Apr-2025,CUST0072,Sanya Malhotra,Male,18,Pune,West,P020,Resistance Bands,Sports & Fitness,Fitness,1,?699.00,10%,?629.10,?320.00,?309.10,UPI,Cancelled,Website,
ORD103137,28-Apr-2025,CUST0540,Ananya Kumar,Male,27,Patna,East,P005,Power Bank 20000mAh,Electronics,Accessories,1,"?1,599.00",10%,"?1,439.10",?920.00,?519.10,UPI,Cancelled,Mobile App,
ORD100570,28-Apr-2025,CUST0385,Diya Mishra,Female,40,Amritsar,North,P005,Power Bank 20000mAh,Electronics,Accessories,1,"?1,599.00",5%,"?1,519.05",?920.00,?599.05,Debit Card,Delivered,Mobile App,5.0
ORD104636,28-Apr-2025,CUST0543,Shivam Mehta,Male,18,Bengaluru,South,P014,Table Lamp,Home & Kitchen,Home Decor,4,"?1,299.00",5%,"?4,936.20","?2,760.00","?2,176.20",Credit Card,Delivered,Website,5.0
ORD103371,28-Apr-2025,CUST1658,Rohan Rao,Male,28,Ranchi,East,P016,Yoga Mat,Sports & Fitness,Fitness,2,?999.00,10%,"?1,798.20","?1,040.00",?758.20,Credit Card,Delivered,Mobile App,5.0
ORD101630,28-Apr-2025,CUST1034,Arjun Rao,Female,31,Jaipur,North,P012,Air Fryer,Home & Kitchen,Kitchen,3,"?5,999.00",10%,"?16,197.30","?11,700.00","?4,497.30",Credit Card,Delivered,Mobile App,5.0
ORD100324,28-Apr-2025,CUST1951,Shivam Mehta,Male,42,Patna,East,P026,Novel Collection,Books,Fiction,2,?899.00,10%,"?1,618.20",?840.00,?778.20,UPI,Delivered,Mobile App,2.0
ORD100729,28-Apr-2025,CUST0632,Ishaan Malhotra,Female,28,Guwahati,East,P007,Running Shoes,Fashion,Footwear,2,"?2,899.00",0%,"?5,798.00","?3,400.00","?2,398.00",Debit Card,Returned,Website,5.0
ORD102066,28-Apr-2025,CUST0059,Vansh Chopra,Female,39,Bhubaneswar,East,P027,Business Strategy Book,Books,Business,1,?699.00,10%,?629.10,?300.00,?329.10,Debit Card,Delivered,Mobile App,5.0
ORD102775,28-Apr-2025,CUST1910,Simran Gupta,Female,22,Nagpur,West,P029,Programming Book,Books,Technology,2,"?1,299.00",15%,"?2,208.30","?1,220.00",?988.30,UPI,Delivered,Mobile App,4.0
ORD100532,29-Apr-2025,CUST0407,Aditi Saxena,Female,29,Bhubaneswar,East,P009,Denim Jeans,Fashion,Clothing,1,"?1,999.00",15%,"?1,699.15","?1,050.00",?649.15,Debit Card,Delivered,Mobile App,4.0
ORD101527,29-Apr-2025,CUST0868,Varun Jain,Female,26,Ahmedabad,West,P023,Shampoo,Beauty,Haircare,1,?649.00,5%,?616.55,?290.00,?326.55,UPI,Delivered,Website,4.0
ORD102034,29-Apr-2025,CUST1976,Ishaan Malhotra,Male,40,Mysuru,South,P027,Business Strategy Book,Books,Business,2,?699.00,5%,"?1,328.10",?600.00,?728.10,Cash on Delivery,Delivered,Mobile App,4.0
ORD102794,29-Apr-2025,CUST1874,Yash Agarwal,Male,45,Bengaluru,South,P005,Power Bank 20000mAh,Electronics,Accessories,5,"?1,599.00",5%,"?7,595.25","?4,600.00","?2,995.25",Debit Card,Delivered,Mobile App,5.0
ORD101920,29-Apr-2025,CUST2124,Rahul Kumar,Female,32,Chandigarh,North,P001,Wireless Headphones,Electronics,Audio,1,"?2,499.00",10%,"?2,249.10","?1,550.00",?699.10,Cash on Delivery,Delivered,Mobile App,5.0
ORD101486,29-Apr-2025,CUST2079,Shivam Mehta,Male,43,Coimbatore,South,P018,Cricket Bat,Sports & Fitness,Sports,2,"?2,199.00",10%,"?3,958.20","?2,500.00","?1,458.20",Debit Card,Delivered,Mobile App,4.0
ORD103867,29-Apr-2025,CUST0476,Ananya Kumar,Male,36,Patna,East,P023,Shampoo,Beauty,Haircare,1,?649.00,20%,?519.20,?290.00,?229.20,UPI,Delivered,Website,3.0
ORD100949,29-Apr-2025,CUST0645,Akash Bansal,Female,38,Bengaluru,South,P013,Non-Stick Cookware Set,Home & Kitchen,Cookware,1,"?4,299.00",15%,"?3,654.15","?2,700.00",?954.15,Credit Card,Delivered,Website,2.0
ORD100314,30-Apr-2025,CUST0308,Karan Jain,Male,32,Nashik,West,P014,Table Lamp,Home & Kitchen,Home Decor,1,"?1,299.00",15%,"?1,104.15",?690.00,?414.15,UPI,Delivered,Mobile App,5.0
ORD101167,30-Apr-2025,CUST0275,Anjali Verma,Female,40,Mysuru,South,P029,Programming Book,Books,Technology,2,"?1,299.00",0%,"?2,598.00","?1,220.00","?1,378.00",UPI,Delivered,Website,4.0
ORD102307,30-Apr-2025,CUST1170,Yash Agarwal,Female,27,Jaipur,North,P001,Wireless Headphones,Electronics,Audio,1,"?2,499.00",10%,"?2,249.10","?1,550.00",?699.10,UPI,Delivered,Mobile App,4.0
ORD100930,30-Apr-2025,CUST0040,Sanya Malhotra,Female,43,Bokaro,East,P003,Smart Watch,Electronics,Wearables,2,"?3,299.00",5%,"?6,268.10","?4,200.00","?2,068.10",Cash on Delivery,Delivered,Mobile App,4.0
ORD103534,30-Apr-2025,CUST0317,Kavya Patel,Male,39,Patna,East,P018,Cricket Bat,Sports & Fitness,Sports,1,"?2,199.00",25%,"?1,649.25","?1,250.00",?399.25,Credit Card,Delivered,Mobile App,4.0
ORD101260,30-Apr-2025,CUST0159,Shivam Mehta,Male,29,Patna,East,P022,Sunscreen SPF 50,Beauty,Skincare,5,?799.00,5%,"?3,795.25","?1,800.00","?1,995.25",Credit Card,Delivered,Mobile App,4.0
ORD103761,30-Apr-2025,CUST1305,Meera Singh,Female,31,Ahmedabad,West,P026,Novel Collection,Books,Fiction,1,?899.00,10%,?809.10,?420.00,?389.10,UPI,Delivered,Website,5.0
ORD100206,30-Apr-2025,CUST0586,Arjun Rao,Female,30,Coimbatore,South,P003,Smart Watch,Electronics,Wearables,3,"?3,299.00",10%,"?8,907.30","?6,300.00","?2,607.30",Wallet,Delivered,Website,5.0
ORD101861,30-Apr-2025,CUST1364,Karan Jain,Female,43,Bhubaneswar,East,P022,Sunscreen SPF 50,Beauty,Skincare,1,?799.00,5%,?759.05,?360.00,?399.05,UPI,Delivered,Mobile App,1.0
ORD101471,01-May-2025,CUST0703,Shivam Mehta,Female,29,Mysuru,South,P001,Wireless Headphones,Electronics,Audio,1,"?2,499.00",10%,"?2,249.10","?1,550.00",?699.10,Credit Card,Delivered,Website,2.0
ORD103306,01-May-2025,CUST0390,Kabir Gupta,Male,32,Bokaro,East,P004,USB-C Charger,Electronics,Accessories,2,?899.00,10%,"?1,618.20",?960.00,?658.20,Debit Card,Delivered,Mobile App,5.0
ORD100637,01-May-2025,CUST0055,Aditi Saxena,Female,36,Bokaro,East,P015,Bedsheet Set,Home & Kitchen,Home Decor,4,"?1,599.00",10%,"?5,756.40","?3,400.00","?2,356.40",Net Banking,Delivered,Mobile App,5.0
ORD104130,01-May-2025,CUST1507,Riya Verma,Male,23,Chandigarh,North,P004,USB-C Charger,Electronics,Accessories,1,?899.00,10%,?809.10,?480.00,?329.10,Net Banking,Cancelled,Mobile App,
ORD100513,02-May-2025,CUST2025,Zoya Singh,Male,51,Jaipur,North,P009,Denim Jeans,Fashion,Clothing,3,"?1,999.00",5%,"?5,697.15","?3,150.00","?2,547.15",Credit Card,Delivered,Website,3.0
ORD104022,02-May-2025,CUST0905,Zoya Singh,Female,23,Delhi,North,P015,Bedsheet Set,Home & Kitchen,Home Decor,1,"?1,599.00",20%,"?1,279.20",?850.00,?429.20,Net Banking,Delivered,Website,4.0
ORD101395,02-May-2025,CUST1134,Aditya Kapoor,Male,30,Surat,West,P021,Face Wash,Beauty,Skincare,1,?499.00,15%,?424.15,?220.00,?204.15,Cash on Delivery,Delivered,Mobile App,1.0
ORD101943,02-May-2025,CUST1127,Nisha Saxena,Female,19,Delhi,North,P008,Cotton T-Shirt,Fashion,Clothing,1,?799.00,0%,?799.00,?390.00,?409.00,Cash on Delivery,Delivered,Mobile App,2.0
ORD103453,02-May-2025,CUST1745,Sakshi Mishra,Female,30,Lucknow,North,P024,Perfume,Beauty,Fragrance,2,"?1,799.00",10%,"?3,238.20","?1,800.00","?1,438.20",UPI,Delivered,Mobile App,4.0
ORD100007,02-May-2025,CUST0771,Riya Verma,Male,21,Delhi,North,P026,Novel Collection,Books,Fiction,1,?899.00,20%,?719.20,?420.00,?299.20,Wallet,Delivered,Mobile App,4.0
ORD104575,02-May-2025,CUST0192,Aarav Sharma,Male,26,Kochi,South,P018,Cricket Bat,Sports & Fitness,Sports,3,"?2,199.00",20%,"?5,277.60","?3,750.00","?1,527.60",Debit Card,Delivered,Mobile App,4.0
ORD101359,02-May-2025,CUST0504,Ishaan Malhotra,Female,33,Lucknow,North,P021,Face Wash,Beauty,Skincare,2,?499.00,25%,?748.50,?440.00,?308.50,Cash on Delivery,Delivered,Mobile App,4.0
ORD102873,02-May-2025,CUST1775,Isha Mehta,Female,44,Bokaro,East,P008,Cotton T-Shirt,Fashion,Clothing,1,?799.00,5%,?759.05,?390.00,?369.05,Cash on Delivery,Delivered,Mobile App,4.0
ORD102514,02-May-2025,CUST0015,Isha Mehta,Female,44,Ranchi,East,P022,Sunscreen SPF 50,Beauty,Skincare,2,?799.00,15%,"?1,358.30",?720.00,?638.30,Debit Card,Delivered,Website,4.0
ORD102645,03-May-2025,CUST1976,Ishaan Malhotra,Male,42,Delhi,North,P004,USB-C Charger,Electronics,Accessories,2,?899.00,15%,"?1,528.30",?960.00,?568.30,Wallet,Delivered,Mobile App,5.0
ORD100165,03-May-2025,CUST1258,Arjun Rao,Male,38,Jaipur,North,P015,Bedsheet Set,Home & Kitchen,Home Decor,2,"?1,599.00",5%,"?3,038.10","?1,700.00","?1,338.10",Credit Card,Delivered,Website,5.0
ORD103287,03-May-2025,CUST1313,Diya Mishra,Female,24,Kolkata,East,P025,Moisturizer,Beauty,Skincare,2,?699.00,10%,"?1,258.20",?620.00,?638.20,UPI,Delivered,Website,5.0
ORD104562,03-May-2025,CUST0579,Riya Verma,Female,34,Delhi,North,P009,Denim Jeans,Fashion,Clothing,1,"?1,999.00",5%,"?1,899.05","?1,050.00",?849.05,Credit Card,Delivered,Website,4.0
ORD104311,03-May-2025,CUST1539,Riya Verma,Male,18,Mumbai,West,P019,Badminton Racket,Sports & Fitness,Sports,2,"?1,499.00",10%,"?2,698.20","?1,600.00","?1,098.20",Cash on Delivery,Delivered,Mobile App,4.0
ORD104882,03-May-2025,CUST0691,Anjali Verma,Female,25,Jaipur,North,P025,Moisturizer,Beauty,Skincare,1,?699.00,15%,?594.15,?310.00,?284.15,UPI,Delivered,Mobile App,3.0
ORD101819,04-May-2025,CUST0383,Shivam Mehta,Male,41,Chandigarh,North,P006,Laptop Backpack,Fashion,Bags,1,"?1,799.00",10%,"?1,619.10",?950.00,?669.10,Net Banking,Cancelled,Mobile App,
ORD101593,04-May-2025,CUST0188,Ananya Kumar,Male,35,Guwahati,East,P028,Data Analytics Book,Books,Technology,1,"?1,099.00",10%,?989.10,?520.00,?469.10,Debit Card,Delivered,Mobile App,1.0
ORD103126,04-May-2025,CUST1252,Varun Jain,Female,29,Jaipur,North,P019,Badminton Racket,Sports & Fitness,Sports,1,"?1,499.00",0%,"?1,499.00",?800.00,?699.00,Credit Card,Delivered,Website,5.0
ORD103461,04-May-2025,CUST0492,Rahul Kumar,Male,35,Amritsar,North,P022,Sunscreen SPF 50,Beauty,Skincare,1,?799.00,0%,?799.00,?360.00,?439.00,Credit Card,Delivered,Website,2.0
ORD101937,04-May-2025,CUST0966,Kabir Gupta,Male,40,Mysuru,South,P015,Bedsheet Set,Home & Kitchen,Home Decor,1,"?1,599.00",30%,"?1,119.30",?850.00,?269.30,UPI,Delivered,Mobile App,5.0
ORD102829,04-May-2025,CUST1983,Shivam Mehta,Female,21,Mysuru,South,P008,Cotton T-Shirt,Fashion,Clothing,2,?799.00,10%,"?1,438.20",?780.00,?658.20,Wallet,Delivered,Website,5.0
ORD104164,04-May-2025,CUST1928,Sanya Malhotra,Female,18,Ahmedabad,West,P007,Running Shoes,Fashion,Footwear,3,"?2,899.00",5%,"?8,262.15","?5,100.00","?3,162.15",Credit Card,Delivered,Mobile App,3.0
ORD102266,04-May-2025,CUST0028,Ananya Kumar,Female,28,Lucknow,North,P002,Bluetooth Speaker,Electronics,Audio,2,"?1,899.00",25%,"?2,848.50","?2,240.00",?608.50,Credit Card,Delivered,Mobile App,4.0
ORD100173,04-May-2025,CUST0719,Isha Mehta,Female,26,Surat,West,P024,Perfume,Beauty,Fragrance,1,"?1,799.00",0%,"?1,799.00",?900.00,?899.00,Credit Card,Delivered,Mobile App,5.0
ORD102074,04-May-2025,CUST1447,Nisha Saxena,Female,33,Kolkata,East,P029,Programming Book,Books,Technology,1,"?1,299.00",10%,"?1,169.10",?610.00,?559.10,Credit Card,Delivered,Mobile App,5.0
ORD102517,04-May-2025,CUST1909,Pranav Bansal,Male,19,Kochi,South,P004,USB-C Charger,Electronics,Accessories,2,?899.00,30%,"?1,258.60",?960.00,?298.60,UPI,Delivered,Mobile App,5.0
ORD101184,04-May-2025,CUST1754,Rohan Rao,Female,37,Delhi,North,P001,Wireless Headphones,Electronics,Audio,1,"?2,499.00",5%,"?2,374.05","?1,550.00",?824.05,UPI,Delivered,Website,5.0
ORD100297,05-May-2025,CUST0571,Vansh Chopra,Female,19,Bhubaneswar,East,P027,Business Strategy Book,Books,Business,1,?699.00,0%,?699.00,?300.00,?399.00,Debit Card,Delivered,Mobile App,4.0
ORD103575,05-May-2025,CUST0038,Kabir Gupta,Male,38,Mysuru,South,P019,Badminton Racket,Sports & Fitness,Sports,2,"?1,499.00",5%,"?2,848.10","?1,600.00","?1,248.10",Credit Card,Delivered,Website,5.0
ORD102908,05-May-2025,CUST0913,Sakshi Mishra,Male,18,Nagpur,West,P029,Programming Book,Books,Technology,1,"?1,299.00",10%,"?1,169.10",?610.00,?559.10,Debit Card,Returned,Website,4.0
ORD102515,05-May-2025,CUST1237,Pranav Bansal,Male,42,Amritsar,North,P015,Bedsheet Set,Home & Kitchen,Home Decor,2,"?1,599.00",0%,"?3,198.00","?1,700.00","?1,498.00",Debit Card,Delivered,Website,5.0
ORD104291,05-May-2025,CUST0555,Kiara Chopra,Male,18,Nashik,West,P008,Cotton T-Shirt,Fashion,Clothing,1,?799.00,5%,?759.05,?390.00,?369.05,UPI,Delivered,Mobile App,3.0
ORD104972,05-May-2025,CUST0524,Rahul Kumar,Female,37,Jaipur,North,P023,Shampoo,Beauty,Haircare,1,?649.00,5%,?616.55,?290.00,?326.55,Credit Card,Delivered,Mobile App,4.0
ORD104101,05-May-2025,CUST0450,Manish Agarwal,Male,27,Jaipur,North,P003,Smart Watch,Electronics,Wearables,2,"?3,299.00",5%,"?6,268.10","?4,200.00","?2,068.10",UPI,Returned,Website,3.0
ORD104054,05-May-2025,CUST0692,Karan Jain,Male,28,Lucknow,North,P005,Power Bank 20000mAh,Electronics,Accessories,1,"?1,599.00",15%,"?1,359.15",?920.00,?439.15,Net Banking,Delivered,Mobile App,5.0
ORD102510,05-May-2025,CUST1827,Riya Verma,Female,38,Lucknow,North,P018,Cricket Bat,Sports & Fitness,Sports,5,"?2,199.00",0%,"?10,995.00","?6,250.00","?4,745.00",Cash on Delivery,Delivered,Mobile App,5.0
ORD100467,06-May-2025,CUST1514,Arjun Rao,Male,41,Dehradun,North,P022,Sunscreen SPF 50,Beauty,Skincare,2,?799.00,10%,"?1,438.20",?720.00,?718.20,Debit Card,Delivered,Mobile App,3.0
ORD103129,06-May-2025,CUST1267,Anjali Verma,Male,38,Nashik,West,P028,Data Analytics Book,Books,Technology,1,"?1,099.00",5%,"?1,044.05",?520.00,?524.05,UPI,Delivered,Mobile App,3.0
ORD102606,06-May-2025,CUST1370,Rohan Rao,Male,24,Nagpur,West,P012,Air Fryer,Home & Kitchen,Kitchen,2,"?5,999.00",25%,"?8,998.50","?7,800.00","?1,198.50",UPI,Delivered,Website,5.0
ORD100675,06-May-2025,CUST0875,Kiara Chopra,Female,34,Kochi,South,P015,Bedsheet Set,Home & Kitchen,Home Decor,3,"?1,599.00",5%,"?4,557.15","?2,550.00","?2,007.15",Debit Card,Delivered,Mobile App,5.0
ORD104732,06-May-2025,CUST1339,Vansh Chopra,Female,24,Nashik,West,P021,Face Wash,Beauty,Skincare,1,?499.00,0%,?499.00,?220.00,?279.00,Debit Card,Delivered,Mobile App,1.0
ORD101499,06-May-2025,CUST2052,Varun Jain,Male,33,Lucknow,North,P003,Smart Watch,Electronics,Wearables,4,"?3,299.00",5%,"?12,536.20","?8,400.00","?4,136.20",UPI,Returned,Website,5.0
ORD100608,06-May-2025,CUST1722,Rohan Rao,Male,28,Nashik,West,P012,Air Fryer,Home & Kitchen,Kitchen,1,"?5,999.00",0%,"?5,999.00","?3,900.00","?2,099.00",UPI,Delivered,Mobile App,4.0
ORD104661,06-May-2025,CUST2026,Arjun Rao,Male,29,Nagpur,West,P007,Running Shoes,Fashion,Footwear,1,"?2,899.00",15%,"?2,464.15","?1,700.00",?764.15,Credit Card,Delivered,Mobile App,5.0
ORD104847,06-May-2025,CUST0963,Riya Verma,Male,22,Pune,West,P023,Shampoo,Beauty,Haircare,1,?649.00,5%,?616.55,?290.00,?326.55,UPI,Delivered,Mobile App,5.0
ORD102490,06-May-2025,CUST0120,Ishaan Malhotra,Male,27,Patna,East,P001,Wireless Headphones,Electronics,Audio,2,"?2,499.00",5%,"?4,748.10","?3,100.00","?1,648.10",UPI,Delivered,Website,3.0
ORD103237,07-May-2025,CUST0125,Kavya Patel,Female,37,Mysuru,South,P004,USB-C Charger,Electronics,Accessories,2,?899.00,10%,"?1,618.20",?960.00,?658.20,Net Banking,Delivered,Website,4.0
ORD103369,07-May-2025,CUST0086,Simran Gupta,Male,31,Hyderabad,South,P029,Programming Book,Books,Technology,1,"?1,299.00",25%,?974.25,?610.00,?364.25,Cash on Delivery,Delivered,Website,5.0
ORD100319,07-May-2025,CUST0651,Kiara Chopra,Female,25,Bengaluru,South,P004,USB-C Charger,Electronics,Accessories,2,?899.00,10%,"?1,618.20",?960.00,?658.20,Wallet,Cancelled,Website,
ORD103782,07-May-2025,CUST1683,Anjali Verma,Male,20,Surat,West,P022,Sunscreen SPF 50,Beauty,Skincare,1,?799.00,5%,?759.05,?360.00,?399.05,UPI,Delivered,Mobile App,5.0
ORD101387,07-May-2025,CUST2154,Arjun Rao,Male,21,Nagpur,West,P009,Denim Jeans,Fashion,Clothing,2,"?1,999.00",0%,"?3,998.00","?2,100.00","?1,898.00",Net Banking,Delivered,Mobile App,5.0
ORD100833,07-May-2025,CUST1037,Tanvi Patel,Female,37,Surat,West,P019,Badminton Racket,Sports & Fitness,Sports,1,"?1,499.00",10%,"?1,349.10",?800.00,?549.10,Credit Card,Delivered,Website,1.0
ORD102629,07-May-2025,CUST0836,Varun Jain,Male,40,Mumbai,West,P025,Moisturizer,Beauty,Skincare,1,?699.00,5%,?664.05,?310.00,?354.05,Debit Card,Cancelled,Mobile App,
ORD102321,07-May-2025,CUST1587,Anjali Verma,Male,27,Chennai,South,P021,Face Wash,Beauty,Skincare,1,?499.00,15%,?424.15,?220.00,?204.15,UPI,Delivered,Mobile App,5.0
ORD104665,07-May-2025,CUST0561,Sakshi Mishra,Male,24,Bokaro,East,P007,Running Shoes,Fashion,Footwear,3,"?2,899.00",5%,"?8,262.15","?5,100.00","?3,162.15",Debit Card,Delivered,Website,5.0
ORD102450,07-May-2025,CUST1440,Aarav Sharma,Female,38,Nagpur,West,P006,Laptop Backpack,Fashion,Bags,1,"?1,799.00",10%,"?1,619.10",?950.00,?669.10,UPI,Delivered,Website,5.0
ORD102399,07-May-2025,CUST1018,Rohan Rao,Male,34,Kochi,South,P023,Shampoo,Beauty,Haircare,1,?649.00,10%,?584.10,?290.00,?294.10,Debit Card,Delivered,Mobile App,4.0
ORD100962,08-May-2025,CUST0532,Karan Jain,Male,49,Nashik,West,P028,Data Analytics Book,Books,Technology,1,"?1,099.00",10%,?989.10,?520.00,?469.10,Credit Card,Delivered,Mobile App,4.0
ORD103089,08-May-2025,CUST1538,Manish Agarwal,Female,39,Nagpur,West,P007,Running Shoes,Fashion,Footwear,2,"?2,899.00",10%,"?5,218.20","?3,400.00","?1,818.20",UPI,Delivered,Website,4.0
ORD104035,08-May-2025,CUST0770,Manish Agarwal,Male,27,Kochi,South,P030,Self Help Book,Books,Self Development,4,?599.00,10%,"?2,156.40","?1,040.00","?1,116.40",Credit Card,Delivered,Website,5.0
ORD101783,08-May-2025,CUST0773,Akash Bansal,Female,18,Lucknow,North,P022,Sunscreen SPF 50,Beauty,Skincare,3,?799.00,10%,"?2,157.30","?1,080.00","?1,077.30",UPI,Delivered,Mobile App,4.0
ORD101983,08-May-2025,CUST0733,Kavya Patel,Female,25,Mumbai,West,P001,Wireless Headphones,Electronics,Audio,2,"?2,499.00",10%,"?4,498.20","?3,100.00","?1,398.20",Credit Card,Delivered,Website,3.0
ORD103707,08-May-2025,CUST1557,Pranav Bansal,Male,23,Hyderabad,South,P022,Sunscreen SPF 50,Beauty,Skincare,4,?799.00,5%,"?3,036.20","?1,440.00","?1,596.20",UPI,Delivered,Mobile App,5.0
ORD102627,08-May-2025,CUST0446,Pooja Kapoor,Male,32,Mumbai,West,P005,Power Bank 20000mAh,Electronics,Accessories,1,"?1,599.00",5%,"?1,519.05",?920.00,?599.05,Credit Card,Delivered,Mobile App,4.0
ORD103155,08-May-2025,CUST1691,Vansh Chopra,Male,34,Surat,West,P007,Running Shoes,Fashion,Footwear,1,"?2,899.00",10%,"?2,609.10","?1,700.00",?909.10,UPI,Delivered,Mobile App,3.0
ORD100980,08-May-2025,CUST1533,Kavya Patel,Female,36,Mumbai,West,P023,Shampoo,Beauty,Haircare,1,?649.00,10%,?584.10,?290.00,?294.10,Credit Card,Delivered,Mobile App,4.0
ORD100269,08-May-2025,CUST1901,Tanvi Patel,Female,36,Bokaro,East,P007,Running Shoes,Fashion,Footwear,1,"?2,899.00",20%,"?2,319.20","?1,700.00",?619.20,Credit Card,Delivered,Mobile App,4.0
ORD104293,08-May-2025,CUST0771,Riya Verma,Male,35,Amritsar,North,P010,Casual Hoodie,Fashion,Clothing,2,"?1,499.00",5%,"?2,848.10","?1,560.00","?1,288.10",Net Banking,Delivered,Mobile App,3.0
ORD104943,08-May-2025,CUST0466,Yash Agarwal,Male,32,Nashik,West,P029,Programming Book,Books,Technology,1,"?1,299.00",5%,"?1,234.05",?610.00,?624.05,Cash on Delivery,Delivered,Mobile App,5.0
ORD101518,09-May-2025,CUST1187,Riya Verma,Female,33,Amritsar,North,P007,Running Shoes,Fashion,Footwear,1,"?2,899.00",5%,"?2,754.05","?1,700.00","?1,054.05",Debit Card,Returned,Website,5.0
ORD103517,09-May-2025,CUST1077,Pranav Bansal,Male,18,Surat,West,P001,Wireless Headphones,Electronics,Audio,1,"?2,499.00",5%,"?2,374.05","?1,550.00",?824.05,Debit Card,Delivered,Website,4.0
ORD103304,09-May-2025,CUST1473,Diya Mishra,Male,28,Delhi,North,P002,Bluetooth Speaker,Electronics,Audio,2,"?1,899.00",5%,"?3,608.10","?2,240.00","?1,368.10",UPI,Delivered,Website,5.0
ORD100080,09-May-2025,CUST0872,Sanya Malhotra,Male,21,Kochi,South,P007,Running Shoes,Fashion,Footwear,1,"?2,899.00",10%,"?2,609.10","?1,700.00",?909.10,Credit Card,Delivered,Mobile App,3.0
ORD103927,09-May-2025,CUST1049,Meera Singh,Female,21,Surat,West,P003,Smart Watch,Electronics,Wearables,1,"?3,299.00",5%,"?3,134.05","?2,100.00","?1,034.05",Credit Card,Delivered,Mobile App,3.0
ORD104227,09-May-2025,CUST1669,Akash Bansal,Male,18,Chennai,South,P026,Novel Collection,Books,Fiction,1,?899.00,5%,?854.05,?420.00,?434.05,Credit Card,Delivered,Website,5.0
ORD102213,09-May-2025,CUST1617,Sakshi Mishra,Male,40,Mysuru,South,P027,Business Strategy Book,Books,Business,1,?699.00,15%,?594.15,?300.00,?294.15,UPI,Delivered,Mobile App,4.0
ORD103315,09-May-2025,CUST0258,Manish Agarwal,Male,43,Bhubaneswar,East,P013,Non-Stick Cookware Set,Home & Kitchen,Cookware,2,"?4,299.00",5%,"?8,168.10","?5,400.00","?2,768.10",UPI,Delivered,Mobile App,3.0
ORD101989,09-May-2025,CUST1199,Isha Mehta,Female,24,Lucknow,North,P003,Smart Watch,Electronics,Wearables,1,"?3,299.00",15%,"?2,804.15","?2,100.00",?704.15,Credit Card,Delivered,Mobile App,4.0
ORD102947,09-May-2025,CUST1097,Zoya Singh,Female,27,Chandigarh,North,P010,Casual Hoodie,Fashion,Clothing,3,"?1,499.00",20%,"?3,597.60","?2,340.00","?1,257.60",Credit Card,Delivered,Mobile App,5.0
ORD104352,09-May-2025,CUST0864,Aarav Sharma,Female,33,Coimbatore,South,P024,Perfume,Beauty,Fragrance,1,"?1,799.00",30%,"?1,259.30",?900.00,?359.30,Credit Card,Delivered,Website,4.0
ORD102206,09-May-2025,CUST0694,Simran Gupta,Female,27,Mumbai,West,P021,Face Wash,Beauty,Skincare,1,?499.00,20%,?399.20,?220.00,?179.20,Cash on Delivery,Delivered,Website,5.0
ORD101864,09-May-2025,CUST1020,Ananya Kumar,Male,24,Mysuru,South,P007,Running Shoes,Fashion,Footwear,4,"?2,899.00",5%,"?11,016.20","?6,800.00","?4,216.20",UPI,Delivered,Mobile App,5.0
ORD101760,10-May-2025,CUST1076,Karan Jain,Male,28,Nashik,West,P006,Laptop Backpack,Fashion,Bags,2,"?1,799.00",20%,"?2,878.40","?1,900.00",?978.40,Credit Card,Delivered,Mobile App,3.0
ORD104947,10-May-2025,CUST1184,Aarav Sharma,Male,38,Bengaluru,South,P025,Moisturizer,Beauty,Skincare,2,?699.00,10%,"?1,258.20",?620.00,?638.20,Debit Card,Delivered,Website,5.0
ORD101690,10-May-2025,CUST1741,Tanvi Patel,Female,34,Mysuru,South,P023,Shampoo,Beauty,Haircare,1,?649.00,25%,?486.75,?290.00,?196.75,UPI,Delivered,Mobile App,3.0
ORD101285,10-May-2025,CUST0016,Mohit Sharma,Female,36,Bokaro,East,P029,Programming Book,Books,Technology,1,"?1,299.00",10%,"?1,169.10",?610.00,?559.10,Credit Card,Delivered,Mobile App,5.0
ORD100996,10-May-2025,CUST0505,Meera Singh,Female,18,Mumbai,West,P017,Dumbbell Set,Sports & Fitness,Fitness,1,"?2,499.00",15%,"?2,124.15","?1,450.00",?674.15,UPI,Delivered,Mobile App,5.0
ORD101791,10-May-2025,CUST1562,Rohan Rao,Male,30,Surat,West,P001,Wireless Headphones,Electronics,Audio,3,"?2,499.00",15%,"?6,372.45","?4,650.00","?1,722.45",Wallet,Delivered,Mobile App,5.0
ORD101865,10-May-2025,CUST1285,Akash Bansal,Male,29,Jaipur,North,P006,Laptop Backpack,Fashion,Bags,1,"?1,799.00",10%,"?1,619.10",?950.00,?669.10,Wallet,Delivered,Website,3.0
ORD104217,10-May-2025,CUST1911,Aditi Saxena,Female,37,Nagpur,West,P016,Yoga Mat,Sports & Fitness,Fitness,1,?999.00,10%,?899.10,?520.00,?379.10,Debit Card,Delivered,Mobile App,4.0
ORD100812,10-May-2025,CUST0960,Aarav Sharma,Male,21,Patna,East,P002,Bluetooth Speaker,Electronics,Audio,3,"?1,899.00",30%,"?3,987.90","?3,360.00",?627.90,Cash on Delivery,Delivered,Mobile App,5.0
ORD104797,10-May-2025,CUST0703,Shivam Mehta,Female,28,Coimbatore,South,P029,Programming Book,Books,Technology,1,"?1,299.00",5%,"?1,234.05",?610.00,?624.05,Debit Card,Delivered,Mobile App,4.0
ORD100158,10-May-2025,CUST0570,Rohan Rao,Female,38,Delhi,North,P025,Moisturizer,Beauty,Skincare,5,?699.00,10%,"?3,145.50","?1,550.00","?1,595.50",Credit Card,Cancelled,Mobile App,
ORD104808,10-May-2025,CUST1005,Tanvi Patel,Male,28,Chandigarh,North,P029,Programming Book,Books,Technology,1,"?1,299.00",0%,"?1,299.00",?610.00,?689.00,Credit Card,Delivered,Website,3.0
ORD101448,10-May-2025,CUST1991,Nisha Saxena,Male,46,Lucknow,North,P018,Cricket Bat,Sports & Fitness,Sports,4,"?2,199.00",20%,"?7,036.80","?5,000.00","?2,036.80",Wallet,Delivered,Mobile App,4.0
ORD101034,11-May-2025,CUST0790,Simran Gupta,Male,18,Lucknow,North,P028,Data Analytics Book,Books,Technology,1,"?1,099.00",5%,"?1,044.05",?520.00,?524.05,Wallet,Delivered,Website,4.0
ORD100202,11-May-2025,CUST1397,Pranav Bansal,Male,42,Pune,West,P030,Self Help Book,Books,Self Development,1,?599.00,10%,?539.10,?260.00,?279.10,Debit Card,Delivered,Mobile App,3.0
ORD102241,11-May-2025,CUST1004,Rahul Kumar,Female,44,Ahmedabad,West,P003,Smart Watch,Electronics,Wearables,3,"?3,299.00",10%,"?8,907.30","?6,300.00","?2,607.30",Credit Card,Delivered,Mobile App,1.0
ORD100035,11-May-2025,CUST0167,Nisha Saxena,Female,43,Kolkata,East,P005,Power Bank 20000mAh,Electronics,Accessories,3,"?1,599.00",10%,"?4,317.30","?2,760.00","?1,557.30",UPI,Delivered,Mobile App,5.0
ORD102223,11-May-2025,CUST1448,Sanya Malhotra,Male,18,Bhubaneswar,East,P002,Bluetooth Speaker,Electronics,Audio,1,"?1,899.00",10%,"?1,709.10","?1,120.00",?589.10,UPI,Delivered,Website,5.0
ORD104357,11-May-2025,CUST1160,Sanya Malhotra,Female,37,Ahmedabad,West,P007,Running Shoes,Fashion,Footwear,1,"?2,899.00",15%,"?2,464.15","?1,700.00",?764.15,UPI,Cancelled,Website,
ORD102127,11-May-2025,CUST0290,Manish Agarwal,Female,36,Coimbatore,South,P016,Yoga Mat,Sports & Fitness,Fitness,2,?999.00,25%,"?1,498.50","?1,040.00",?458.50,Cash on Delivery,Delivered,Website,3.0
ORD101085,11-May-2025,CUST1005,Tanvi Patel,Female,47,Coimbatore,South,P007,Running Shoes,Fashion,Footwear,1,"?2,899.00",25%,"?2,174.25","?1,700.00",?474.25,Debit Card,Delivered,Website,4.0
ORD100015,11-May-2025,CUST1422,Aditya Kapoor,Female,29,Chennai,South,P023,Shampoo,Beauty,Haircare,1,?649.00,0%,?649.00,?290.00,?359.00,Credit Card,Delivered,Website,5.0
ORD104970,12-May-2025,CUST1790,Pooja Kapoor,Female,25,Bhubaneswar,East,P024,Perfume,Beauty,Fragrance,1,"?1,799.00",25%,"?1,349.25",?900.00,?449.25,UPI,Delivered,Website,2.0
ORD100768,12-May-2025,CUST1297,Sakshi Mishra,Male,33,Kochi,South,P021,Face Wash,Beauty,Skincare,1,?499.00,5%,?474.05,?220.00,?254.05,Wallet,Delivered,Mobile App,4.0
ORD102980,12-May-2025,CUST2165,Pranav Bansal,Male,42,Hyderabad,South,P005,Power Bank 20000mAh,Electronics,Accessories,1,"?1,599.00",5%,"?1,519.05",?920.00,?599.05,Credit Card,Delivered,Website,4.0
ORD103923,12-May-2025,CUST0989,Kavya Patel,Male,29,Surat,West,P003,Smart Watch,Electronics,Wearables,1,"?3,299.00",20%,"?2,639.20","?2,100.00",?539.20,Wallet,Delivered,Website,3.0
ORD102019,12-May-2025,CUST0871,Nisha Saxena,Male,38,Chennai,South,P023,Shampoo,Beauty,Haircare,1,?649.00,5%,?616.55,?290.00,?326.55,UPI,Delivered,Mobile App,5.0
ORD102356,12-May-2025,CUST2113,Diya Mishra,Male,27,Surat,West,P013,Non-Stick Cookware Set,Home & Kitchen,Cookware,4,"?4,299.00",20%,"?13,756.80","?10,800.00","?2,956.80",UPI,Cancelled,Mobile App,
ORD104948,12-May-2025,CUST1655,Aditi Saxena,Male,27,Delhi,North,P006,Laptop Backpack,Fashion,Bags,2,"?1,799.00",15%,"?3,058.30","?1,900.00","?1,158.30",Credit Card,Delivered,Mobile App,3.0
ORD100457,12-May-2025,CUST1301,Pranav Bansal,Male,40,Patna,East,P020,Resistance Bands,Sports & Fitness,Fitness,3,?699.00,15%,"?1,782.45",?960.00,?822.45,Credit Card,Delivered,Mobile App,4.0
ORD102021,12-May-2025,CUST1175,Aditi Saxena,Male,35,Mumbai,West,P021,Face Wash,Beauty,Skincare,1,?499.00,15%,?424.15,?220.00,?204.15,UPI,Delivered,Website,3.0
ORD103755,12-May-2025,CUST1796,Varun Jain,Female,19,Chandigarh,North,P016,Yoga Mat,Sports & Fitness,Fitness,1,?999.00,5%,?949.05,?520.00,?429.05,UPI,Delivered,Mobile App,3.0
ORD101466,13-May-2025,CUST0764,Ananya Kumar,Male,19,Chandigarh,North,P021,Face Wash,Beauty,Skincare,1,?499.00,25%,?374.25,?220.00,?154.25,Debit Card,Returned,Website,3.0
ORD100429,13-May-2025,CUST0489,Zoya Singh,Female,47,Coimbatore,South,P023,Shampoo,Beauty,Haircare,2,?649.00,0%,"?1,298.00",?580.00,?718.00,UPI,Delivered,Mobile App,3.0
ORD101217,13-May-2025,CUST0967,Nisha Saxena,Male,33,Mumbai,West,P022,Sunscreen SPF 50,Beauty,Skincare,3,?799.00,10%,"?2,157.30","?1,080.00","?1,077.30",UPI,Delivered,Mobile App,5.0
ORD101579,13-May-2025,CUST0075,Kiara Chopra,Male,36,Lucknow,North,P005,Power Bank 20000mAh,Electronics,Accessories,1,"?1,599.00",15%,"?1,359.15",?920.00,?439.15,UPI,Delivered,Website,4.0
ORD100832,13-May-2025,CUST1366,Simran Gupta,Female,34,Nashik,West,P002,Bluetooth Speaker,Electronics,Audio,1,"?1,899.00",15%,"?1,614.15","?1,120.00",?494.15,UPI,Delivered,Mobile App,4.0
ORD100597,13-May-2025,CUST1465,Meera Singh,Female,33,Mumbai,West,P002,Bluetooth Speaker,Electronics,Audio,4,"?1,899.00",5%,"?7,216.20","?4,480.00","?2,736.20",UPI,Delivered,Mobile App,4.0
ORD100485,14-May-2025,CUST1348,Varun Jain,Male,38,Patna,East,P017,Dumbbell Set,Sports & Fitness,Fitness,1,"?2,499.00",15%,"?2,124.15","?1,450.00",?674.15,Net Banking,Delivered,Website,4.0
ORD104607,14-May-2025,CUST2145,Diya Mishra,Male,28,Patna,East,P027,Business Strategy Book,Books,Business,1,?699.00,0%,?699.00,?300.00,?399.00,UPI,Delivered,Website,5.0
ORD100820,14-May-2025,CUST0125,Kavya Patel,Female,28,Nagpur,West,P014,Table Lamp,Home & Kitchen,Home Decor,3,"?1,299.00",0%,"?3,897.00","?2,070.00","?1,827.00",UPI,Delivered,Website,5.0
ORD103196,14-May-2025,CUST0372,Karan Jain,Male,41,Patna,East,P013,Non-Stick Cookware Set,Home & Kitchen,Cookware,1,"?4,299.00",10%,"?3,869.10","?2,700.00","?1,169.10",Credit Card,Delivered,Mobile App,5.0
ORD104715,14-May-2025,CUST0242,Yash Agarwal,Male,42,Ranchi,East,P026,Novel Collection,Books,Fiction,1,?899.00,10%,?809.10,?420.00,?389.10,Cash on Delivery,Delivered,Website,4.0
ORD104845,14-May-2025,CUST0833,Diya Mishra,Female,31,Amritsar,North,P006,Laptop Backpack,Fashion,Bags,1,"?1,799.00",15%,"?1,529.15",?950.00,?579.15,UPI,Delivered,Mobile App,4.0
ORD104540,14-May-2025,CUST0095,Shivam Mehta,Male,26,Chennai,South,P030,Self Help Book,Books,Self Development,2,?599.00,10%,"?1,078.20",?520.00,?558.20,Debit Card,Delivered,Website,1.0
ORD102801,14-May-2025,CUST1191,Nisha Saxena,Male,33,Ahmedabad,West,P001,Wireless Headphones,Electronics,Audio,1,"?2,499.00",0%,"?2,499.00","?1,550.00",?949.00,Credit Card,Delivered,Mobile App,4.0
ORD101753,14-May-2025,CUST0003,Riya Verma,Female,36,Coimbatore,South,P008,Cotton T-Shirt,Fashion,Clothing,3,?799.00,15%,"?2,037.45","?1,170.00",?867.45,UPI,Delivered,Website,4.0
ORD103301,15-May-2025,CUST0435,Anjali Verma,Male,40,Kochi,South,P002,Bluetooth Speaker,Electronics,Audio,4,"?1,899.00",10%,"?6,836.40","?4,480.00","?2,356.40",Credit Card,Delivered,Website,4.0
ORD104202,15-May-2025,CUST1624,Ishaan Malhotra,Male,34,Coimbatore,South,P026,Novel Collection,Books,Fiction,2,?899.00,20%,"?1,438.40",?840.00,?598.40,UPI,Delivered,Website,4.0
ORD100224,15-May-2025,CUST0762,Rohan Rao,Female,32,Bokaro,East,P022,Sunscreen SPF 50,Beauty,Skincare,1,?799.00,10%,?719.10,?360.00,?359.10,Credit Card,Delivered,Mobile App,5.0
ORD104694,15-May-2025,CUST2082,Manish Agarwal,Male,31,Nagpur,West,P003,Smart Watch,Electronics,Wearables,1,"?3,299.00",25%,"?2,474.25","?2,100.00",?374.25,UPI,Delivered,Mobile App,1.0
ORD100093,15-May-2025,CUST1617,Sakshi Mishra,Male,18,Jaipur,North,P004,USB-C Charger,Electronics,Accessories,3,?899.00,10%,"?2,427.30","?1,440.00",?987.30,Credit Card,Delivered,Mobile App,3.0
ORD104527,15-May-2025,CUST0586,Arjun Rao,Female,31,Hyderabad,South,P017,Dumbbell Set,Sports & Fitness,Fitness,3,"?2,499.00",0%,"?7,497.00","?4,350.00","?3,147.00",Debit Card,Delivered,Mobile App,5.0
ORD104579,16-May-2025,CUST1797,Akash Bansal,Female,31,Surat,West,P024,Perfume,Beauty,Fragrance,1,"?1,799.00",25%,"?1,349.25",?900.00,?449.25,Net Banking,Delivered,Mobile App,4.0
ORD102385,16-May-2025,CUST1498,Rohan Rao,Female,31,Delhi,North,P019,Badminton Racket,Sports & Fitness,Sports,3,"?1,499.00",5%,"?4,272.15","?2,400.00","?1,872.15",Cash on Delivery,Delivered,Website,5.0
ORD103467,16-May-2025,CUST1456,Mohit Sharma,Male,41,Ranchi,East,P018,Cricket Bat,Sports & Fitness,Sports,1,"?2,199.00",10%,"?1,979.10","?1,250.00",?729.10,Credit Card,Delivered,Website,5.0
ORD101986,16-May-2025,CUST1385,Zoya Singh,Male,18,Kochi,South,P028,Data Analytics Book,Books,Technology,2,"?1,099.00",5%,"?2,088.10","?1,040.00","?1,048.10",UPI,Delivered,Mobile App,3.0
ORD104046,16-May-2025,CUST1811,Anjali Verma,Male,30,Ahmedabad,West,P019,Badminton Racket,Sports & Fitness,Sports,1,"?1,499.00",15%,"?1,274.15",?800.00,?474.15,Cash on Delivery,Delivered,Mobile App,4.0
ORD102927,17-May-2025,CUST1862,Kabir Gupta,Female,28,Kolkata,East,P027,Business Strategy Book,Books,Business,1,?699.00,5%,?664.05,?300.00,?364.05,Credit Card,Delivered,Website,5.0
ORD104380,17-May-2025,CUST1717,Pranav Bansal,Male,27,Nagpur,West,P017,Dumbbell Set,Sports & Fitness,Fitness,4,"?2,499.00",10%,"?8,996.40","?5,800.00","?3,196.40",Cash on Delivery,Cancelled,Mobile App,
ORD103892,17-May-2025,CUST0562,Yash Agarwal,Female,28,Amritsar,North,P010,Casual Hoodie,Fashion,Clothing,1,"?1,499.00",25%,"?1,124.25",?780.00,?344.25,Debit Card,Delivered,Mobile App,4.0
ORD100755,17-May-2025,CUST0052,Karan Jain,Female,35,Coimbatore,South,P019,Badminton Racket,Sports & Fitness,Sports,2,"?1,499.00",30%,"?2,098.60","?1,600.00",?498.60,Debit Card,Delivered,Mobile App,5.0
ORD101071,17-May-2025,CUST0209,Sakshi Mishra,Female,33,Ranchi,East,P003,Smart Watch,Electronics,Wearables,1,"?3,299.00",15%,"?2,804.15","?2,100.00",?704.15,Net Banking,Delivered,Mobile App,3.0
ORD103222,17-May-2025,CUST0321,Diya Mishra,Male,40,Kochi,South,P026,Novel Collection,Books,Fiction,3,?899.00,10%,"?2,427.30","?1,260.00","?1,167.30",UPI,Delivered,Mobile App,5.0
ORD100707,17-May-2025,CUST1154,Manish Agarwal,Female,18,Coimbatore,South,P028,Data Analytics Book,Books,Technology,1,"?1,099.00",15%,?934.15,?520.00,?414.15,Net Banking,Delivered,Website,4.0
ORD103376,17-May-2025,CUST0988,Ananya Kumar,Female,35,Chandigarh,North,P019,Badminton Racket,Sports & Fitness,Sports,2,"?1,499.00",20%,"?2,398.40","?1,600.00",?798.40,UPI,Delivered,Mobile App,5.0
ORD104764,17-May-2025,CUST1255,Nisha Saxena,Female,37,Coimbatore,South,P010,Casual Hoodie,Fashion,Clothing,3,"?1,499.00",0%,"?4,497.00","?2,340.00","?2,157.00",Net Banking,Delivered,Website,5.0
ORD100850,17-May-2025,CUST1995,Kiara Chopra,Male,43,Hyderabad,South,P021,Face Wash,Beauty,Skincare,1,?499.00,15%,?424.15,?220.00,?204.15,Credit Card,Delivered,Mobile App,5.0
ORD103335,17-May-2025,CUST0047,Isha Mehta,Female,34,Bengaluru,South,P009,Denim Jeans,Fashion,Clothing,1,"?1,999.00",20%,"?1,599.20","?1,050.00",?549.20,Credit Card,Delivered,Website,5.0
ORD102076,17-May-2025,CUST0694,Simran Gupta,Female,24,Bokaro,East,P001,Wireless Headphones,Electronics,Audio,2,"?2,499.00",15%,"?4,248.30","?3,100.00","?1,148.30",Debit Card,Delivered,Mobile App,3.0
ORD102713,17-May-2025,CUST2132,Karan Jain,Male,27,Chennai,South,P018,Cricket Bat,Sports & Fitness,Sports,2,"?2,199.00",15%,"?3,738.30","?2,500.00","?1,238.30",Net Banking,Delivered,Mobile App,4.0
ORD104622,17-May-2025,CUST1279,Shivam Mehta,Male,51,Delhi,North,P017,Dumbbell Set,Sports & Fitness,Fitness,3,"?2,499.00",10%,"?6,747.30","?4,350.00","?2,397.30",UPI,Delivered,Mobile App,4.0
ORD102080,18-May-2025,CUST1712,Mohit Sharma,Female,19,Amritsar,North,P016,Yoga Mat,Sports & Fitness,Fitness,2,?999.00,15%,"?1,698.30","?1,040.00",?658.30,Net Banking,Delivered,Mobile App,5.0
ORD101908,18-May-2025,CUST1857,Diya Mishra,Female,31,Bokaro,East,P008,Cotton T-Shirt,Fashion,Clothing,1,?799.00,10%,?719.10,?390.00,?329.10,Debit Card,Delivered,Mobile App,5.0
ORD104216,18-May-2025,CUST1277,Kavya Patel,Female,35,Nashik,West,P014,Table Lamp,Home & Kitchen,Home Decor,1,"?1,299.00",10%,"?1,169.10",?690.00,?479.10,UPI,Returned,Mobile App,2.0
ORD103576,18-May-2025,CUST1185,Diya Mishra,Male,24,Nagpur,West,P020,Resistance Bands,Sports & Fitness,Fitness,1,?699.00,0%,?699.00,?320.00,?379.00,Debit Card,Returned,Mobile App,4.0
ORD102782,18-May-2025,CUST1372,Ananya Kumar,Male,27,Nagpur,West,P004,USB-C Charger,Electronics,Accessories,2,?899.00,30%,"?1,258.60",?960.00,?298.60,Wallet,Delivered,Mobile App,5.0
ORD103949,18-May-2025,CUST0466,Yash Agarwal,Female,39,Delhi,North,P018,Cricket Bat,Sports & Fitness,Sports,3,"?2,199.00",5%,"?6,267.15","?3,750.00","?2,517.15",UPI,Delivered,Website,5.0
ORD100598,18-May-2025,CUST0098,Manish Agarwal,Male,34,Pune,West,P010,Casual Hoodie,Fashion,Clothing,1,"?1,499.00",10%,"?1,349.10",?780.00,?569.10,Wallet,Delivered,Mobile App,5.0
ORD100083,19-May-2025,CUST0691,Anjali Verma,Male,20,Surat,West,P015,Bedsheet Set,Home & Kitchen,Home Decor,2,"?1,599.00",10%,"?2,878.20","?1,700.00","?1,178.20",Wallet,Delivered,Mobile App,5.0
ORD102551,19-May-2025,CUST1723,Vansh Chopra,Female,33,Mumbai,West,P028,Data Analytics Book,Books,Technology,3,"?1,099.00",0%,"?3,297.00","?1,560.00","?1,737.00",Credit Card,Returned,Mobile App,3.0
ORD102900,19-May-2025,CUST0359,Nisha Saxena,Female,29,Bokaro,East,P004,USB-C Charger,Electronics,Accessories,1,?899.00,20%,?719.20,?480.00,?239.20,Wallet,Delivered,Website,4.0
ORD103428,19-May-2025,CUST0743,Nisha Saxena,Male,25,Chennai,South,P007,Running Shoes,Fashion,Footwear,2,"?2,899.00",0%,"?5,798.00","?3,400.00","?2,398.00",Cash on Delivery,Delivered,Website,5.0
ORD103856,19-May-2025,CUST1700,Varun Jain,Male,18,Hyderabad,South,P004,USB-C Charger,Electronics,Accessories,1,?899.00,20%,?719.20,?480.00,?239.20,Net Banking,Delivered,Mobile App,5.0
ORD103296,19-May-2025,CUST0992,Aarav Sharma,Female,26,Ranchi,East,P029,Programming Book,Books,Technology,1,"?1,299.00",0%,"?1,299.00",?610.00,?689.00,Net Banking,Delivered,Website,4.0
ORD103841,19-May-2025,CUST2012,Ananya Kumar,Male,32,Nagpur,West,P028,Data Analytics Book,Books,Technology,1,"?1,099.00",15%,?934.15,?520.00,?414.15,Debit Card,Delivered,Mobile App,5.0
ORD102544,19-May-2025,CUST0932,Varun Jain,Male,30,Ranchi,East,P026,Novel Collection,Books,Fiction,2,?899.00,15%,"?1,528.30",?840.00,?688.30,UPI,Cancelled,Mobile App,
ORD100737,19-May-2025,CUST0348,Ananya Kumar,Male,21,Guwahati,East,P029,Programming Book,Books,Technology,2,"?1,299.00",0%,"?2,598.00","?1,220.00","?1,378.00",UPI,Delivered,Website,1.0
ORD103317,20-May-2025,CUST0824,Ishaan Malhotra,Female,32,Nashik,West,P028,Data Analytics Book,Books,Technology,3,"?1,099.00",15%,"?2,802.45","?1,560.00","?1,242.45",Net Banking,Delivered,Mobile App,3.0
ORD103921,20-May-2025,CUST2132,Karan Jain,Male,35,Kochi,South,P001,Wireless Headphones,Electronics,Audio,1,"?2,499.00",20%,"?1,999.20","?1,550.00",?449.20,Net Banking,Returned,Website,1.0
ORD103132,20-May-2025,CUST1611,Kiara Chopra,Male,36,Pune,West,P023,Shampoo,Beauty,Haircare,1,?649.00,5%,?616.55,?290.00,?326.55,UPI,Delivered,Website,5.0
ORD101132,20-May-2025,CUST1591,Aditi Saxena,Female,39,Lucknow,North,P006,Laptop Backpack,Fashion,Bags,1,"?1,799.00",20%,"?1,439.20",?950.00,?489.20,Credit Card,Delivered,Mobile App,5.0
ORD103831,20-May-2025,CUST0107,Kiara Chopra,Female,43,Mysuru,South,P023,Shampoo,Beauty,Haircare,2,?649.00,10%,"?1,168.20",?580.00,?588.20,UPI,Delivered,Mobile App,5.0
ORD102567,20-May-2025,CUST1254,Kabir Gupta,Female,21,Surat,West,P007,Running Shoes,Fashion,Footwear,4,"?2,899.00",10%,"?10,436.40","?6,800.00","?3,636.40",Debit Card,Delivered,Website,3.0
ORD100733,20-May-2025,CUST1959,Nisha Saxena,Male,42,Kochi,South,P026,Novel Collection,Books,Fiction,1,?899.00,5%,?854.05,?420.00,?434.05,Net Banking,Delivered,Mobile App,4.0
ORD101629,21-May-2025,CUST1310,Pooja Kapoor,Female,18,Chandigarh,North,P029,Programming Book,Books,Technology,1,"?1,299.00",5%,"?1,234.05",?610.00,?624.05,Cash on Delivery,Delivered,Mobile App,4.0
ORD102716,21-May-2025,CUST2119,Nisha Saxena,Male,44,Patna,East,P005,Power Bank 20000mAh,Electronics,Accessories,2,"?1,599.00",15%,"?2,718.30","?1,840.00",?878.30,Debit Card,Delivered,Mobile App,5.0
ORD104034,21-May-2025,CUST0106,Arjun Rao,Male,24,Ranchi,East,P012,Air Fryer,Home & Kitchen,Kitchen,2,"?5,999.00",20%,"?9,598.40","?7,800.00","?1,798.40",UPI,Delivered,Mobile App,5.0
ORD103387,21-May-2025,CUST0412,Ananya Kumar,Female,38,Nagpur,West,P026,Novel Collection,Books,Fiction,1,?899.00,5%,?854.05,?420.00,?434.05,Credit Card,Delivered,Website,3.0
ORD104151,21-May-2025,CUST1211,Vansh Chopra,Male,25,Kolkata,East,P030,Self Help Book,Books,Self Development,3,?599.00,0%,"?1,797.00",?780.00,"?1,017.00",Credit Card,Delivered,Mobile App,3.0
ORD101597,21-May-2025,CUST0531,Anjali Verma,Female,24,Ranchi,East,P008,Cotton T-Shirt,Fashion,Clothing,2,?799.00,5%,"?1,518.10",?780.00,?738.10,Credit Card,Delivered,Website,4.0
ORD103148,21-May-2025,CUST1444,Varun Jain,Female,41,Patna,East,P015,Bedsheet Set,Home & Kitchen,Home Decor,3,"?1,599.00",5%,"?4,557.15","?2,550.00","?2,007.15",UPI,Delivered,Mobile App,5.0
ORD104612,21-May-2025,CUST0063,Shivam Mehta,Female,38,Nashik,West,P002,Bluetooth Speaker,Electronics,Audio,2,"?1,899.00",20%,"?3,038.40","?2,240.00",?798.40,UPI,Delivered,Mobile App,4.0
ORD103073,21-May-2025,CUST1796,Varun Jain,Female,49,Delhi,North,P009,Denim Jeans,Fashion,Clothing,2,"?1,999.00",20%,"?3,198.40","?2,100.00","?1,098.40",Debit Card,Delivered,Mobile App,4.0
ORD102915,21-May-2025,CUST0565,Pranav Bansal,Female,44,Mumbai,West,P020,Resistance Bands,Sports & Fitness,Fitness,1,?699.00,10%,?629.10,?320.00,?309.10,Net Banking,Delivered,Mobile App,4.0
ORD102625,21-May-2025,CUST0279,Aditi Saxena,Male,25,Surat,West,P002,Bluetooth Speaker,Electronics,Audio,1,"?1,899.00",25%,"?1,424.25","?1,120.00",?304.25,Credit Card,Delivered,Mobile App,3.0
ORD101106,21-May-2025,CUST2147,Riya Verma,Male,28,Mumbai,West,P024,Perfume,Beauty,Fragrance,5,"?1,799.00",10%,"?8,095.50","?4,500.00","?3,595.50",Debit Card,Delivered,Website,4.0
ORD100827,21-May-2025,CUST0254,Pooja Kapoor,Male,43,Bokaro,East,P013,Non-Stick Cookware Set,Home & Kitchen,Cookware,1,"?4,299.00",20%,"?3,439.20","?2,700.00",?739.20,UPI,Delivered,Website,4.0
ORD100884,21-May-2025,CUST0568,Ishaan Malhotra,Male,30,Coimbatore,South,P025,Moisturizer,Beauty,Skincare,2,?699.00,15%,"?1,188.30",?620.00,?568.30,UPI,Returned,Website,4.0
ORD102121,22-May-2025,CUST0394,Arjun Rao,Female,48,Patna,East,P018,Cricket Bat,Sports & Fitness,Sports,1,"?2,199.00",15%,"?1,869.15","?1,250.00",?619.15,UPI,Delivered,Mobile App,5.0
ORD102288,22-May-2025,CUST0690,Yash Agarwal,Female,38,Pune,West,P020,Resistance Bands,Sports & Fitness,Fitness,1,?699.00,20%,?559.20,?320.00,?239.20,UPI,Delivered,Mobile App,5.0
ORD104318,22-May-2025,CUST1459,Anjali Verma,Female,35,Lucknow,North,P011,Coffee Maker,Home & Kitchen,Kitchen,1,"?3,499.00",10%,"?3,149.10","?2,250.00",?899.10,Wallet,Delivered,Website,5.0
ORD102379,22-May-2025,CUST1069,Tanvi Patel,Female,36,Mumbai,West,P010,Casual Hoodie,Fashion,Clothing,1,"?1,499.00",30%,"?1,049.30",?780.00,?269.30,Debit Card,Delivered,Mobile App,3.0
ORD101124,22-May-2025,CUST1393,Sakshi Mishra,Male,41,Nagpur,West,P003,Smart Watch,Electronics,Wearables,3,"?3,299.00",30%,"?6,927.90","?6,300.00",?627.90,Net Banking,Delivered,Mobile App,4.0
ORD103817,23-May-2025,CUST1389,Tanvi Patel,Male,24,Mysuru,South,P007,Running Shoes,Fashion,Footwear,1,"?2,899.00",15%,"?2,464.15","?1,700.00",?764.15,Wallet,Delivered,Mobile App,5.0
ORD104769,23-May-2025,CUST1859,Riya Verma,Male,31,Patna,East,P023,Shampoo,Beauty,Haircare,1,?649.00,10%,?584.10,?290.00,?294.10,Credit Card,Delivered,Website,4.0
ORD101360,23-May-2025,CUST2179,Riya Verma,Male,31,Dehradun,North,P005,Power Bank 20000mAh,Electronics,Accessories,1,"?1,599.00",0%,"?1,599.00",?920.00,?679.00,UPI,Delivered,Mobile App,1.0
ORD100777,23-May-2025,CUST2106,Rohan Rao,Female,39,Bengaluru,South,P019,Badminton Racket,Sports & Fitness,Sports,1,"?1,499.00",15%,"?1,274.15",?800.00,?474.15,UPI,Delivered,Website,4.0
ORD103936,23-May-2025,CUST1172,Karan Jain,Male,36,Mumbai,West,P017,Dumbbell Set,Sports & Fitness,Fitness,1,"?2,499.00",10%,"?2,249.10","?1,450.00",?799.10,UPI,Delivered,Mobile App,5.0
ORD101740,23-May-2025,CUST0013,Tanvi Patel,Female,34,Jaipur,North,P003,Smart Watch,Electronics,Wearables,2,"?3,299.00",10%,"?5,938.20","?4,200.00","?1,738.20",Debit Card,Delivered,Mobile App,5.0
ORD101563,23-May-2025,CUST0559,Isha Mehta,Female,19,Guwahati,East,P004,USB-C Charger,Electronics,Accessories,1,?899.00,15%,?764.15,?480.00,?284.15,Credit Card,Delivered,Mobile App,2.0
ORD100501,23-May-2025,CUST0027,Vansh Chopra,Male,38,Surat,West,P027,Business Strategy Book,Books,Business,1,?699.00,25%,?524.25,?300.00,?224.25,Cash on Delivery,Delivered,Website,3.0
ORD102837,23-May-2025,CUST2110,Pooja Kapoor,Female,38,Jaipur,North,P018,Cricket Bat,Sports & Fitness,Sports,1,"?2,199.00",5%,"?2,089.05","?1,250.00",?839.05,UPI,Delivered,Website,4.0
ORD100292,23-May-2025,CUST0838,Kabir Gupta,Male,26,Kochi,South,P024,Perfume,Beauty,Fragrance,2,"?1,799.00",15%,"?3,058.30","?1,800.00","?1,258.30",Net Banking,Delivered,Mobile App,5.0
ORD102271,23-May-2025,CUST1490,Yash Agarwal,Female,38,Kochi,South,P014,Table Lamp,Home & Kitchen,Home Decor,1,"?1,299.00",15%,"?1,104.15",?690.00,?414.15,Credit Card,Delivered,Mobile App,5.0
ORD104833,24-May-2025,CUST1919,Shivam Mehta,Female,35,Patna,East,P013,Non-Stick Cookware Set,Home & Kitchen,Cookware,1,"?4,299.00",10%,"?3,869.10","?2,700.00","?1,169.10",Credit Card,Delivered,Mobile App,3.0
ORD101605,24-May-2025,CUST1118,Pooja Kapoor,Female,24,Chennai,South,P011,Coffee Maker,Home & Kitchen,Kitchen,2,"?3,499.00",25%,"?5,248.50","?4,500.00",?748.50,Credit Card,Delivered,Mobile App,4.0
ORD100171,24-May-2025,CUST0390,Kabir Gupta,Female,23,Kolkata,East,P006,Laptop Backpack,Fashion,Bags,1,"?1,799.00",5%,"?1,709.05",?950.00,?759.05,UPI,Cancelled,Mobile App,
ORD102153,24-May-2025,CUST0200,Sanya Malhotra,Female,29,Bokaro,East,P015,Bedsheet Set,Home & Kitchen,Home Decor,1,"?1,599.00",0%,"?1,599.00",?850.00,?749.00,Debit Card,Delivered,Website,4.0
ORD100422,24-May-2025,CUST0541,Kavya Patel,Female,31,Ranchi,East,P003,Smart Watch,Electronics,Wearables,1,"?3,299.00",10%,"?2,969.10","?2,100.00",?869.10,Credit Card,Delivered,Mobile App,5.0
ORD103638,24-May-2025,CUST1546,Arjun Rao,Male,35,Kolkata,East,P024,Perfume,Beauty,Fragrance,1,"?1,799.00",10%,"?1,619.10",?900.00,?719.10,Debit Card,Delivered,Website,4.0
ORD103415,24-May-2025,CUST0382,Pooja Kapoor,Male,35,Dehradun,North,P026,Novel Collection,Books,Fiction,1,?899.00,15%,?764.15,?420.00,?344.15,Credit Card,Delivered,Website,4.0
ORD104546,24-May-2025,CUST2119,Nisha Saxena,Female,23,Dehradun,North,P011,Coffee Maker,Home & Kitchen,Kitchen,1,"?3,499.00",15%,"?2,974.15","?2,250.00",?724.15,Net Banking,Delivered,Mobile App,3.0
ORD104818,24-May-2025,CUST1359,Isha Mehta,Male,35,Jaipur,North,P004,USB-C Charger,Electronics,Accessories,1,?899.00,20%,?719.20,?480.00,?239.20,UPI,Delivered,Website,2.0
ORD100894,24-May-2025,CUST1584,Mohit Sharma,Male,31,Ahmedabad,West,P004,USB-C Charger,Electronics,Accessories,3,?899.00,0%,"?2,697.00","?1,440.00","?1,257.00",UPI,Delivered,Mobile App,2.0
ORD104220,24-May-2025,CUST1270,Simran Gupta,Female,18,Dehradun,North,P015,Bedsheet Set,Home & Kitchen,Home Decor,2,"?1,599.00",5%,"?3,038.10","?1,700.00","?1,338.10",Credit Card,Returned,Mobile App,4.0
ORD100414,24-May-2025,CUST1042,Yash Agarwal,Female,40,Nashik,West,P028,Data Analytics Book,Books,Technology,3,"?1,099.00",10%,"?2,967.30","?1,560.00","?1,407.30",UPI,Returned,Mobile App,5.0
ORD100190,24-May-2025,CUST0485,Akash Bansal,Female,39,Ranchi,East,P007,Running Shoes,Fashion,Footwear,1,"?2,899.00",5%,"?2,754.05","?1,700.00","?1,054.05",Cash on Delivery,Delivered,Mobile App,3.0
ORD104027,25-May-2025,CUST1901,Tanvi Patel,Female,18,Delhi,North,P003,Smart Watch,Electronics,Wearables,1,"?3,299.00",20%,"?2,639.20","?2,100.00",?539.20,UPI,Returned,Mobile App,5.0
ORD100521,25-May-2025,CUST0242,Yash Agarwal,Male,25,Kolkata,East,P014,Table Lamp,Home & Kitchen,Home Decor,1,"?1,299.00",0%,"?1,299.00",?690.00,?609.00,Credit Card,Delivered,Website,5.0
ORD101163,25-May-2025,CUST1841,Sakshi Mishra,Male,36,Coimbatore,South,P001,Wireless Headphones,Electronics,Audio,3,"?2,499.00",15%,"?6,372.45","?4,650.00","?1,722.45",UPI,Delivered,Website,3.0
ORD100677,25-May-2025,CUST2108,Ananya Kumar,Female,40,Chandigarh,North,P026,Novel Collection,Books,Fiction,1,?899.00,5%,?854.05,?420.00,?434.05,Cash on Delivery,Returned,Website,5.0
ORD101532,25-May-2025,CUST2054,Kabir Gupta,Male,30,Mysuru,South,P012,Air Fryer,Home & Kitchen,Kitchen,2,"?5,999.00",10%,"?10,798.20","?7,800.00","?2,998.20",Debit Card,Delivered,Mobile App,4.0
ORD100778,25-May-2025,CUST1964,Rahul Kumar,Male,18,Mysuru,South,P024,Perfume,Beauty,Fragrance,3,"?1,799.00",10%,"?4,857.30","?2,700.00","?2,157.30",Credit Card,Cancelled,Website,
ORD100554,25-May-2025,CUST1241,Meera Singh,Female,41,Patna,East,P004,USB-C Charger,Electronics,Accessories,2,?899.00,15%,"?1,528.30",?960.00,?568.30,UPI,Delivered,Mobile App,3.0
ORD101449,25-May-2025,CUST0895,Shivam Mehta,Female,29,Kochi,South,P021,Face Wash,Beauty,Skincare,3,?499.00,10%,"?1,347.30",?660.00,?687.30,Net Banking,Delivered,Website,4.0
ORD103713,25-May-2025,CUST1331,Anjali Verma,Male,27,Bokaro,East,P007,Running Shoes,Fashion,Footwear,2,"?2,899.00",10%,"?5,218.20","?3,400.00","?1,818.20",Credit Card,Delivered,Mobile App,5.0
ORD100979,26-May-2025,CUST1600,Aarav Sharma,Male,18,Chandigarh,North,P017,Dumbbell Set,Sports & Fitness,Fitness,2,"?2,499.00",10%,"?4,498.20","?2,900.00","?1,598.20",UPI,Returned,Website,4.0
ORD102062,26-May-2025,CUST1517,Tanvi Patel,Female,24,Mysuru,South,P026,Novel Collection,Books,Fiction,1,?899.00,25%,?674.25,?420.00,?254.25,Debit Card,Delivered,Mobile App,3.0
ORD104070,26-May-2025,CUST2106,Rohan Rao,Male,27,Coimbatore,South,P001,Wireless Headphones,Electronics,Audio,1,"?2,499.00",15%,"?2,124.15","?1,550.00",?574.15,Credit Card,Delivered,Mobile App,3.0
ORD101646,26-May-2025,CUST0870,Kabir Gupta,Female,30,Jaipur,North,P003,Smart Watch,Electronics,Wearables,2,"?3,299.00",15%,"?5,608.30","?4,200.00","?1,408.30",UPI,Delivered,Mobile App,4.0
ORD100685,26-May-2025,CUST0509,Kavya Patel,Female,42,Patna,East,P016,Yoga Mat,Sports & Fitness,Fitness,4,?999.00,15%,"?3,396.60","?2,080.00","?1,316.60",Debit Card,Delivered,Mobile App,5.0
ORD101127,26-May-2025,CUST0205,Tanvi Patel,Male,25,Bokaro,East,P019,Badminton Racket,Sports & Fitness,Sports,2,"?1,499.00",15%,"?2,548.30","?1,600.00",?948.30,Credit Card,Delivered,Mobile App,4.0
ORD100535,26-May-2025,CUST1711,Isha Mehta,Female,30,Jaipur,North,P019,Badminton Racket,Sports & Fitness,Sports,1,"?1,499.00",10%,"?1,349.10",?800.00,?549.10,Cash on Delivery,Delivered,Website,4.0
ORD104009,26-May-2025,CUST1075,Anjali Verma,Male,25,Coimbatore,South,P024,Perfume,Beauty,Fragrance,2,"?1,799.00",10%,"?3,238.20","?1,800.00","?1,438.20",UPI,Delivered,Website,5.0
ORD104724,26-May-2025,CUST1253,Akash Bansal,Male,26,Lucknow,North,P022,Sunscreen SPF 50,Beauty,Skincare,2,?799.00,5%,"?1,518.10",?720.00,?798.10,Net Banking,Delivered,Website,5.0
ORD104181,26-May-2025,CUST2100,Karan Jain,Female,29,Ahmedabad,West,P001,Wireless Headphones,Electronics,Audio,1,"?2,499.00",20%,"?1,999.20","?1,550.00",?449.20,Net Banking,Delivered,Website,1.0
ORD104572,27-May-2025,CUST0895,Shivam Mehta,Female,24,Nashik,West,P002,Bluetooth Speaker,Electronics,Audio,1,"?1,899.00",0%,"?1,899.00","?1,120.00",?779.00,UPI,Delivered,Mobile App,4.0
ORD101205,27-May-2025,CUST2095,Isha Mehta,Male,21,Patna,East,P003,Smart Watch,Electronics,Wearables,1,"?3,299.00",5%,"?3,134.05","?2,100.00","?1,034.05",Credit Card,Delivered,Website,3.0
ORD102595,27-May-2025,CUST1135,Isha Mehta,Female,47,Patna,East,P013,Non-Stick Cookware Set,Home & Kitchen,Cookware,1,"?4,299.00",20%,"?3,439.20","?2,700.00",?739.20,Credit Card,Delivered,Mobile App,5.0
ORD101396,27-May-2025,CUST2011,Vansh Chopra,Female,33,Lucknow,North,P001,Wireless Headphones,Electronics,Audio,4,"?2,499.00",5%,"?9,496.20","?6,200.00","?3,296.20",Debit Card,Cancelled,Mobile App,
ORD103370,27-May-2025,CUST1737,Zoya Singh,Male,37,Delhi,North,P012,Air Fryer,Home & Kitchen,Kitchen,4,"?5,999.00",20%,"?19,196.80","?15,600.00","?3,596.80",UPI,Delivered,Website,5.0
ORD100941,27-May-2025,CUST1622,Simran Gupta,Male,26,Ranchi,East,P001,Wireless Headphones,Electronics,Audio,1,"?2,499.00",0%,"?2,499.00","?1,550.00",?949.00,Credit Card,Delivered,Website,4.0
ORD100181,27-May-2025,CUST1470,Pooja Kapoor,Female,41,Chennai,South,P002,Bluetooth Speaker,Electronics,Audio,4,"?1,899.00",15%,"?6,456.60","?4,480.00","?1,976.60",UPI,Delivered,Mobile App,3.0
ORD101537,27-May-2025,CUST1410,Manish Agarwal,Female,32,Dehradun,North,P009,Denim Jeans,Fashion,Clothing,1,"?1,999.00",10%,"?1,799.10","?1,050.00",?749.10,Net Banking,Delivered,Website,4.0
ORD104203,27-May-2025,CUST1375,Shivam Mehta,Female,22,Amritsar,North,P030,Self Help Book,Books,Self Development,2,?599.00,10%,"?1,078.20",?520.00,?558.20,UPI,Delivered,Website,4.0
ORD102577,27-May-2025,CUST1548,Rahul Kumar,Male,31,Nagpur,West,P007,Running Shoes,Fashion,Footwear,4,"?2,899.00",0%,"?11,596.00","?6,800.00","?4,796.00",UPI,Delivered,Website,5.0
ORD103864,27-May-2025,CUST0381,Kavya Patel,Male,43,Lucknow,North,P028,Data Analytics Book,Books,Technology,4,"?1,099.00",15%,"?3,736.60","?2,080.00","?1,656.60",Wallet,Delivered,Mobile App,3.0
ORD104645,27-May-2025,CUST1736,Sanya Malhotra,Male,26,Surat,West,P021,Face Wash,Beauty,Skincare,1,?499.00,5%,?474.05,?220.00,?254.05,UPI,Delivered,Website,4.0
ORD102986,27-May-2025,CUST0592,Mohit Sharma,Male,30,Bokaro,East,P027,Business Strategy Book,Books,Business,5,?699.00,15%,"?2,970.75","?1,500.00","?1,470.75",UPI,Delivered,Mobile App,5.0
ORD100182,28-May-2025,CUST1110,Simran Gupta,Female,20,Mysuru,South,P002,Bluetooth Speaker,Electronics,Audio,2,"?1,899.00",5%,"?3,608.10","?2,240.00","?1,368.10",Credit Card,Delivered,Mobile App,5.0
ORD103189,28-May-2025,CUST0541,Kavya Patel,Male,32,Jaipur,North,P003,Smart Watch,Electronics,Wearables,2,"?3,299.00",0%,"?6,598.00","?4,200.00","?2,398.00",UPI,Delivered,Website,3.0
ORD102116,28-May-2025,CUST0038,Kabir Gupta,Male,29,Pune,West,P018,Cricket Bat,Sports & Fitness,Sports,2,"?2,199.00",5%,"?4,178.10","?2,500.00","?1,678.10",UPI,Delivered,Mobile App,4.0
ORD104306,28-May-2025,CUST1562,Rohan Rao,Male,42,Nashik,West,P027,Business Strategy Book,Books,Business,2,?699.00,20%,"?1,118.40",?600.00,?518.40,UPI,Delivered,Website,4.0
ORD101890,28-May-2025,CUST1103,Isha Mehta,Female,19,Amritsar,North,P001,Wireless Headphones,Electronics,Audio,1,"?2,499.00",15%,"?2,124.15","?1,550.00",?574.15,UPI,Delivered,Mobile App,3.0
ORD100878,28-May-2025,CUST0742,Kabir Gupta,Male,27,Kolkata,East,P003,Smart Watch,Electronics,Wearables,1,"?3,299.00",30%,"?2,309.30","?2,100.00",?209.30,Credit Card,Delivered,Mobile App,5.0
ORD102483,28-May-2025,CUST0974,Aditya Kapoor,Male,22,Kochi,South,P009,Denim Jeans,Fashion,Clothing,1,"?1,999.00",5%,"?1,899.05","?1,050.00",?849.05,UPI,Delivered,Mobile App,5.0
ORD101015,28-May-2025,CUST0057,Meera Singh,Male,51,Kolkata,East,P005,Power Bank 20000mAh,Electronics,Accessories,4,"?1,599.00",0%,"?6,396.00","?3,680.00","?2,716.00",Credit Card,Delivered,Mobile App,4.0
ORD104194,28-May-2025,CUST1823,Shivam Mehta,Female,37,Bhubaneswar,East,P009,Denim Jeans,Fashion,Clothing,2,"?1,999.00",15%,"?3,398.30","?2,100.00","?1,298.30",Net Banking,Delivered,Website,4.0
ORD104635,28-May-2025,CUST1066,Arjun Rao,Female,45,Hyderabad,South,P027,Business Strategy Book,Books,Business,2,?699.00,10%,"?1,258.20",?600.00,?658.20,Net Banking,Returned,Website,4.0
ORD101923,29-May-2025,CUST1664,Aarav Sharma,Male,32,Ranchi,East,P025,Moisturizer,Beauty,Skincare,1,?699.00,25%,?524.25,?310.00,?214.25,UPI,Delivered,Mobile App,5.0
ORD101683,29-May-2025,CUST0975,Isha Mehta,Male,25,Hyderabad,South,P015,Bedsheet Set,Home & Kitchen,Home Decor,1,"?1,599.00",10%,"?1,439.10",?850.00,?589.10,Net Banking,Delivered,Mobile App,4.0
ORD101805,29-May-2025,CUST1411,Riya Verma,Female,35,Patna,East,P009,Denim Jeans,Fashion,Clothing,2,"?1,999.00",15%,"?3,398.30","?2,100.00","?1,298.30",Debit Card,Delivered,Mobile App,5.0
ORD101001,29-May-2025,CUST1409,Diya Mishra,Female,41,Mysuru,South,P021,Face Wash,Beauty,Skincare,1,?499.00,30%,?349.30,?220.00,?129.30,Cash on Delivery,Delivered,Mobile App,5.0
ORD102762,29-May-2025,CUST0345,Meera Singh,Female,37,Amritsar,North,P009,Denim Jeans,Fashion,Clothing,1,"?1,999.00",15%,"?1,699.15","?1,050.00",?649.15,Credit Card,Delivered,Mobile App,5.0
ORD101719,29-May-2025,CUST2006,Simran Gupta,Female,34,Dehradun,North,P017,Dumbbell Set,Sports & Fitness,Fitness,4,"?2,499.00",5%,"?9,496.20","?5,800.00","?3,696.20",Cash on Delivery,Delivered,Website,5.0
ORD101950,29-May-2025,CUST1849,Meera Singh,Female,26,Bhubaneswar,East,P007,Running Shoes,Fashion,Footwear,3,"?2,899.00",10%,"?7,827.30","?5,100.00","?2,727.30",Net Banking,Delivered,Mobile App,4.0
ORD103857,29-May-2025,CUST0412,Ananya Kumar,Male,33,Kolkata,East,P011,Coffee Maker,Home & Kitchen,Kitchen,2,"?3,499.00",5%,"?6,648.10","?4,500.00","?2,148.10",UPI,Delivered,Mobile App,2.0
ORD100488,29-May-2025,CUST2124,Rahul Kumar,Female,36,Patna,East,P010,Casual Hoodie,Fashion,Clothing,2,"?1,499.00",10%,"?2,698.20","?1,560.00","?1,138.20",Cash on Delivery,Delivered,Website,4.0
ORD103930,29-May-2025,CUST0702,Pooja Kapoor,Male,25,Mumbai,West,P011,Coffee Maker,Home & Kitchen,Kitchen,2,"?3,499.00",10%,"?6,298.20","?4,500.00","?1,798.20",Wallet,Delivered,Website,2.0
ORD104296,30-May-2025,CUST0373,Pranav Bansal,Female,41,Bokaro,East,P001,Wireless Headphones,Electronics,Audio,1,"?2,499.00",20%,"?1,999.20","?1,550.00",?449.20,Wallet,Delivered,Website,5.0
ORD100298,30-May-2025,CUST0857,Meera Singh,Male,25,Kochi,South,P004,USB-C Charger,Electronics,Accessories,2,?899.00,10%,"?1,618.20",?960.00,?658.20,Credit Card,Delivered,Website,4.0
ORD104089,30-May-2025,CUST1039,Isha Mehta,Male,25,Ahmedabad,West,P015,Bedsheet Set,Home & Kitchen,Home Decor,1,"?1,599.00",15%,"?1,359.15",?850.00,?509.15,UPI,Delivered,Website,4.0
ORD103632,30-May-2025,CUST0401,Sakshi Mishra,Female,28,Bengaluru,South,P012,Air Fryer,Home & Kitchen,Kitchen,1,"?5,999.00",10%,"?5,399.10","?3,900.00","?1,499.10",Net Banking,Delivered,Website,5.0
ORD100939,31-May-2025,CUST1463,Aditi Saxena,Female,29,Bokaro,East,P026,Novel Collection,Books,Fiction,1,?899.00,5%,?854.05,?420.00,?434.05,Credit Card,Delivered,Mobile App,3.0
ORD103113,31-May-2025,CUST0419,Riya Verma,Female,43,Lucknow,North,P027,Business Strategy Book,Books,Business,1,?699.00,10%,?629.10,?300.00,?329.10,Debit Card,Returned,Mobile App,5.0
ORD100186,31-May-2025,CUST1346,Manish Agarwal,Male,30,Mumbai,West,P012,Air Fryer,Home & Kitchen,Kitchen,2,"?5,999.00",15%,"?10,198.30","?7,800.00","?2,398.30",Credit Card,Delivered,Website,5.0
ORD100421,31-May-2025,CUST2037,Pranav Bansal,Female,37,Patna,East,P023,Shampoo,Beauty,Haircare,5,?649.00,15%,"?2,758.25","?1,450.00","?1,308.25",Debit Card,Delivered,Mobile App,5.0
ORD104799,31-May-2025,CUST2126,Aditya Kapoor,Female,30,Bokaro,East,P006,Laptop Backpack,Fashion,Bags,2,"?1,799.00",15%,"?3,058.30","?1,900.00","?1,158.30",Net Banking,Delivered,Mobile App,5.0
ORD101511,31-May-2025,CUST1362,Yash Agarwal,Male,18,Chandigarh,North,P003,Smart Watch,Electronics,Wearables,1,"?3,299.00",10%,"?2,969.10","?2,100.00",?869.10,UPI,Delivered,Mobile App,5.0
ORD103252,31-May-2025,CUST1869,Tanvi Patel,Male,37,Nashik,West,P026,Novel Collection,Books,Fiction,1,?899.00,20%,?719.20,?420.00,?299.20,UPI,Delivered,Website,5.0
ORD101417,01-Jun-2025,CUST0249,Meera Singh,Male,38,Bengaluru,South,P030,Self Help Book,Books,Self Development,3,?599.00,10%,"?1,617.30",?780.00,?837.30,Credit Card,Delivered,Mobile App,3.0
ORD103907,01-Jun-2025,CUST1969,Sakshi Mishra,Male,21,Delhi,North,P024,Perfume,Beauty,Fragrance,1,"?1,799.00",10%,"?1,619.10",?900.00,?719.10,UPI,Delivered,Mobile App,3.0
ORD101637,01-Jun-2025,CUST0027,Vansh Chopra,Male,24,Pune,West,P003,Smart Watch,Electronics,Wearables,2,"?3,299.00",15%,"?5,608.30","?4,200.00","?1,408.30",UPI,Delivered,Website,3.0
ORD104849,01-Jun-2025,CUST0286,Pooja Kapoor,Male,29,Surat,West,P026,Novel Collection,Books,Fiction,2,?899.00,10%,"?1,618.20",?840.00,?778.20,Credit Card,Cancelled,Mobile App,
ORD101082,01-Jun-2025,CUST1382,Kabir Gupta,Male,40,Coimbatore,South,P003,Smart Watch,Electronics,Wearables,1,"?3,299.00",5%,"?3,134.05","?2,100.00","?1,034.05",UPI,Delivered,Website,5.0
ORD100204,01-Jun-2025,CUST1951,Shivam Mehta,Male,37,Bokaro,East,P024,Perfume,Beauty,Fragrance,2,"?1,799.00",25%,"?2,698.50","?1,800.00",?898.50,Credit Card,Returned,Website,4.0
ORD101143,02-Jun-2025,CUST1328,Mohit Sharma,Male,39,Mysuru,South,P026,Novel Collection,Books,Fiction,2,?899.00,10%,"?1,618.20",?840.00,?778.20,UPI,Delivered,Website,5.0
ORD101318,02-Jun-2025,CUST0282,Rohan Rao,Male,36,Chandigarh,North,P001,Wireless Headphones,Electronics,Audio,1,"?2,499.00",20%,"?1,999.20","?1,550.00",?449.20,Cash on Delivery,Delivered,Mobile App,4.0
ORD100986,02-Jun-2025,CUST0785,Sakshi Mishra,Male,32,Ranchi,East,P001,Wireless Headphones,Electronics,Audio,2,"?2,499.00",10%,"?4,498.20","?3,100.00","?1,398.20",Wallet,Delivered,Mobile App,5.0
ORD103326,02-Jun-2025,CUST0546,Manish Agarwal,Female,18,Kolkata,East,P025,Moisturizer,Beauty,Skincare,1,?699.00,15%,?594.15,?310.00,?284.15,Debit Card,Delivered,Mobile App,5.0
ORD103053,02-Jun-2025,CUST0172,Rahul Kumar,Female,31,Mysuru,South,P002,Bluetooth Speaker,Electronics,Audio,1,"?1,899.00",10%,"?1,709.10","?1,120.00",?589.10,UPI,Delivered,Website,3.0
ORD102414,02-Jun-2025,CUST1425,Sakshi Mishra,Female,20,Ahmedabad,West,P019,Badminton Racket,Sports & Fitness,Sports,4,"?1,499.00",20%,"?4,796.80","?3,200.00","?1,596.80",UPI,Delivered,Website,4.0
ORD100216,02-Jun-2025,CUST1208,Ishaan Malhotra,Male,18,Mysuru,South,P025,Moisturizer,Beauty,Skincare,2,?699.00,0%,"?1,398.00",?620.00,?778.00,Credit Card,Returned,Mobile App,5.0
ORD104729,02-Jun-2025,CUST1644,Rahul Kumar,Female,26,Guwahati,East,P002,Bluetooth Speaker,Electronics,Audio,2,"?1,899.00",15%,"?3,228.30","?2,240.00",?988.30,UPI,Cancelled,Website,
ORD101023,03-Jun-2025,CUST0026,Rohan Rao,Male,22,Bengaluru,South,P022,Sunscreen SPF 50,Beauty,Skincare,1,?799.00,20%,?639.20,?360.00,?279.20,Net Banking,Delivered,Website,5.0
ORD101577,03-Jun-2025,CUST0493,Tanvi Patel,Female,31,Surat,West,P024,Perfume,Beauty,Fragrance,3,"?1,799.00",20%,"?4,317.60","?2,700.00","?1,617.60",Cash on Delivery,Delivered,Mobile App,4.0
ORD103182,03-Jun-2025,CUST0387,Riya Verma,Male,29,Surat,West,P001,Wireless Headphones,Electronics,Audio,1,"?2,499.00",15%,"?2,124.15","?1,550.00",?574.15,UPI,Delivered,Mobile App,5.0
ORD101639,03-Jun-2025,CUST1092,Varun Jain,Female,32,Chennai,South,P024,Perfume,Beauty,Fragrance,2,"?1,799.00",10%,"?3,238.20","?1,800.00","?1,438.20",Net Banking,Cancelled,Mobile App,
ORD100567,03-Jun-2025,CUST1676,Rahul Kumar,Female,35,Nashik,West,P004,USB-C Charger,Electronics,Accessories,1,?899.00,25%,?674.25,?480.00,?194.25,Net Banking,Delivered,Mobile App,4.0
ORD103210,03-Jun-2025,CUST1422,Aditya Kapoor,Male,36,Surat,West,P006,Laptop Backpack,Fashion,Bags,1,"?1,799.00",10%,"?1,619.10",?950.00,?669.10,Debit Card,Delivered,Website,5.0
ORD100332,03-Jun-2025,CUST0280,Ishaan Malhotra,Male,33,Hyderabad,South,P021,Face Wash,Beauty,Skincare,1,?499.00,5%,?474.05,?220.00,?254.05,Credit Card,Delivered,Website,3.0
ORD102704,03-Jun-2025,CUST2184,Sanya Malhotra,Male,26,Bhubaneswar,East,P023,Shampoo,Beauty,Haircare,1,?649.00,0%,?649.00,?290.00,?359.00,Debit Card,Delivered,Mobile App,5.0
ORD102025,03-Jun-2025,CUST0463,Isha Mehta,Female,18,Coimbatore,South,P001,Wireless Headphones,Electronics,Audio,1,"?2,499.00",10%,"?2,249.10","?1,550.00",?699.10,UPI,Delivered,Mobile App,1.0
ORD102905,03-Jun-2025,CUST1693,Kavya Patel,Female,32,Chennai,South,P008,Cotton T-Shirt,Fashion,Clothing,1,?799.00,5%,?759.05,?390.00,?369.05,UPI,Delivered,Website,5.0
ORD102163,03-Jun-2025,CUST0638,Pooja Kapoor,Male,31,Ranchi,East,P003,Smart Watch,Electronics,Wearables,1,"?3,299.00",15%,"?2,804.15","?2,100.00",?704.15,UPI,Delivered,Mobile App,3.0
ORD102295,03-Jun-2025,CUST0627,Anjali Verma,Female,19,Pune,West,P025,Moisturizer,Beauty,Skincare,3,?699.00,15%,"?1,782.45",?930.00,?852.45,Net Banking,Delivered,Website,4.0
ORD102977,03-Jun-2025,CUST0483,Riya Verma,Male,37,Pune,West,P024,Perfume,Beauty,Fragrance,2,"?1,799.00",5%,"?3,418.10","?1,800.00","?1,618.10",Debit Card,Returned,Mobile App,5.0
ORD104765,03-Jun-2025,CUST0534,Simran Gupta,Male,22,Chandigarh,North,P017,Dumbbell Set,Sports & Fitness,Fitness,1,"?2,499.00",10%,"?2,249.10","?1,450.00",?799.10,Credit Card,Delivered,Website,4.0
ORD102959,03-Jun-2025,CUST1206,Simran Gupta,Male,28,Ahmedabad,West,P003,Smart Watch,Electronics,Wearables,1,"?3,299.00",5%,"?3,134.05","?2,100.00","?1,034.05",UPI,Delivered,Mobile App,3.0
ORD103597,04-Jun-2025,CUST2106,Rohan Rao,Female,38,Jaipur,North,P029,Programming Book,Books,Technology,1,"?1,299.00",10%,"?1,169.10",?610.00,?559.10,UPI,Delivered,Mobile App,4.0
ORD104840,04-Jun-2025,CUST1563,Vansh Chopra,Female,30,Ahmedabad,West,P020,Resistance Bands,Sports & Fitness,Fitness,2,?699.00,5%,"?1,328.10",?640.00,?688.10,Credit Card,Delivered,Website,4.0
ORD102937,04-Jun-2025,CUST0272,Mohit Sharma,Male,29,Ahmedabad,West,P028,Data Analytics Book,Books,Technology,1,"?1,099.00",0%,"?1,099.00",?520.00,?579.00,Debit Card,Delivered,Website,5.0
ORD101826,04-Jun-2025,CUST1251,Riya Verma,Female,37,Mumbai,West,P014,Table Lamp,Home & Kitchen,Home Decor,1,"?1,299.00",15%,"?1,104.15",?690.00,?414.15,Credit Card,Delivered,Mobile App,5.0
ORD103642,04-Jun-2025,CUST1922,Manish Agarwal,Male,30,Bokaro,East,P028,Data Analytics Book,Books,Technology,4,"?1,099.00",20%,"?3,516.80","?2,080.00","?1,436.80",Credit Card,Delivered,Website,5.0
ORD104620,04-Jun-2025,CUST1985,Diya Mishra,Male,55,Patna,East,P009,Denim Jeans,Fashion,Clothing,2,"?1,999.00",15%,"?3,398.30","?2,100.00","?1,298.30",Wallet,Delivered,Mobile App,3.0
ORD100273,04-Jun-2025,CUST0584,Sanya Malhotra,Female,33,Guwahati,East,P027,Business Strategy Book,Books,Business,4,?699.00,20%,"?2,236.80","?1,200.00","?1,036.80",UPI,Delivered,Mobile App,4.0
ORD104515,04-Jun-2025,CUST0833,Diya Mishra,Male,31,Kochi,South,P020,Resistance Bands,Sports & Fitness,Fitness,4,?699.00,10%,"?2,516.40","?1,280.00","?1,236.40",UPI,Delivered,Website,4.0
ORD102504,04-Jun-2025,CUST0526,Aditya Kapoor,Male,35,Mysuru,South,P006,Laptop Backpack,Fashion,Bags,1,"?1,799.00",5%,"?1,709.05",?950.00,?759.05,UPI,Delivered,Mobile App,5.0
ORD101603,05-Jun-2025,CUST1889,Diya Mishra,Male,49,Mysuru,South,P016,Yoga Mat,Sports & Fitness,Fitness,3,?999.00,10%,"?2,697.30","?1,560.00","?1,137.30",Credit Card,Delivered,Mobile App,4.0
ORD102931,05-Jun-2025,CUST1785,Meera Singh,Male,39,Jaipur,North,P023,Shampoo,Beauty,Haircare,1,?649.00,5%,?616.55,?290.00,?326.55,UPI,Delivered,Website,4.0
ORD102795,05-Jun-2025,CUST0790,Simran Gupta,Male,21,Amritsar,North,P025,Moisturizer,Beauty,Skincare,5,?699.00,10%,"?3,145.50","?1,550.00","?1,595.50",Net Banking,Delivered,Website,3.0
ORD102262,05-Jun-2025,CUST0806,Kabir Gupta,Female,22,Kochi,South,P005,Power Bank 20000mAh,Electronics,Accessories,4,"?1,599.00",15%,"?5,436.60","?3,680.00","?1,756.60",Cash on Delivery,Delivered,Mobile App,5.0
ORD104477,05-Jun-2025,CUST2010,Rohan Rao,Female,47,Kochi,South,P012,Air Fryer,Home & Kitchen,Kitchen,1,"?5,999.00",15%,"?5,099.15","?3,900.00","?1,199.15",UPI,Delivered,Website,5.0
ORD100873,05-Jun-2025,CUST2145,Diya Mishra,Female,45,Bokaro,East,P020,Resistance Bands,Sports & Fitness,Fitness,1,?699.00,5%,?664.05,?320.00,?344.05,Cash on Delivery,Delivered,Mobile App,5.0
ORD101477,05-Jun-2025,CUST1204,Karan Jain,Female,18,Jaipur,North,P014,Table Lamp,Home & Kitchen,Home Decor,1,"?1,299.00",15%,"?1,104.15",?690.00,?414.15,Credit Card,Delivered,Website,4.0
ORD101807,05-Jun-2025,CUST0767,Shivam Mehta,Male,29,Ranchi,East,P027,Business Strategy Book,Books,Business,4,?699.00,15%,"?2,376.60","?1,200.00","?1,176.60",UPI,Delivered,Website,5.0
ORD103625,05-Jun-2025,CUST2085,Akash Bansal,Female,22,Kolkata,East,P024,Perfume,Beauty,Fragrance,2,"?1,799.00",0%,"?3,598.00","?1,800.00","?1,798.00",UPI,Returned,Mobile App,3.0
ORD102468,05-Jun-2025,CUST1630,Pooja Kapoor,Male,42,Chennai,South,P020,Resistance Bands,Sports & Fitness,Fitness,2,?699.00,10%,"?1,258.20",?640.00,?618.20,Credit Card,Returned,Website,5.0
ORD104289,05-Jun-2025,CUST0206,Aditya Kapoor,Male,33,Bhubaneswar,East,P011,Coffee Maker,Home & Kitchen,Kitchen,1,"?3,499.00",5%,"?3,324.05","?2,250.00","?1,074.05",Cash on Delivery,Delivered,Website,5.0
ORD102244,05-Jun-2025,CUST0084,Karan Jain,Female,18,Surat,West,P017,Dumbbell Set,Sports & Fitness,Fitness,1,"?2,499.00",20%,"?1,999.20","?1,450.00",?549.20,Credit Card,Delivered,Website,4.0
ORD103518,05-Jun-2025,CUST1105,Sakshi Mishra,Female,36,Ahmedabad,West,P012,Air Fryer,Home & Kitchen,Kitchen,1,"?5,999.00",5%,"?5,699.05","?3,900.00","?1,799.05",Credit Card,Delivered,Website,4.0
ORD103804,05-Jun-2025,CUST0374,Simran Gupta,Female,34,Delhi,North,P023,Shampoo,Beauty,Haircare,3,?649.00,20%,"?1,557.60",?870.00,?687.60,UPI,Delivered,Website,5.0
ORD102712,06-Jun-2025,CUST1072,Mohit Sharma,Female,18,Guwahati,East,P022,Sunscreen SPF 50,Beauty,Skincare,1,?799.00,15%,?679.15,?360.00,?319.15,UPI,Delivered,Mobile App,4.0
ORD100075,06-Jun-2025,CUST0831,Shivam Mehta,Male,43,Patna,East,P024,Perfume,Beauty,Fragrance,2,"?1,799.00",25%,"?2,698.50","?1,800.00",?898.50,Debit Card,Delivered,Mobile App,5.0
ORD104962,06-Jun-2025,CUST0029,Kavya Patel,Female,22,Amritsar,North,P026,Novel Collection,Books,Fiction,3,?899.00,10%,"?2,427.30","?1,260.00","?1,167.30",Credit Card,Delivered,Website,5.0
ORD100809,06-Jun-2025,CUST1333,Pranav Bansal,Male,28,Mumbai,West,P013,Non-Stick Cookware Set,Home & Kitchen,Cookware,4,"?4,299.00",0%,"?17,196.00","?10,800.00","?6,396.00",Credit Card,Returned,Mobile App,5.0
ORD100793,06-Jun-2025,CUST1569,Diya Mishra,Female,40,Amritsar,North,P025,Moisturizer,Beauty,Skincare,2,?699.00,5%,"?1,328.10",?620.00,?708.10,UPI,Delivered,Mobile App,4.0
ORD102824,06-Jun-2025,CUST1609,Zoya Singh,Female,55,Nagpur,West,P023,Shampoo,Beauty,Haircare,1,?649.00,0%,?649.00,?290.00,?359.00,Credit Card,Delivered,Website,3.0
ORD101283,06-Jun-2025,CUST2117,Akash Bansal,Female,32,Hyderabad,South,P021,Face Wash,Beauty,Skincare,1,?499.00,10%,?449.10,?220.00,?229.10,Cash on Delivery,Delivered,Mobile App,4.0
ORD100807,06-Jun-2025,CUST1240,Ishaan Malhotra,Female,31,Delhi,North,P024,Perfume,Beauty,Fragrance,2,"?1,799.00",5%,"?3,418.10","?1,800.00","?1,618.10",Debit Card,Delivered,Mobile App,4.0
ORD101750,07-Jun-2025,CUST1421,Tanvi Patel,Male,32,Dehradun,North,P009,Denim Jeans,Fashion,Clothing,1,"?1,999.00",5%,"?1,899.05","?1,050.00",?849.05,UPI,Delivered,Website,5.0
ORD100960,07-Jun-2025,CUST0580,Varun Jain,Male,26,Coimbatore,South,P030,Self Help Book,Books,Self Development,1,?599.00,10%,?539.10,?260.00,?279.10,Cash on Delivery,Delivered,Mobile App,5.0
ORD100250,07-Jun-2025,CUST0475,Vansh Chopra,Male,29,Hyderabad,South,P022,Sunscreen SPF 50,Beauty,Skincare,2,?799.00,20%,"?1,278.40",?720.00,?558.40,Net Banking,Delivered,Mobile App,4.0
ORD104685,07-Jun-2025,CUST2060,Rahul Kumar,Male,35,Chennai,South,P020,Resistance Bands,Sports & Fitness,Fitness,4,?699.00,0%,"?2,796.00","?1,280.00","?1,516.00",Wallet,Delivered,Website,4.0
ORD104206,08-Jun-2025,CUST1354,Arjun Rao,Female,31,Bengaluru,South,P009,Denim Jeans,Fashion,Clothing,2,"?1,999.00",30%,"?2,798.60","?2,100.00",?698.60,Credit Card,Delivered,Website,4.0
ORD102044,08-Jun-2025,CUST0249,Meera Singh,Female,47,Ranchi,East,P029,Programming Book,Books,Technology,1,"?1,299.00",10%,"?1,169.10",?610.00,?559.10,UPI,Delivered,Mobile App,1.0
ORD102864,08-Jun-2025,CUST1512,Sanya Malhotra,Female,31,Jaipur,North,P003,Smart Watch,Electronics,Wearables,1,"?3,299.00",10%,"?2,969.10","?2,100.00",?869.10,Credit Card,Delivered,Mobile App,5.0
ORD101617,08-Jun-2025,CUST0680,Sanya Malhotra,Female,28,Guwahati,East,P029,Programming Book,Books,Technology,1,"?1,299.00",20%,"?1,039.20",?610.00,?429.20,Debit Card,Returned,Website,3.0
ORD104048,08-Jun-2025,CUST1955,Riya Verma,Female,31,Dehradun,North,P028,Data Analytics Book,Books,Technology,4,"?1,099.00",10%,"?3,956.40","?2,080.00","?1,876.40",UPI,Delivered,Website,4.0
ORD100803,08-Jun-2025,CUST1078,Simran Gupta,Female,18,Dehradun,North,P013,Non-Stick Cookware Set,Home & Kitchen,Cookware,1,"?4,299.00",30%,"?3,009.30","?2,700.00",?309.30,Credit Card,Delivered,Website,4.0
ORD101410,08-Jun-2025,CUST0967,Nisha Saxena,Male,20,Delhi,North,P017,Dumbbell Set,Sports & Fitness,Fitness,3,"?2,499.00",0%,"?7,497.00","?4,350.00","?3,147.00",Credit Card,Delivered,Mobile App,5.0
ORD101081,08-Jun-2025,CUST0855,Aditi Saxena,Male,32,Dehradun,North,P018,Cricket Bat,Sports & Fitness,Sports,1,"?2,199.00",0%,"?2,199.00","?1,250.00",?949.00,UPI,Delivered,Mobile App,4.0
ORD101546,08-Jun-2025,CUST2126,Aditya Kapoor,Female,18,Mumbai,West,P022,Sunscreen SPF 50,Beauty,Skincare,1,?799.00,0%,?799.00,?360.00,?439.00,UPI,Delivered,Website,2.0
ORD101926,09-Jun-2025,CUST0697,Meera Singh,Female,40,Surat,West,P024,Perfume,Beauty,Fragrance,2,"?1,799.00",20%,"?2,878.40","?1,800.00","?1,078.40",UPI,Delivered,Mobile App,4.0
ORD101655,09-Jun-2025,CUST1018,Rohan Rao,Male,23,Hyderabad,South,P008,Cotton T-Shirt,Fashion,Clothing,1,?799.00,15%,?679.15,?390.00,?289.15,Debit Card,Delivered,Mobile App,5.0
ORD104269,09-Jun-2025,CUST0626,Yash Agarwal,Female,32,Mysuru,South,P018,Cricket Bat,Sports & Fitness,Sports,2,"?2,199.00",5%,"?4,178.10","?2,500.00","?1,678.10",Cash on Delivery,Delivered,Website,3.0
ORD101166,09-Jun-2025,CUST1186,Manish Agarwal,Male,40,Ranchi,East,P015,Bedsheet Set,Home & Kitchen,Home Decor,2,"?1,599.00",20%,"?2,558.40","?1,700.00",?858.40,UPI,Delivered,Mobile App,5.0
ORD101682,09-Jun-2025,CUST1346,Manish Agarwal,Male,22,Ranchi,East,P007,Running Shoes,Fashion,Footwear,1,"?2,899.00",10%,"?2,609.10","?1,700.00",?909.10,UPI,Delivered,Website,3.0
ORD100361,09-Jun-2025,CUST0608,Aarav Sharma,Male,48,Patna,East,P024,Perfume,Beauty,Fragrance,2,"?1,799.00",10%,"?3,238.20","?1,800.00","?1,438.20",UPI,Returned,Mobile App,5.0
ORD100118,09-Jun-2025,CUST0529,Sakshi Mishra,Male,40,Mysuru,South,P010,Casual Hoodie,Fashion,Clothing,2,"?1,499.00",25%,"?2,248.50","?1,560.00",?688.50,Wallet,Delivered,Website,5.0
ORD102814,09-Jun-2025,CUST0717,Tanvi Patel,Female,32,Chennai,South,P013,Non-Stick Cookware Set,Home & Kitchen,Cookware,1,"?4,299.00",5%,"?4,084.05","?2,700.00","?1,384.05",UPI,Delivered,Mobile App,3.0
ORD102685,09-Jun-2025,CUST1447,Nisha Saxena,Female,26,Jaipur,North,P020,Resistance Bands,Sports & Fitness,Fitness,1,?699.00,25%,?524.25,?320.00,?204.25,UPI,Delivered,Website,5.0
ORD100197,09-Jun-2025,CUST1953,Diya Mishra,Male,40,Patna,East,P004,USB-C Charger,Electronics,Accessories,1,?899.00,20%,?719.20,?480.00,?239.20,Credit Card,Delivered,Mobile App,4.0
ORD103264,10-Jun-2025,CUST0241,Sakshi Mishra,Male,27,Nashik,West,P020,Resistance Bands,Sports & Fitness,Fitness,1,?699.00,5%,?664.05,?320.00,?344.05,Credit Card,Delivered,Mobile App,5.0
ORD101095,10-Jun-2025,CUST1493,Pranav Bansal,Male,28,Ranchi,East,P029,Programming Book,Books,Technology,1,"?1,299.00",10%,"?1,169.10",?610.00,?559.10,Debit Card,Delivered,Mobile App,5.0
ORD101491,10-Jun-2025,CUST0961,Diya Mishra,Male,29,Coimbatore,South,P027,Business Strategy Book,Books,Business,2,?699.00,15%,"?1,188.30",?600.00,?588.30,Debit Card,Delivered,Website,3.0
ORD100266,10-Jun-2025,CUST2031,Isha Mehta,Female,28,Delhi,North,P005,Power Bank 20000mAh,Electronics,Accessories,1,"?1,599.00",15%,"?1,359.15",?920.00,?439.15,Debit Card,Delivered,Website,4.0
ORD104520,10-Jun-2025,CUST0278,Simran Gupta,Male,20,Mumbai,West,P004,USB-C Charger,Electronics,Accessories,1,?899.00,25%,?674.25,?480.00,?194.25,Credit Card,Delivered,Mobile App,5.0
ORD102067,10-Jun-2025,CUST2063,Isha Mehta,Female,34,Hyderabad,South,P005,Power Bank 20000mAh,Electronics,Accessories,1,"?1,599.00",20%,"?1,279.20",?920.00,?359.20,Net Banking,Delivered,Website,5.0
ORD104977,10-Jun-2025,CUST1352,Sanya Malhotra,Male,40,Guwahati,East,P023,Shampoo,Beauty,Haircare,1,?649.00,5%,?616.55,?290.00,?326.55,Wallet,Delivered,Mobile App,5.0
ORD102889,10-Jun-2025,CUST0920,Ishaan Malhotra,Female,51,Bokaro,East,P004,USB-C Charger,Electronics,Accessories,2,?899.00,15%,"?1,528.30",?960.00,?568.30,UPI,Delivered,Mobile App,5.0
ORD102133,10-Jun-2025,CUST2016,Aarav Sharma,Male,26,Lucknow,North,P004,USB-C Charger,Electronics,Accessories,2,?899.00,10%,"?1,618.20",?960.00,?658.20,Wallet,Delivered,Mobile App,2.0
ORD101723,10-Jun-2025,CUST0454,Kabir Gupta,Female,33,Chennai,South,P006,Laptop Backpack,Fashion,Bags,1,"?1,799.00",10%,"?1,619.10",?950.00,?669.10,UPI,Delivered,Mobile App,3.0
ORD100869,10-Jun-2025,CUST2161,Sakshi Mishra,Male,40,Nashik,West,P027,Business Strategy Book,Books,Business,1,?699.00,5%,?664.05,?300.00,?364.05,Debit Card,Delivered,Website,5.0
ORD100023,10-Jun-2025,CUST0228,Varun Jain,Male,22,Dehradun,North,P016,Yoga Mat,Sports & Fitness,Fitness,1,?999.00,15%,?849.15,?520.00,?329.15,UPI,Delivered,Mobile App,5.0
ORD101544,10-Jun-2025,CUST1318,Kabir Gupta,Male,22,Coimbatore,South,P007,Running Shoes,Fashion,Footwear,3,"?2,899.00",0%,"?8,697.00","?5,100.00","?3,597.00",Debit Card,Delivered,Mobile App,3.0
ORD100219,10-Jun-2025,CUST0941,Tanvi Patel,Female,26,Nagpur,West,P028,Data Analytics Book,Books,Technology,3,"?1,099.00",5%,"?3,132.15","?1,560.00","?1,572.15",Debit Card,Returned,Mobile App,5.0
ORD103527,10-Jun-2025,CUST1267,Anjali Verma,Male,33,Hyderabad,South,P022,Sunscreen SPF 50,Beauty,Skincare,1,?799.00,0%,?799.00,?360.00,?439.00,UPI,Delivered,Mobile App,4.0
ORD103045,11-Jun-2025,CUST1507,Riya Verma,Male,30,Pune,West,P025,Moisturizer,Beauty,Skincare,1,?699.00,5%,?664.05,?310.00,?354.05,Debit Card,Delivered,Mobile App,5.0
ORD100060,11-Jun-2025,CUST1686,Simran Gupta,Female,22,Guwahati,East,P002,Bluetooth Speaker,Electronics,Audio,1,"?1,899.00",30%,"?1,329.30","?1,120.00",?209.30,Credit Card,Delivered,Mobile App,5.0
ORD102043,11-Jun-2025,CUST0386,Manish Agarwal,Male,42,Surat,West,P023,Shampoo,Beauty,Haircare,2,?649.00,10%,"?1,168.20",?580.00,?588.20,UPI,Delivered,Mobile App,5.0
ORD102217,11-Jun-2025,CUST0078,Aditya Kapoor,Male,46,Dehradun,North,P028,Data Analytics Book,Books,Technology,4,"?1,099.00",10%,"?3,956.40","?2,080.00","?1,876.40",UPI,Delivered,Mobile App,4.0
ORD102756,11-Jun-2025,CUST1844,Karan Jain,Male,35,Mysuru,South,P029,Programming Book,Books,Technology,1,"?1,299.00",0%,"?1,299.00",?610.00,?689.00,Cash on Delivery,Delivered,Mobile App,5.0
ORD102364,11-Jun-2025,CUST1226,Arjun Rao,Female,34,Chennai,South,P019,Badminton Racket,Sports & Fitness,Sports,1,"?1,499.00",20%,"?1,199.20",?800.00,?399.20,UPI,Delivered,Mobile App,4.0
ORD102650,11-Jun-2025,CUST1935,Isha Mehta,Male,37,Bengaluru,South,P005,Power Bank 20000mAh,Electronics,Accessories,1,"?1,599.00",15%,"?1,359.15",?920.00,?439.15,Wallet,Delivered,Mobile App,4.0
ORD100908,11-Jun-2025,CUST0766,Pooja Kapoor,Male,24,Mumbai,West,P003,Smart Watch,Electronics,Wearables,1,"?3,299.00",15%,"?2,804.15","?2,100.00",?704.15,Credit Card,Delivered,Website,4.0
ORD103918,11-Jun-2025,CUST0962,Manish Agarwal,Female,34,Bengaluru,South,P022,Sunscreen SPF 50,Beauty,Skincare,1,?799.00,10%,?719.10,?360.00,?359.10,Credit Card,Delivered,Website,5.0
ORD104268,11-Jun-2025,CUST0459,Kiara Chopra,Female,30,Kolkata,East,P004,USB-C Charger,Electronics,Accessories,3,?899.00,15%,"?2,292.45","?1,440.00",?852.45,UPI,Delivered,Mobile App,5.0
ORD101300,11-Jun-2025,CUST1279,Shivam Mehta,Male,40,Mumbai,West,P007,Running Shoes,Fashion,Footwear,1,"?2,899.00",5%,"?2,754.05","?1,700.00","?1,054.05",Debit Card,Delivered,Mobile App,5.0
ORD101452,12-Jun-2025,CUST0025,Meera Singh,Male,23,Guwahati,East,P028,Data Analytics Book,Books,Technology,3,"?1,099.00",15%,"?2,802.45","?1,560.00","?1,242.45",Cash on Delivery,Delivered,Website,4.0
ORD104208,12-Jun-2025,CUST0179,Anjali Verma,Female,26,Ranchi,East,P022,Sunscreen SPF 50,Beauty,Skincare,2,?799.00,10%,"?1,438.20",?720.00,?718.20,Credit Card,Delivered,Mobile App,4.0
ORD100218,12-Jun-2025,CUST0785,Sakshi Mishra,Female,24,Pune,West,P026,Novel Collection,Books,Fiction,3,?899.00,0%,"?2,697.00","?1,260.00","?1,437.00",Cash on Delivery,Cancelled,Mobile App,
ORD103914,12-Jun-2025,CUST0246,Simran Gupta,Male,23,Pune,West,P030,Self Help Book,Books,Self Development,2,?599.00,15%,"?1,018.30",?520.00,?498.30,Credit Card,Delivered,Mobile App,5.0
ORD102613,12-Jun-2025,CUST2039,Aditi Saxena,Male,39,Mumbai,West,P001,Wireless Headphones,Electronics,Audio,3,"?2,499.00",15%,"?6,372.45","?4,650.00","?1,722.45",Credit Card,Delivered,Mobile App,4.0
ORD102589,12-Jun-2025,CUST0933,Akash Bansal,Male,22,Nashik,West,P028,Data Analytics Book,Books,Technology,1,"?1,099.00",10%,?989.10,?520.00,?469.10,UPI,Delivered,Website,4.0
ORD102101,12-Jun-2025,CUST1038,Aditya Kapoor,Female,29,Surat,West,P003,Smart Watch,Electronics,Wearables,2,"?3,299.00",15%,"?5,608.30","?4,200.00","?1,408.30",Debit Card,Delivered,Mobile App,4.0
ORD100430,12-Jun-2025,CUST1486,Aditya Kapoor,Male,27,Surat,West,P002,Bluetooth Speaker,Electronics,Audio,1,"?1,899.00",25%,"?1,424.25","?1,120.00",?304.25,Credit Card,Delivered,Mobile App,5.0
ORD101301,12-Jun-2025,CUST0466,Yash Agarwal,Male,32,Dehradun,North,P003,Smart Watch,Electronics,Wearables,2,"?3,299.00",10%,"?5,938.20","?4,200.00","?1,738.20",Credit Card,Delivered,Website,3.0
ORD103990,12-Jun-2025,CUST1192,Sanya Malhotra,Female,25,Patna,East,P027,Business Strategy Book,Books,Business,1,?699.00,10%,?629.10,?300.00,?329.10,UPI,Delivered,Website,4.0
ORD101845,13-Jun-2025,CUST1439,Shivam Mehta,Male,28,Amritsar,North,P006,Laptop Backpack,Fashion,Bags,1,"?1,799.00",15%,"?1,529.15",?950.00,?579.15,Net Banking,Delivered,Mobile App,5.0
ORD104789,13-Jun-2025,CUST1136,Mohit Sharma,Male,18,Bokaro,East,P019,Badminton Racket,Sports & Fitness,Sports,2,"?1,499.00",0%,"?2,998.00","?1,600.00","?1,398.00",Debit Card,Delivered,Mobile App,5.0
ORD102998,13-Jun-2025,CUST1670,Kabir Gupta,Male,43,Ahmedabad,West,P015,Bedsheet Set,Home & Kitchen,Home Decor,1,"?1,599.00",20%,"?1,279.20",?850.00,?429.20,UPI,Delivered,Mobile App,5.0
ORD104305,13-Jun-2025,CUST1814,Simran Gupta,Female,44,Bokaro,East,P030,Self Help Book,Books,Self Development,2,?599.00,20%,?958.40,?520.00,?438.40,UPI,Delivered,Mobile App,5.0
ORD103223,13-Jun-2025,CUST1501,Kavya Patel,Female,33,Lucknow,North,P015,Bedsheet Set,Home & Kitchen,Home Decor,4,"?1,599.00",20%,"?5,116.80","?3,400.00","?1,716.80",UPI,Delivered,Mobile App,4.0
ORD102562,13-Jun-2025,CUST1562,Rohan Rao,Female,55,Jaipur,North,P016,Yoga Mat,Sports & Fitness,Fitness,1,?999.00,15%,?849.15,?520.00,?329.15,Wallet,Delivered,Website,5.0
ORD101767,13-Jun-2025,CUST2030,Aditya Kapoor,Female,36,Mysuru,South,P007,Running Shoes,Fashion,Footwear,1,"?2,899.00",5%,"?2,754.05","?1,700.00","?1,054.05",Cash on Delivery,Delivered,Mobile App,5.0
ORD104033,13-Jun-2025,CUST1547,Kiara Chopra,Male,42,Delhi,North,P024,Perfume,Beauty,Fragrance,1,"?1,799.00",15%,"?1,529.15",?900.00,?629.15,UPI,Delivered,Mobile App,5.0
ORD102190,13-Jun-2025,CUST0902,Kabir Gupta,Female,31,Patna,East,P029,Programming Book,Books,Technology,1,"?1,299.00",10%,"?1,169.10",?610.00,?559.10,Credit Card,Delivered,Mobile App,5.0
ORD103272,13-Jun-2025,CUST1715,Anjali Verma,Male,38,Bhubaneswar,East,P015,Bedsheet Set,Home & Kitchen,Home Decor,1,"?1,599.00",0%,"?1,599.00",?850.00,?749.00,UPI,Delivered,Mobile App,3.0
ORD104179,13-Jun-2025,CUST0501,Pranav Bansal,Female,37,Surat,West,P026,Novel Collection,Books,Fiction,2,?899.00,0%,"?1,798.00",?840.00,?958.00,Cash on Delivery,Cancelled,Mobile App,
ORD104430,13-Jun-2025,CUST1343,Shivam Mehta,Male,23,Chandigarh,North,P019,Badminton Racket,Sports & Fitness,Sports,2,"?1,499.00",5%,"?2,848.10","?1,600.00","?1,248.10",Debit Card,Delivered,Mobile App,5.0
ORD104955,14-Jun-2025,CUST0736,Aarav Sharma,Female,41,Mumbai,West,P021,Face Wash,Beauty,Skincare,4,?499.00,10%,"?1,796.40",?880.00,?916.40,UPI,Delivered,Website,5.0
ORD104885,14-Jun-2025,CUST1938,Yash Agarwal,Female,48,Chennai,South,P016,Yoga Mat,Sports & Fitness,Fitness,1,?999.00,10%,?899.10,?520.00,?379.10,Credit Card,Delivered,Mobile App,5.0
ORD100763,14-Jun-2025,CUST0419,Riya Verma,Male,41,Ranchi,East,P008,Cotton T-Shirt,Fashion,Clothing,1,?799.00,20%,?639.20,?390.00,?249.20,Debit Card,Delivered,Mobile App,5.0
ORD100934,14-Jun-2025,CUST1252,Varun Jain,Female,39,Coimbatore,South,P005,Power Bank 20000mAh,Electronics,Accessories,2,"?1,599.00",10%,"?2,878.20","?1,840.00","?1,038.20",Net Banking,Delivered,Website,2.0
ORD102558,14-Jun-2025,CUST0779,Kiara Chopra,Female,37,Ranchi,East,P017,Dumbbell Set,Sports & Fitness,Fitness,5,"?2,499.00",10%,"?11,245.50","?7,250.00","?3,995.50",Debit Card,Delivered,Website,4.0
ORD100446,14-Jun-2025,CUST0925,Kavya Patel,Male,24,Kochi,South,P002,Bluetooth Speaker,Electronics,Audio,2,"?1,899.00",10%,"?3,418.20","?2,240.00","?1,178.20",Debit Card,Delivered,Mobile App,2.0
ORD101474,14-Jun-2025,CUST0303,Isha Mehta,Male,26,Ahmedabad,West,P021,Face Wash,Beauty,Skincare,3,?499.00,20%,"?1,197.60",?660.00,?537.60,UPI,Delivered,Mobile App,5.0
ORD104174,14-Jun-2025,CUST1066,Arjun Rao,Female,28,Delhi,North,P015,Bedsheet Set,Home & Kitchen,Home Decor,1,"?1,599.00",15%,"?1,359.15",?850.00,?509.15,Debit Card,Delivered,Website,5.0
ORD102123,14-Jun-2025,CUST0987,Vansh Chopra,Female,32,Delhi,North,P022,Sunscreen SPF 50,Beauty,Skincare,2,?799.00,0%,"?1,598.00",?720.00,?878.00,Credit Card,Delivered,Mobile App,5.0
ORD102530,14-Jun-2025,CUST2071,Aditi Saxena,Male,26,Ahmedabad,West,P010,Casual Hoodie,Fashion,Clothing,1,"?1,499.00",5%,"?1,424.05",?780.00,?644.05,Credit Card,Returned,Mobile App,4.0
ORD103180,15-Jun-2025,CUST0579,Riya Verma,Female,47,Ranchi,East,P024,Perfume,Beauty,Fragrance,3,"?1,799.00",0%,"?5,397.00","?2,700.00","?2,697.00",Net Banking,Returned,Mobile App,4.0
ORD100591,15-Jun-2025,CUST0090,Rohan Rao,Female,38,Patna,East,P024,Perfume,Beauty,Fragrance,3,"?1,799.00",5%,"?5,127.15","?2,700.00","?2,427.15",UPI,Delivered,Website,5.0
ORD103987,15-Jun-2025,CUST0851,Anjali Verma,Female,40,Delhi,North,P007,Running Shoes,Fashion,Footwear,1,"?2,899.00",10%,"?2,609.10","?1,700.00",?909.10,UPI,Delivered,Website,5.0
ORD103692,15-Jun-2025,CUST0804,Varun Jain,Male,19,Jaipur,North,P007,Running Shoes,Fashion,Footwear,1,"?2,899.00",15%,"?2,464.15","?1,700.00",?764.15,Debit Card,Delivered,Mobile App,5.0
ORD104857,15-Jun-2025,CUST0288,Aarav Sharma,Female,46,Nashik,West,P021,Face Wash,Beauty,Skincare,3,?499.00,20%,"?1,197.60",?660.00,?537.60,Credit Card,Delivered,Website,4.0
ORD101336,15-Jun-2025,CUST0272,Mohit Sharma,Female,18,Bokaro,East,P004,USB-C Charger,Electronics,Accessories,1,?899.00,15%,?764.15,?480.00,?284.15,Debit Card,Delivered,Website,1.0
ORD103624,15-Jun-2025,CUST2020,Varun Jain,Male,27,Guwahati,East,P026,Novel Collection,Books,Fiction,1,?899.00,10%,?809.10,?420.00,?389.10,UPI,Delivered,Website,3.0
ORD103563,15-Jun-2025,CUST0444,Ananya Kumar,Female,32,Surat,West,P017,Dumbbell Set,Sports & Fitness,Fitness,2,"?2,499.00",10%,"?4,498.20","?2,900.00","?1,598.20",Net Banking,Delivered,Mobile App,4.0
ORD101357,15-Jun-2025,CUST0601,Meera Singh,Female,19,Bhubaneswar,East,P016,Yoga Mat,Sports & Fitness,Fitness,1,?999.00,15%,?849.15,?520.00,?329.15,Debit Card,Delivered,Website,5.0
ORD102752,15-Jun-2025,CUST1929,Zoya Singh,Female,31,Jaipur,North,P010,Casual Hoodie,Fashion,Clothing,1,"?1,499.00",5%,"?1,424.05",?780.00,?644.05,Credit Card,Delivered,Website,4.0
ORD103231,15-Jun-2025,CUST1960,Sanya Malhotra,Male,21,Chennai,South,P025,Moisturizer,Beauty,Skincare,2,?699.00,20%,"?1,118.40",?620.00,?498.40,Credit Card,Delivered,Website,4.0
ORD100463,16-Jun-2025,CUST0119,Aditi Saxena,Female,18,Guwahati,East,P021,Face Wash,Beauty,Skincare,1,?499.00,20%,?399.20,?220.00,?179.20,UPI,Delivered,Website,5.0
ORD101672,16-Jun-2025,CUST1712,Mohit Sharma,Male,47,Guwahati,East,P001,Wireless Headphones,Electronics,Audio,1,"?2,499.00",20%,"?1,999.20","?1,550.00",?449.20,Credit Card,Delivered,Website,5.0
ORD101644,16-Jun-2025,CUST1392,Mohit Sharma,Female,29,Nagpur,West,P022,Sunscreen SPF 50,Beauty,Skincare,3,?799.00,20%,"?1,917.60","?1,080.00",?837.60,Debit Card,Delivered,Mobile App,5.0
ORD103067,16-Jun-2025,CUST1095,Nisha Saxena,Female,49,Delhi,North,P001,Wireless Headphones,Electronics,Audio,2,"?2,499.00",0%,"?4,998.00","?3,100.00","?1,898.00",Cash on Delivery,Delivered,Mobile App,4.0
ORD101664,16-Jun-2025,CUST0062,Pooja Kapoor,Male,21,Ahmedabad,West,P009,Denim Jeans,Fashion,Clothing,1,"?1,999.00",0%,"?1,999.00","?1,050.00",?949.00,Net Banking,Delivered,Website,4.0
ORD100038,16-Jun-2025,CUST0409,Meera Singh,Male,37,Lucknow,North,P022,Sunscreen SPF 50,Beauty,Skincare,5,?799.00,5%,"?3,795.25","?1,800.00","?1,995.25",Credit Card,Delivered,Mobile App,5.0
ORD100744,17-Jun-2025,CUST0677,Akash Bansal,Female,18,Chandigarh,North,P012,Air Fryer,Home & Kitchen,Kitchen,1,"?5,999.00",15%,"?5,099.15","?3,900.00","?1,199.15",Debit Card,Delivered,Mobile App,3.0
ORD101207,17-Jun-2025,CUST0740,Varun Jain,Female,31,Amritsar,North,P007,Running Shoes,Fashion,Footwear,1,"?2,899.00",0%,"?2,899.00","?1,700.00","?1,199.00",Credit Card,Delivered,Mobile App,4.0
ORD104762,17-Jun-2025,CUST1668,Varun Jain,Male,19,Guwahati,East,P022,Sunscreen SPF 50,Beauty,Skincare,4,?799.00,15%,"?2,716.60","?1,440.00","?1,276.60",Credit Card,Delivered,Mobile App,5.0
ORD102401,17-Jun-2025,CUST2074,Rohan Rao,Male,36,Ranchi,East,P022,Sunscreen SPF 50,Beauty,Skincare,1,?799.00,10%,?719.10,?360.00,?359.10,Debit Card,Delivered,Website,3.0
ORD103098,17-Jun-2025,CUST1492,Karan Jain,Male,18,Bengaluru,South,P002,Bluetooth Speaker,Electronics,Audio,2,"?1,899.00",5%,"?3,608.10","?2,240.00","?1,368.10",UPI,Delivered,Website,4.0
ORD100368,17-Jun-2025,CUST1915,Vansh Chopra,Male,34,Bhubaneswar,East,P006,Laptop Backpack,Fashion,Bags,1,"?1,799.00",0%,"?1,799.00",?950.00,?849.00,Cash on Delivery,Cancelled,Mobile App,
ORD104667,17-Jun-2025,CUST0540,Ananya Kumar,Male,41,Dehradun,North,P002,Bluetooth Speaker,Electronics,Audio,1,"?1,899.00",15%,"?1,614.15","?1,120.00",?494.15,Debit Card,Delivered,Mobile App,5.0
ORD100440,17-Jun-2025,CUST0307,Anjali Verma,Male,29,Nagpur,West,P003,Smart Watch,Electronics,Wearables,1,"?3,299.00",5%,"?3,134.05","?2,100.00","?1,034.05",UPI,Delivered,Mobile App,5.0
ORD104719,17-Jun-2025,CUST1815,Aditi Saxena,Female,28,Ahmedabad,West,P028,Data Analytics Book,Books,Technology,4,"?1,099.00",20%,"?3,516.80","?2,080.00","?1,436.80",Net Banking,Delivered,Mobile App,3.0
ORD100991,17-Jun-2025,CUST1615,Isha Mehta,Male,30,Guwahati,East,P013,Non-Stick Cookware Set,Home & Kitchen,Cookware,4,"?4,299.00",5%,"?16,336.20","?10,800.00","?5,536.20",UPI,Delivered,Website,4.0
ORD101917,18-Jun-2025,CUST0174,Aditya Kapoor,Male,27,Bengaluru,South,P008,Cotton T-Shirt,Fashion,Clothing,1,?799.00,15%,?679.15,?390.00,?289.15,Credit Card,Returned,Mobile App,5.0
ORD104452,18-Jun-2025,CUST1864,Sanya Malhotra,Male,18,Bengaluru,South,P007,Running Shoes,Fashion,Footwear,1,"?2,899.00",10%,"?2,609.10","?1,700.00",?909.10,Credit Card,Delivered,Website,3.0
ORD103023,18-Jun-2025,CUST1299,Anjali Verma,Female,19,Coimbatore,South,P007,Running Shoes,Fashion,Footwear,1,"?2,899.00",25%,"?2,174.25","?1,700.00",?474.25,Debit Card,Delivered,Website,5.0
ORD101212,19-Jun-2025,CUST1342,Pooja Kapoor,Male,29,Kochi,South,P006,Laptop Backpack,Fashion,Bags,2,"?1,799.00",10%,"?3,238.20","?1,900.00","?1,338.20",Credit Card,Returned,Mobile App,5.0
ORD101176,19-Jun-2025,CUST0821,Pranav Bansal,Female,18,Kolkata,East,P007,Running Shoes,Fashion,Footwear,4,"?2,899.00",15%,"?9,856.60","?6,800.00","?3,056.60",Net Banking,Delivered,Mobile App,4.0
ORD100441,19-Jun-2025,CUST1119,Shivam Mehta,Male,46,Patna,East,P013,Non-Stick Cookware Set,Home & Kitchen,Cookware,2,"?4,299.00",20%,"?6,878.40","?5,400.00","?1,478.40",Debit Card,Delivered,Website,5.0
ORD103592,19-Jun-2025,CUST1652,Karan Jain,Female,40,Lucknow,North,P015,Bedsheet Set,Home & Kitchen,Home Decor,3,"?1,599.00",10%,"?4,317.30","?2,550.00","?1,767.30",UPI,Delivered,Website,5.0
ORD103247,19-Jun-2025,CUST2131,Anjali Verma,Female,48,Coimbatore,South,P018,Cricket Bat,Sports & Fitness,Sports,1,"?2,199.00",15%,"?1,869.15","?1,250.00",?619.15,UPI,Delivered,Mobile App,4.0
ORD102516,19-Jun-2025,CUST0005,Akash Bansal,Male,22,Mysuru,South,P020,Resistance Bands,Sports & Fitness,Fitness,3,?699.00,10%,"?1,887.30",?960.00,?927.30,Debit Card,Delivered,Mobile App,3.0
ORD101102,19-Jun-2025,CUST1186,Manish Agarwal,Male,21,Bokaro,East,P026,Novel Collection,Books,Fiction,2,?899.00,5%,"?1,708.10",?840.00,?868.10,UPI,Delivered,Mobile App,4.0
ORD102934,19-Jun-2025,CUST0611,Riya Verma,Female,38,Mumbai,West,P011,Coffee Maker,Home & Kitchen,Kitchen,1,"?3,499.00",0%,"?3,499.00","?2,250.00","?1,249.00",UPI,Delivered,Website,3.0
ORD104367,20-Jun-2025,CUST0150,Simran Gupta,Male,37,Kochi,South,P006,Laptop Backpack,Fashion,Bags,1,"?1,799.00",15%,"?1,529.15",?950.00,?579.15,UPI,Delivered,Website,3.0
ORD100114,20-Jun-2025,CUST1418,Arjun Rao,Female,19,Hyderabad,South,P028,Data Analytics Book,Books,Technology,1,"?1,099.00",20%,?879.20,?520.00,?359.20,UPI,Cancelled,Website,
ORD102933,20-Jun-2025,CUST0799,Shivam Mehta,Male,47,Bokaro,East,P024,Perfume,Beauty,Fragrance,1,"?1,799.00",10%,"?1,619.10",?900.00,?719.10,UPI,Delivered,Website,4.0
ORD104060,20-Jun-2025,CUST1853,Kavya Patel,Female,27,Coimbatore,South,P030,Self Help Book,Books,Self Development,1,?599.00,5%,?569.05,?260.00,?309.05,Credit Card,Delivered,Mobile App,4.0
ORD103407,20-Jun-2025,CUST0663,Aditi Saxena,Female,44,Guwahati,East,P007,Running Shoes,Fashion,Footwear,4,"?2,899.00",10%,"?10,436.40","?6,800.00","?3,636.40",Cash on Delivery,Delivered,Mobile App,4.0
ORD104992,20-Jun-2025,CUST0249,Meera Singh,Female,33,Chandigarh,North,P005,Power Bank 20000mAh,Electronics,Accessories,2,"?1,599.00",10%,"?2,878.20","?1,840.00","?1,038.20",UPI,Delivered,Website,4.0
ORD103815,20-Jun-2025,CUST1448,Sanya Malhotra,Male,39,Kolkata,East,P023,Shampoo,Beauty,Haircare,1,?649.00,30%,?454.30,?290.00,?164.30,UPI,Delivered,Mobile App,4.0
ORD104606,20-Jun-2025,CUST1367,Aditi Saxena,Female,38,Ranchi,East,P015,Bedsheet Set,Home & Kitchen,Home Decor,2,"?1,599.00",10%,"?2,878.20","?1,700.00","?1,178.20",UPI,Cancelled,Website,
ORD104047,20-Jun-2025,CUST0285,Kavya Patel,Female,42,Lucknow,North,P027,Business Strategy Book,Books,Business,1,?699.00,10%,?629.10,?300.00,?329.10,Credit Card,Delivered,Mobile App,4.0
ORD104242,20-Jun-2025,CUST1219,Riya Verma,Female,30,Ahmedabad,West,P004,USB-C Charger,Electronics,Accessories,1,?899.00,5%,?854.05,?480.00,?374.05,UPI,Cancelled,Website,
ORD102789,20-Jun-2025,CUST0818,Yash Agarwal,Female,20,Bokaro,East,P023,Shampoo,Beauty,Haircare,3,?649.00,15%,"?1,654.95",?870.00,?784.95,Cash on Delivery,Delivered,Website,3.0
ORD101086,20-Jun-2025,CUST0377,Meera Singh,Female,28,Lucknow,North,P009,Denim Jeans,Fashion,Clothing,2,"?1,999.00",5%,"?3,798.10","?2,100.00","?1,698.10",UPI,Delivered,Mobile App,5.0
ORD101691,21-Jun-2025,CUST1450,Arjun Rao,Female,33,Mysuru,South,P007,Running Shoes,Fashion,Footwear,4,"?2,899.00",5%,"?11,016.20","?6,800.00","?4,216.20",Debit Card,Delivered,Mobile App,5.0
ORD104538,21-Jun-2025,CUST1754,Rohan Rao,Female,30,Amritsar,North,P028,Data Analytics Book,Books,Technology,4,"?1,099.00",15%,"?3,736.60","?2,080.00","?1,656.60",UPI,Delivered,Mobile App,4.0
ORD102469,21-Jun-2025,CUST0569,Meera Singh,Male,29,Coimbatore,South,P007,Running Shoes,Fashion,Footwear,1,"?2,899.00",20%,"?2,319.20","?1,700.00",?619.20,UPI,Delivered,Website,4.0
ORD104880,21-Jun-2025,CUST1195,Kiara Chopra,Male,44,Bhubaneswar,East,P030,Self Help Book,Books,Self Development,1,?599.00,5%,?569.05,?260.00,?309.05,Debit Card,Delivered,Mobile App,5.0
ORD100248,21-Jun-2025,CUST1879,Aditi Saxena,Male,36,Bengaluru,South,P006,Laptop Backpack,Fashion,Bags,1,"?1,799.00",0%,"?1,799.00",?950.00,?849.00,Cash on Delivery,Delivered,Website,5.0
ORD101939,21-Jun-2025,CUST0869,Akash Bansal,Female,37,Patna,East,P025,Moisturizer,Beauty,Skincare,1,?699.00,5%,?664.05,?310.00,?354.05,UPI,Delivered,Mobile App,3.0
ORD100742,21-Jun-2025,CUST0405,Pranav Bansal,Male,23,Bengaluru,South,P023,Shampoo,Beauty,Haircare,1,?649.00,25%,?486.75,?290.00,?196.75,UPI,Delivered,Website,3.0
ORD101038,21-Jun-2025,CUST0265,Zoya Singh,Male,33,Kolkata,East,P021,Face Wash,Beauty,Skincare,2,?499.00,10%,?898.20,?440.00,?458.20,Credit Card,Delivered,Mobile App,1.0
ORD104524,21-Jun-2025,CUST0428,Rahul Kumar,Female,18,Guwahati,East,P018,Cricket Bat,Sports & Fitness,Sports,2,"?2,199.00",10%,"?3,958.20","?2,500.00","?1,458.20",Credit Card,Delivered,Website,5.0
ORD101626,21-Jun-2025,CUST1386,Arjun Rao,Female,30,Surat,West,P022,Sunscreen SPF 50,Beauty,Skincare,2,?799.00,0%,"?1,598.00",?720.00,?878.00,Cash on Delivery,Delivered,Website,5.0
ORD104062,22-Jun-2025,CUST0112,Mohit Sharma,Male,32,Chennai,South,P016,Yoga Mat,Sports & Fitness,Fitness,1,?999.00,25%,?749.25,?520.00,?229.25,Credit Card,Cancelled,Website,
ORD101874,22-Jun-2025,CUST1522,Yash Agarwal,Male,27,Kolkata,East,P008,Cotton T-Shirt,Fashion,Clothing,1,?799.00,30%,?559.30,?390.00,?169.30,UPI,Delivered,Mobile App,3.0
ORD100469,22-Jun-2025,CUST1032,Sanya Malhotra,Female,47,Ranchi,East,P022,Sunscreen SPF 50,Beauty,Skincare,1,?799.00,5%,?759.05,?360.00,?399.05,Wallet,Delivered,Mobile App,4.0
ORD102940,22-Jun-2025,CUST2143,Shivam Mehta,Male,34,Chennai,South,P006,Laptop Backpack,Fashion,Bags,2,"?1,799.00",5%,"?3,418.10","?1,900.00","?1,518.10",Wallet,Delivered,Mobile App,4.0
ORD100487,22-Jun-2025,CUST0596,Karan Jain,Male,30,Dehradun,North,P022,Sunscreen SPF 50,Beauty,Skincare,1,?799.00,10%,?719.10,?360.00,?359.10,UPI,Delivered,Mobile App,2.0
ORD102755,22-Jun-2025,CUST0092,Ananya Kumar,Male,37,Surat,West,P020,Resistance Bands,Sports & Fitness,Fitness,1,?699.00,0%,?699.00,?320.00,?379.00,UPI,Delivered,Website,4.0
ORD101844,22-Jun-2025,CUST0327,Nisha Saxena,Male,29,Chennai,South,P027,Business Strategy Book,Books,Business,1,?699.00,10%,?629.10,?300.00,?329.10,UPI,Delivered,Website,1.0
ORD100725,22-Jun-2025,CUST1078,Simran Gupta,Female,21,Jaipur,North,P023,Shampoo,Beauty,Haircare,1,?649.00,10%,?584.10,?290.00,?294.10,UPI,Delivered,Website,3.0
ORD104838,22-Jun-2025,CUST1957,Akash Bansal,Male,40,Ahmedabad,West,P028,Data Analytics Book,Books,Technology,3,"?1,099.00",5%,"?3,132.15","?1,560.00","?1,572.15",UPI,Delivered,Website,4.0
ORD101781,22-Jun-2025,CUST2098,Yash Agarwal,Male,33,Guwahati,East,P025,Moisturizer,Beauty,Skincare,1,?699.00,0%,?699.00,?310.00,?389.00,UPI,Delivered,Mobile App,4.0
ORD102300,22-Jun-2025,CUST2087,Nisha Saxena,Female,34,Bhubaneswar,East,P002,Bluetooth Speaker,Electronics,Audio,1,"?1,899.00",10%,"?1,709.10","?1,120.00",?589.10,UPI,Delivered,Website,5.0
ORD102348,23-Jun-2025,CUST2050,Manish Agarwal,Female,34,Kochi,South,P010,Casual Hoodie,Fashion,Clothing,1,"?1,499.00",30%,"?1,049.30",?780.00,?269.30,Credit Card,Delivered,Mobile App,5.0
ORD100439,23-Jun-2025,CUST0259,Riya Verma,Male,29,Pune,West,P023,Shampoo,Beauty,Haircare,2,?649.00,15%,"?1,103.30",?580.00,?523.30,Net Banking,Delivered,Mobile App,3.0
ORD102415,23-Jun-2025,CUST0028,Ananya Kumar,Male,39,Jaipur,North,P028,Data Analytics Book,Books,Technology,2,"?1,099.00",5%,"?2,088.10","?1,040.00","?1,048.10",Wallet,Delivered,Mobile App,5.0
ORD100899,24-Jun-2025,CUST2188,Rahul Kumar,Female,43,Kolkata,East,P001,Wireless Headphones,Electronics,Audio,3,"?2,499.00",10%,"?6,747.30","?4,650.00","?2,097.30",Net Banking,Delivered,Mobile App,4.0
ORD104102,24-Jun-2025,CUST0894,Pooja Kapoor,Female,23,Delhi,North,P017,Dumbbell Set,Sports & Fitness,Fitness,2,"?2,499.00",0%,"?4,998.00","?2,900.00","?2,098.00",Debit Card,Delivered,Mobile App,4.0
ORD102799,24-Jun-2025,CUST1019,Vansh Chopra,Female,53,Mysuru,South,P018,Cricket Bat,Sports & Fitness,Sports,2,"?2,199.00",0%,"?4,398.00","?2,500.00","?1,898.00",Wallet,Delivered,Website,5.0
ORD103081,24-Jun-2025,CUST1490,Yash Agarwal,Female,18,Kochi,South,P029,Programming Book,Books,Technology,2,"?1,299.00",30%,"?1,818.60","?1,220.00",?598.60,UPI,Delivered,Mobile App,5.0
ORD102724,24-Jun-2025,CUST0867,Riya Verma,Female,23,Chandigarh,North,P015,Bedsheet Set,Home & Kitchen,Home Decor,1,"?1,599.00",5%,"?1,519.05",?850.00,?669.05,Debit Card,Delivered,Mobile App,4.0
ORD103377,24-Jun-2025,CUST1222,Kabir Gupta,Male,22,Mysuru,South,P026,Novel Collection,Books,Fiction,2,?899.00,0%,"?1,798.00",?840.00,?958.00,UPI,Delivered,Mobile App,3.0
ORD104640,24-Jun-2025,CUST1641,Zoya Singh,Female,21,Mysuru,South,P029,Programming Book,Books,Technology,5,"?1,299.00",10%,"?5,845.50","?3,050.00","?2,795.50",Debit Card,Delivered,Website,4.0
ORD103383,24-Jun-2025,CUST1048,Ishaan Malhotra,Female,33,Coimbatore,South,P022,Sunscreen SPF 50,Beauty,Skincare,3,?799.00,10%,"?2,157.30","?1,080.00","?1,077.30",Credit Card,Delivered,Mobile App,4.0
ORD101524,24-Jun-2025,CUST2064,Mohit Sharma,Female,28,Amritsar,North,P020,Resistance Bands,Sports & Fitness,Fitness,2,?699.00,5%,"?1,328.10",?640.00,?688.10,Credit Card,Delivered,Mobile App,4.0
ORD104577,24-Jun-2025,CUST1888,Aarav Sharma,Female,50,Amritsar,North,P010,Casual Hoodie,Fashion,Clothing,1,"?1,499.00",5%,"?1,424.05",?780.00,?644.05,UPI,Delivered,Website,2.0
ORD104159,24-Jun-2025,CUST1049,Meera Singh,Male,39,Lucknow,North,P001,Wireless Headphones,Electronics,Audio,1,"?2,499.00",5%,"?2,374.05","?1,550.00",?824.05,UPI,Delivered,Website,5.0
ORD100279,25-Jun-2025,CUST0247,Aditi Saxena,Female,49,Ranchi,East,P010,Casual Hoodie,Fashion,Clothing,4,"?1,499.00",5%,"?5,696.20","?3,120.00","?2,576.20",Net Banking,Delivered,Mobile App,5.0
ORD101188,25-Jun-2025,CUST1933,Tanvi Patel,Male,29,Lucknow,North,P028,Data Analytics Book,Books,Technology,2,"?1,099.00",10%,"?1,978.20","?1,040.00",?938.20,Credit Card,Delivered,Mobile App,4.0
ORD102255,25-Jun-2025,CUST1952,Aarav Sharma,Male,25,Chandigarh,North,P023,Shampoo,Beauty,Haircare,3,?649.00,20%,"?1,557.60",?870.00,?687.60,Wallet,Delivered,Mobile App,4.0
ORD103230,25-Jun-2025,CUST1505,Diya Mishra,Male,44,Hyderabad,South,P002,Bluetooth Speaker,Electronics,Audio,1,"?1,899.00",20%,"?1,519.20","?1,120.00",?399.20,Credit Card,Delivered,Mobile App,5.0
ORD100538,26-Jun-2025,CUST1283,Riya Verma,Female,26,Hyderabad,South,P029,Programming Book,Books,Technology,1,"?1,299.00",15%,"?1,104.15",?610.00,?494.15,Credit Card,Delivered,Mobile App,5.0
ORD104706,26-Jun-2025,CUST1701,Akash Bansal,Male,29,Amritsar,North,P014,Table Lamp,Home & Kitchen,Home Decor,1,"?1,299.00",15%,"?1,104.15",?690.00,?414.15,UPI,Delivered,Mobile App,4.0
ORD100870,26-Jun-2025,CUST1645,Tanvi Patel,Female,20,Bengaluru,South,P029,Programming Book,Books,Technology,2,"?1,299.00",5%,"?2,468.10","?1,220.00","?1,248.10",UPI,Delivered,Website,5.0
ORD103872,26-Jun-2025,CUST1928,Sanya Malhotra,Male,29,Bhubaneswar,East,P014,Table Lamp,Home & Kitchen,Home Decor,1,"?1,299.00",10%,"?1,169.10",?690.00,?479.10,Net Banking,Delivered,Mobile App,4.0
ORD104662,26-Jun-2025,CUST2169,Meera Singh,Male,18,Guwahati,East,P019,Badminton Racket,Sports & Fitness,Sports,2,"?1,499.00",10%,"?2,698.20","?1,600.00","?1,098.20",Credit Card,Delivered,Mobile App,4.0
ORD103777,26-Jun-2025,CUST0639,Shivam Mehta,Female,27,Hyderabad,South,P005,Power Bank 20000mAh,Electronics,Accessories,3,"?1,599.00",5%,"?4,557.15","?2,760.00","?1,797.15",UPI,Returned,Website,5.0
ORD103330,26-Jun-2025,CUST2070,Simran Gupta,Female,18,Hyderabad,South,P014,Table Lamp,Home & Kitchen,Home Decor,4,"?1,299.00",10%,"?4,676.40","?2,760.00","?1,916.40",Debit Card,Cancelled,Website,
ORD102718,26-Jun-2025,CUST0913,Sakshi Mishra,Male,22,Ranchi,East,P010,Casual Hoodie,Fashion,Clothing,1,"?1,499.00",10%,"?1,349.10",?780.00,?569.10,Cash on Delivery,Delivered,Mobile App,2.0
ORD102142,26-Jun-2025,CUST0581,Akash Bansal,Male,37,Coimbatore,South,P017,Dumbbell Set,Sports & Fitness,Fitness,2,"?2,499.00",25%,"?3,748.50","?2,900.00",?848.50,Credit Card,Delivered,Website,4.0
ORD100404,26-Jun-2025,CUST1718,Simran Gupta,Female,28,Guwahati,East,P009,Denim Jeans,Fashion,Clothing,5,"?1,999.00",10%,"?8,995.50","?5,250.00","?3,745.50",UPI,Delivered,Mobile App,4.0
ORD102134,27-Jun-2025,CUST2041,Meera Singh,Female,31,Nashik,West,P019,Badminton Racket,Sports & Fitness,Sports,3,"?1,499.00",10%,"?4,047.30","?2,400.00","?1,647.30",Credit Card,Delivered,Website,5.0
ORD103505,27-Jun-2025,CUST0520,Sanya Malhotra,Female,20,Guwahati,East,P003,Smart Watch,Electronics,Wearables,3,"?3,299.00",10%,"?8,907.30","?6,300.00","?2,607.30",Net Banking,Delivered,Website,4.0
ORD102181,27-Jun-2025,CUST0795,Vansh Chopra,Male,34,Surat,West,P004,USB-C Charger,Electronics,Accessories,1,?899.00,0%,?899.00,?480.00,?419.00,UPI,Delivered,Website,3.0
ORD102687,27-Jun-2025,CUST1484,Rahul Kumar,Male,25,Chandigarh,North,P030,Self Help Book,Books,Self Development,1,?599.00,15%,?509.15,?260.00,?249.15,Debit Card,Delivered,Mobile App,5.0
ORD101508,27-Jun-2025,CUST1254,Kabir Gupta,Female,30,Amritsar,North,P009,Denim Jeans,Fashion,Clothing,4,"?1,999.00",5%,"?7,596.20","?4,200.00","?3,396.20",Cash on Delivery,Delivered,Website,4.0
ORD100913,27-Jun-2025,CUST1964,Rahul Kumar,Female,27,Dehradun,North,P009,Denim Jeans,Fashion,Clothing,1,"?1,999.00",5%,"?1,899.05","?1,050.00",?849.05,Credit Card,Delivered,Mobile App,4.0
ORD100517,27-Jun-2025,CUST0990,Pooja Kapoor,Female,28,Amritsar,North,P007,Running Shoes,Fashion,Footwear,2,"?2,899.00",10%,"?5,218.20","?3,400.00","?1,818.20",Credit Card,Delivered,Website,4.0
ORD104468,27-Jun-2025,CUST2055,Nisha Saxena,Female,34,Kolkata,East,P012,Air Fryer,Home & Kitchen,Kitchen,1,"?5,999.00",5%,"?5,699.05","?3,900.00","?1,799.05",UPI,Delivered,Mobile App,3.0
ORD100785,28-Jun-2025,CUST2181,Akash Bansal,Male,35,Bengaluru,South,P023,Shampoo,Beauty,Haircare,1,?649.00,15%,?551.65,?290.00,?261.65,UPI,Delivered,Mobile App,5.0
ORD104618,28-Jun-2025,CUST0024,Ishaan Malhotra,Female,20,Ranchi,East,P006,Laptop Backpack,Fashion,Bags,1,"?1,799.00",0%,"?1,799.00",?950.00,?849.00,Credit Card,Delivered,Mobile App,5.0
ORD104801,28-Jun-2025,CUST2133,Pranav Bansal,Female,37,Bengaluru,South,P012,Air Fryer,Home & Kitchen,Kitchen,1,"?5,999.00",10%,"?5,399.10","?3,900.00","?1,499.10",Net Banking,Delivered,Website,4.0
ORD104550,28-Jun-2025,CUST1167,Isha Mehta,Male,24,Hyderabad,South,P003,Smart Watch,Electronics,Wearables,1,"?3,299.00",30%,"?2,309.30","?2,100.00",?209.30,UPI,Delivered,Website,5.0
ORD103649,28-Jun-2025,CUST1261,Tanvi Patel,Male,31,Nashik,West,P004,USB-C Charger,Electronics,Accessories,3,?899.00,20%,"?2,157.60","?1,440.00",?717.60,Credit Card,Delivered,Mobile App,5.0
ORD104864,28-Jun-2025,CUST0275,Anjali Verma,Male,29,Lucknow,North,P002,Bluetooth Speaker,Electronics,Audio,2,"?1,899.00",0%,"?3,798.00","?2,240.00","?1,558.00",Wallet,Returned,Mobile App,4.0
ORD100864,28-Jun-2025,CUST0571,Vansh Chopra,Female,24,Dehradun,North,P016,Yoga Mat,Sports & Fitness,Fitness,1,?999.00,5%,?949.05,?520.00,?429.05,Debit Card,Delivered,Mobile App,2.0
ORD103122,28-Jun-2025,CUST0092,Ananya Kumar,Female,28,Ranchi,East,P003,Smart Watch,Electronics,Wearables,3,"?3,299.00",0%,"?9,897.00","?6,300.00","?3,597.00",Net Banking,Delivered,Mobile App,3.0
ORD102355,28-Jun-2025,CUST0765,Kavya Patel,Male,19,Amritsar,North,P024,Perfume,Beauty,Fragrance,2,"?1,799.00",10%,"?3,238.20","?1,800.00","?1,438.20",UPI,Delivered,Website,5.0
ORD100352,29-Jun-2025,CUST0727,Aditi Saxena,Male,37,Chennai,South,P030,Self Help Book,Books,Self Development,1,?599.00,10%,?539.10,?260.00,?279.10,Net Banking,Delivered,Website,5.0
ORD103819,29-Jun-2025,CUST1295,Isha Mehta,Male,23,Ahmedabad,West,P010,Casual Hoodie,Fashion,Clothing,1,"?1,499.00",20%,"?1,199.20",?780.00,?419.20,Net Banking,Delivered,Mobile App,5.0
ORD103951,29-Jun-2025,CUST0290,Manish Agarwal,Female,25,Kochi,South,P024,Perfume,Beauty,Fragrance,1,"?1,799.00",15%,"?1,529.15",?900.00,?629.15,Debit Card,Delivered,Mobile App,5.0
ORD101732,29-Jun-2025,CUST1586,Yash Agarwal,Male,27,Patna,East,P023,Shampoo,Beauty,Haircare,4,?649.00,15%,"?2,206.60","?1,160.00","?1,046.60",Net Banking,Delivered,Website,4.0
ORD100867,29-Jun-2025,CUST0991,Shivam Mehta,Male,27,Bhubaneswar,East,P025,Moisturizer,Beauty,Skincare,2,?699.00,0%,"?1,398.00",?620.00,?778.00,Credit Card,Delivered,Mobile App,5.0
ORD104163,29-Jun-2025,CUST0440,Ishaan Malhotra,Male,45,Bokaro,East,P022,Sunscreen SPF 50,Beauty,Skincare,1,?799.00,15%,?679.15,?360.00,?319.15,UPI,Delivered,Website,5.0
ORD104236,30-Jun-2025,CUST0921,Meera Singh,Male,29,Kochi,South,P007,Running Shoes,Fashion,Footwear,1,"?2,899.00",15%,"?2,464.15","?1,700.00",?764.15,UPI,Delivered,Website,4.0
ORD100261,30-Jun-2025,CUST0664,Ishaan Malhotra,Male,28,Delhi,North,P007,Running Shoes,Fashion,Footwear,2,"?2,899.00",30%,"?4,058.60","?3,400.00",?658.60,Credit Card,Cancelled,Mobile App,
ORD104213,30-Jun-2025,CUST0198,Kabir Gupta,Male,28,Mumbai,West,P007,Running Shoes,Fashion,Footwear,2,"?2,899.00",0%,"?5,798.00","?3,400.00","?2,398.00",Credit Card,Delivered,Mobile App,5.0
ORD103643,30-Jun-2025,CUST0631,Aditi Saxena,Male,42,Mysuru,South,P008,Cotton T-Shirt,Fashion,Clothing,1,?799.00,0%,?799.00,?390.00,?409.00,Wallet,Delivered,Website,4.0
ORD104441,30-Jun-2025,CUST0129,Diya Mishra,Male,49,Chennai,South,P002,Bluetooth Speaker,Electronics,Audio,2,"?1,899.00",5%,"?3,608.10","?2,240.00","?1,368.10",Net Banking,Delivered,Website,4.0
ORD103009,30-Jun-2025,CUST1799,Nisha Saxena,Female,19,Amritsar,North,P006,Laptop Backpack,Fashion,Bags,4,"?1,799.00",5%,"?6,836.20","?3,800.00","?3,036.20",Debit Card,Delivered,Mobile App,3.0
ORD103719,30-Jun-2025,CUST1396,Karan Jain,Female,35,Bokaro,East,P007,Running Shoes,Fashion,Footwear,1,"?2,899.00",5%,"?2,754.05","?1,700.00","?1,054.05",Cash on Delivery,Delivered,Mobile App,5.0
ORD103005,30-Jun-2025,CUST1651,Anjali Verma,Male,36,Ahmedabad,West,P002,Bluetooth Speaker,Electronics,Audio,1,"?1,899.00",10%,"?1,709.10","?1,120.00",?589.10,Credit Card,Cancelled,Website,
ORD104249,01-Jul-2025,CUST1231,Isha Mehta,Female,21,Delhi,North,P001,Wireless Headphones,Electronics,Audio,1,"?2,499.00",15%,"?2,124.15","?1,550.00",?574.15,Cash on Delivery,Delivered,Mobile App,5.0
ORD102786,01-Jul-2025,CUST1311,Shivam Mehta,Male,46,Nagpur,West,P029,Programming Book,Books,Technology,1,"?1,299.00",0%,"?1,299.00",?610.00,?689.00,Cash on Delivery,Delivered,Mobile App,2.0
ORD102093,01-Jul-2025,CUST2062,Aditya Kapoor,Male,40,Lucknow,North,P008,Cotton T-Shirt,Fashion,Clothing,3,?799.00,5%,"?2,277.15","?1,170.00","?1,107.15",Debit Card,Cancelled,Website,
ORD104739,01-Jul-2025,CUST1266,Yash Agarwal,Male,29,Hyderabad,South,P021,Face Wash,Beauty,Skincare,2,?499.00,15%,?848.30,?440.00,?408.30,Debit Card,Delivered,Mobile App,3.0
ORD103546,01-Jul-2025,CUST1942,Simran Gupta,Male,28,Kochi,South,P004,USB-C Charger,Electronics,Accessories,3,?899.00,5%,"?2,562.15","?1,440.00","?1,122.15",Debit Card,Delivered,Mobile App,2.0
ORD104997,01-Jul-2025,CUST0570,Rohan Rao,Female,22,Dehradun,North,P016,Yoga Mat,Sports & Fitness,Fitness,2,?999.00,10%,"?1,798.20","?1,040.00",?758.20,Wallet,Delivered,Mobile App,4.0
ORD103604,01-Jul-2025,CUST1845,Pranav Bansal,Female,18,Delhi,North,P015,Bedsheet Set,Home & Kitchen,Home Decor,1,"?1,599.00",0%,"?1,599.00",?850.00,?749.00,Wallet,Delivered,Mobile App,5.0
ORD100845,01-Jul-2025,CUST0794,Rohan Rao,Female,37,Ranchi,East,P009,Denim Jeans,Fashion,Clothing,1,"?1,999.00",5%,"?1,899.05","?1,050.00",?849.05,Debit Card,Delivered,Mobile App,4.0
ORD100935,01-Jul-2025,CUST1849,Meera Singh,Female,38,Delhi,North,P001,Wireless Headphones,Electronics,Audio,1,"?2,499.00",5%,"?2,374.05","?1,550.00",?824.05,Debit Card,Delivered,Website,5.0
ORD102105,01-Jul-2025,CUST1353,Zoya Singh,Male,34,Kochi,South,P015,Bedsheet Set,Home & Kitchen,Home Decor,1,"?1,599.00",25%,"?1,199.25",?850.00,?349.25,Cash on Delivery,Delivered,Mobile App,5.0
ORD100462,01-Jul-2025,CUST0574,Pooja Kapoor,Male,34,Bokaro,East,P024,Perfume,Beauty,Fragrance,2,"?1,799.00",10%,"?3,238.20","?1,800.00","?1,438.20",Cash on Delivery,Delivered,Website,5.0
ORD100865,01-Jul-2025,CUST0715,Kiara Chopra,Female,31,Bengaluru,South,P029,Programming Book,Books,Technology,1,"?1,299.00",20%,"?1,039.20",?610.00,?429.20,Credit Card,Delivered,Mobile App,3.0
ORD103925,02-Jul-2025,CUST0358,Kabir Gupta,Male,21,Pune,West,P028,Data Analytics Book,Books,Technology,2,"?1,099.00",5%,"?2,088.10","?1,040.00","?1,048.10",Wallet,Delivered,Mobile App,5.0
ORD104805,02-Jul-2025,CUST1358,Aditya Kapoor,Female,22,Guwahati,East,P019,Badminton Racket,Sports & Fitness,Sports,2,"?1,499.00",5%,"?2,848.10","?1,600.00","?1,248.10",Credit Card,Delivered,Mobile App,5.0
ORD100611,02-Jul-2025,CUST0253,Kavya Patel,Female,27,Patna,East,P023,Shampoo,Beauty,Haircare,2,?649.00,10%,"?1,168.20",?580.00,?588.20,Debit Card,Delivered,Mobile App,5.0
ORD101850,02-Jul-2025,CUST1915,Vansh Chopra,Female,51,Pune,West,P010,Casual Hoodie,Fashion,Clothing,3,"?1,499.00",15%,"?3,822.45","?2,340.00","?1,482.45",Net Banking,Delivered,Mobile App,4.0
ORD102394,02-Jul-2025,CUST1052,Ananya Kumar,Male,18,Dehradun,North,P008,Cotton T-Shirt,Fashion,Clothing,3,?799.00,15%,"?2,037.45","?1,170.00",?867.45,Net Banking,Delivered,Mobile App,4.0
ORD104826,02-Jul-2025,CUST1561,Meera Singh,Female,18,Chandigarh,North,P013,Non-Stick Cookware Set,Home & Kitchen,Cookware,1,"?4,299.00",10%,"?3,869.10","?2,700.00","?1,169.10",Credit Card,Delivered,Mobile App,5.0
ORD101831,02-Jul-2025,CUST0830,Pooja Kapoor,Male,44,Ranchi,East,P030,Self Help Book,Books,Self Development,3,?599.00,20%,"?1,437.60",?780.00,?657.60,Net Banking,Delivered,Mobile App,4.0
ORD102060,02-Jul-2025,CUST1866,Arjun Rao,Female,40,Amritsar,North,P019,Badminton Racket,Sports & Fitness,Sports,3,"?1,499.00",10%,"?4,047.30","?2,400.00","?1,647.30",UPI,Delivered,Website,4.0
ORD103083,02-Jul-2025,CUST1362,Yash Agarwal,Male,42,Nagpur,West,P022,Sunscreen SPF 50,Beauty,Skincare,1,?799.00,20%,?639.20,?360.00,?279.20,Net Banking,Delivered,Website,4.0
ORD102677,02-Jul-2025,CUST2071,Aditi Saxena,Female,27,Dehradun,North,P020,Resistance Bands,Sports & Fitness,Fitness,1,?699.00,5%,?664.05,?320.00,?344.05,UPI,Delivered,Mobile App,3.0
ORD101935,02-Jul-2025,CUST0456,Sanya Malhotra,Male,42,Kochi,South,P013,Non-Stick Cookware Set,Home & Kitchen,Cookware,2,"?4,299.00",15%,"?7,308.30","?5,400.00","?1,908.30",UPI,Delivered,Mobile App,1.0
ORD101087,02-Jul-2025,CUST0973,Tanvi Patel,Female,23,Coimbatore,South,P025,Moisturizer,Beauty,Skincare,1,?699.00,30%,?489.30,?310.00,?179.30,Debit Card,Delivered,Mobile App,1.0
ORD102058,02-Jul-2025,CUST0338,Yash Agarwal,Male,22,Nagpur,West,P002,Bluetooth Speaker,Electronics,Audio,1,"?1,899.00",20%,"?1,519.20","?1,120.00",?399.20,Net Banking,Delivered,Website,3.0
ORD103720,03-Jul-2025,CUST1916,Ananya Kumar,Female,29,Mysuru,South,P007,Running Shoes,Fashion,Footwear,3,"?2,899.00",0%,"?8,697.00","?5,100.00","?3,597.00",Credit Card,Delivered,Mobile App,3.0
ORD104861,03-Jul-2025,CUST1837,Tanvi Patel,Female,27,Ahmedabad,West,P017,Dumbbell Set,Sports & Fitness,Fitness,1,"?2,499.00",10%,"?2,249.10","?1,450.00",?799.10,Debit Card,Delivered,Website,5.0
ORD100164,03-Jul-2025,CUST0739,Riya Verma,Female,44,Mumbai,West,P009,Denim Jeans,Fashion,Clothing,1,"?1,999.00",10%,"?1,799.10","?1,050.00",?749.10,Debit Card,Delivered,Mobile App,5.0
ORD101505,03-Jul-2025,CUST1608,Sanya Malhotra,Male,28,Kolkata,East,P012,Air Fryer,Home & Kitchen,Kitchen,1,"?5,999.00",10%,"?5,399.10","?3,900.00","?1,499.10",Credit Card,Delivered,Mobile App,2.0
ORD100599,03-Jul-2025,CUST1144,Ishaan Malhotra,Female,31,Lucknow,North,P010,Casual Hoodie,Fashion,Clothing,1,"?1,499.00",5%,"?1,424.05",?780.00,?644.05,Debit Card,Delivered,Mobile App,4.0
ORD102573,03-Jul-2025,CUST1886,Pooja Kapoor,Male,28,Coimbatore,South,P023,Shampoo,Beauty,Haircare,1,?649.00,5%,?616.55,?290.00,?326.55,Net Banking,Delivered,Mobile App,3.0
ORD103894,03-Jul-2025,CUST0223,Shivam Mehta,Female,18,Coimbatore,South,P029,Programming Book,Books,Technology,1,"?1,299.00",0%,"?1,299.00",?610.00,?689.00,Credit Card,Delivered,Website,5.0
ORD102658,03-Jul-2025,CUST0012,Rahul Kumar,Male,26,Nagpur,West,P020,Resistance Bands,Sports & Fitness,Fitness,2,?699.00,20%,"?1,118.40",?640.00,?478.40,UPI,Delivered,Mobile App,2.0
ORD103626,03-Jul-2025,CUST1722,Rohan Rao,Male,25,Ahmedabad,West,P021,Face Wash,Beauty,Skincare,2,?499.00,10%,?898.20,?440.00,?458.20,UPI,Returned,Website,4.0
ORD103865,03-Jul-2025,CUST1529,Meera Singh,Female,19,Patna,East,P018,Cricket Bat,Sports & Fitness,Sports,3,"?2,199.00",20%,"?5,277.60","?3,750.00","?1,527.60",UPI,Delivered,Website,4.0
ORD103297,04-Jul-2025,CUST1133,Tanvi Patel,Female,36,Bengaluru,South,P030,Self Help Book,Books,Self Development,1,?599.00,20%,?479.20,?260.00,?219.20,UPI,Delivered,Website,4.0
ORD104544,04-Jul-2025,CUST1414,Kabir Gupta,Female,38,Surat,West,P004,USB-C Charger,Electronics,Accessories,1,?899.00,15%,?764.15,?480.00,?284.15,Cash on Delivery,Delivered,Mobile App,1.0
ORD101502,04-Jul-2025,CUST1559,Aditi Saxena,Female,34,Kolkata,East,P021,Face Wash,Beauty,Skincare,1,?499.00,10%,?449.10,?220.00,?229.10,UPI,Returned,Website,5.0
ORD103771,04-Jul-2025,CUST1207,Aditi Saxena,Male,20,Ranchi,East,P006,Laptop Backpack,Fashion,Bags,1,"?1,799.00",5%,"?1,709.05",?950.00,?759.05,Debit Card,Cancelled,Mobile App,
ORD103437,04-Jul-2025,CUST1598,Pooja Kapoor,Male,24,Bhubaneswar,East,P018,Cricket Bat,Sports & Fitness,Sports,1,"?2,199.00",5%,"?2,089.05","?1,250.00",?839.05,UPI,Returned,Mobile App,4.0
ORD103031,04-Jul-2025,CUST1017,Meera Singh,Male,46,Chandigarh,North,P011,Coffee Maker,Home & Kitchen,Kitchen,1,"?3,499.00",5%,"?3,324.05","?2,250.00","?1,074.05",Credit Card,Delivered,Website,5.0
ORD104263,04-Jul-2025,CUST0134,Kabir Gupta,Male,31,Pune,West,P025,Moisturizer,Beauty,Skincare,1,?699.00,5%,?664.05,?310.00,?354.05,UPI,Delivered,Mobile App,5.0
ORD101426,05-Jul-2025,CUST0703,Shivam Mehta,Male,24,Guwahati,East,P004,USB-C Charger,Electronics,Accessories,1,?899.00,10%,?809.10,?480.00,?329.10,UPI,Delivered,Website,4.0
ORD101988,05-Jul-2025,CUST1188,Varun Jain,Female,28,Nashik,West,P010,Casual Hoodie,Fashion,Clothing,4,"?1,499.00",15%,"?5,096.60","?3,120.00","?1,976.60",Debit Card,Delivered,Mobile App,5.0
ORD104530,05-Jul-2025,CUST0093,Kavya Patel,Female,32,Ranchi,East,P028,Data Analytics Book,Books,Technology,3,"?1,099.00",20%,"?2,637.60","?1,560.00","?1,077.60",UPI,Delivered,Mobile App,5.0
ORD100426,05-Jul-2025,CUST0676,Varun Jain,Female,22,Kolkata,East,P020,Resistance Bands,Sports & Fitness,Fitness,2,?699.00,20%,"?1,118.40",?640.00,?478.40,Credit Card,Delivered,Website,4.0
ORD103883,05-Jul-2025,CUST0114,Yash Agarwal,Female,20,Nagpur,West,P004,USB-C Charger,Electronics,Accessories,2,?899.00,5%,"?1,708.10",?960.00,?748.10,Credit Card,Delivered,Website,5.0
ORD100174,06-Jul-2025,CUST0149,Pranav Bansal,Male,48,Kolkata,East,P009,Denim Jeans,Fashion,Clothing,1,"?1,999.00",15%,"?1,699.15","?1,050.00",?649.15,Debit Card,Delivered,Mobile App,5.0
ORD104215,06-Jul-2025,CUST0669,Kavya Patel,Male,28,Guwahati,East,P029,Programming Book,Books,Technology,1,"?1,299.00",5%,"?1,234.05",?610.00,?624.05,UPI,Delivered,Mobile App,4.0
ORD102923,06-Jul-2025,CUST1991,Nisha Saxena,Female,28,Nashik,West,P023,Shampoo,Beauty,Haircare,2,?649.00,20%,"?1,038.40",?580.00,?458.40,UPI,Delivered,Website,4.0
ORD104136,06-Jul-2025,CUST1500,Ananya Kumar,Male,52,Bhubaneswar,East,P004,USB-C Charger,Electronics,Accessories,2,?899.00,0%,"?1,798.00",?960.00,?838.00,UPI,Delivered,Website,3.0
ORD101133,06-Jul-2025,CUST2116,Varun Jain,Female,32,Pune,West,P005,Power Bank 20000mAh,Electronics,Accessories,1,"?1,599.00",10%,"?1,439.10",?920.00,?519.10,Debit Card,Cancelled,Mobile App,
ORD103757,06-Jul-2025,CUST0754,Yash Agarwal,Male,43,Hyderabad,South,P012,Air Fryer,Home & Kitchen,Kitchen,1,"?5,999.00",10%,"?5,399.10","?3,900.00","?1,499.10",UPI,Delivered,Website,5.0
ORD103284,06-Jul-2025,CUST1968,Mohit Sharma,Female,27,Surat,West,P020,Resistance Bands,Sports & Fitness,Fitness,1,?699.00,15%,?594.15,?320.00,?274.15,UPI,Delivered,Website,4.0
ORD103746,06-Jul-2025,CUST1551,Isha Mehta,Male,32,Chandigarh,North,P009,Denim Jeans,Fashion,Clothing,1,"?1,999.00",20%,"?1,599.20","?1,050.00",?549.20,Cash on Delivery,Delivered,Website,4.0
ORD101006,06-Jul-2025,CUST0865,Diya Mishra,Female,31,Mysuru,South,P018,Cricket Bat,Sports & Fitness,Sports,1,"?2,199.00",10%,"?1,979.10","?1,250.00",?729.10,UPI,Delivered,Website,5.0
ORD104482,06-Jul-2025,CUST1362,Yash Agarwal,Male,21,Pune,West,P006,Laptop Backpack,Fashion,Bags,2,"?1,799.00",0%,"?3,598.00","?1,900.00","?1,698.00",UPI,Delivered,Mobile App,4.0
ORD104038,06-Jul-2025,CUST1374,Pooja Kapoor,Female,36,Patna,East,P030,Self Help Book,Books,Self Development,2,?599.00,5%,"?1,138.10",?520.00,?618.10,UPI,Delivered,Website,5.0
ORD102626,07-Jul-2025,CUST1083,Vansh Chopra,Female,35,Coimbatore,South,P003,Smart Watch,Electronics,Wearables,1,"?3,299.00",10%,"?2,969.10","?2,100.00",?869.10,Credit Card,Delivered,Mobile App,1.0
ORD103288,07-Jul-2025,CUST0963,Riya Verma,Male,18,Bokaro,East,P016,Yoga Mat,Sports & Fitness,Fitness,1,?999.00,25%,?749.25,?520.00,?229.25,Credit Card,Delivered,Mobile App,4.0
ORD102464,07-Jul-2025,CUST0588,Rahul Kumar,Male,28,Pune,West,P007,Running Shoes,Fashion,Footwear,3,"?2,899.00",15%,"?7,392.45","?5,100.00","?2,292.45",Wallet,Returned,Website,5.0
ORD102095,07-Jul-2025,CUST0818,Yash Agarwal,Male,31,Mumbai,West,P017,Dumbbell Set,Sports & Fitness,Fitness,1,"?2,499.00",0%,"?2,499.00","?1,450.00","?1,049.00",UPI,Delivered,Mobile App,5.0
ORD102030,07-Jul-2025,CUST0557,Tanvi Patel,Male,34,Bokaro,East,P030,Self Help Book,Books,Self Development,2,?599.00,20%,?958.40,?520.00,?438.40,Debit Card,Delivered,Website,5.0
ORD103752,07-Jul-2025,CUST2045,Kavya Patel,Male,36,Nagpur,West,P021,Face Wash,Beauty,Skincare,2,?499.00,0%,?998.00,?440.00,?558.00,Debit Card,Delivered,Mobile App,4.0
ORD100071,07-Jul-2025,CUST0454,Kabir Gupta,Female,38,Delhi,North,P008,Cotton T-Shirt,Fashion,Clothing,1,?799.00,10%,?719.10,?390.00,?329.10,Debit Card,Delivered,Website,4.0
ORD102653,07-Jul-2025,CUST1227,Kiara Chopra,Female,38,Hyderabad,South,P022,Sunscreen SPF 50,Beauty,Skincare,1,?799.00,15%,?679.15,?360.00,?319.15,UPI,Delivered,Website,4.0
ORD102792,07-Jul-2025,CUST0890,Rohan Rao,Female,39,Guwahati,East,P002,Bluetooth Speaker,Electronics,Audio,2,"?1,899.00",15%,"?3,228.30","?2,240.00",?988.30,Debit Card,Delivered,Mobile App,5.0
ORD104460,07-Jul-2025,CUST0757,Pranav Bansal,Male,41,Jaipur,North,P028,Data Analytics Book,Books,Technology,1,"?1,099.00",10%,?989.10,?520.00,?469.10,Debit Card,Delivered,Mobile App,3.0
ORD102045,07-Jul-2025,CUST1135,Isha Mehta,Female,18,Kolkata,East,P026,Novel Collection,Books,Fiction,2,?899.00,20%,"?1,438.40",?840.00,?598.40,Net Banking,Delivered,Website,4.0
ORD101083,07-Jul-2025,CUST0705,Diya Mishra,Female,37,Chandigarh,North,P011,Coffee Maker,Home & Kitchen,Kitchen,2,"?3,499.00",15%,"?5,948.30","?4,500.00","?1,448.30",UPI,Delivered,Mobile App,2.0
ORD102641,07-Jul-2025,CUST0847,Isha Mehta,Male,36,Amritsar,North,P014,Table Lamp,Home & Kitchen,Home Decor,1,"?1,299.00",10%,"?1,169.10",?690.00,?479.10,Debit Card,Delivered,Website,5.0
ORD104358,07-Jul-2025,CUST1843,Anjali Verma,Female,34,Mumbai,West,P001,Wireless Headphones,Electronics,Audio,2,"?2,499.00",15%,"?4,248.30","?3,100.00","?1,148.30",UPI,Delivered,Website,4.0
ORD104368,07-Jul-2025,CUST1657,Meera Singh,Male,41,Patna,East,P011,Coffee Maker,Home & Kitchen,Kitchen,1,"?3,499.00",10%,"?3,149.10","?2,250.00",?899.10,Credit Card,Delivered,Website,4.0
ORD104210,08-Jul-2025,CUST1169,Sakshi Mishra,Male,34,Chennai,South,P009,Denim Jeans,Fashion,Clothing,2,"?1,999.00",25%,"?2,998.50","?2,100.00",?898.50,Debit Card,Delivered,Website,5.0
ORD104776,08-Jul-2025,CUST1214,Pooja Kapoor,Male,30,Amritsar,North,P012,Air Fryer,Home & Kitchen,Kitchen,1,"?5,999.00",30%,"?4,199.30","?3,900.00",?299.30,Net Banking,Delivered,Mobile App,4.0
ORD104994,08-Jul-2025,CUST0228,Varun Jain,Female,26,Kolkata,East,P003,Smart Watch,Electronics,Wearables,1,"?3,299.00",5%,"?3,134.05","?2,100.00","?1,034.05",UPI,Delivered,Mobile App,5.0
ORD104858,08-Jul-2025,CUST0095,Shivam Mehta,Female,37,Nagpur,West,P002,Bluetooth Speaker,Electronics,Audio,2,"?1,899.00",10%,"?3,418.20","?2,240.00","?1,178.20",UPI,Delivered,Website,5.0
ORD103596,08-Jul-2025,CUST0595,Anjali Verma,Male,46,Bhubaneswar,East,P004,USB-C Charger,Electronics,Accessories,2,?899.00,30%,"?1,258.60",?960.00,?298.60,Net Banking,Delivered,Website,5.0
ORD100328,08-Jul-2025,CUST1101,Tanvi Patel,Male,25,Jaipur,North,P026,Novel Collection,Books,Fiction,1,?899.00,10%,?809.10,?420.00,?389.10,UPI,Delivered,Website,5.0
ORD102997,08-Jul-2025,CUST1422,Aditya Kapoor,Female,27,Kolkata,East,P028,Data Analytics Book,Books,Technology,2,"?1,099.00",10%,"?1,978.20","?1,040.00",?938.20,Net Banking,Delivered,Website,5.0
ORD104470,08-Jul-2025,CUST0954,Rohan Rao,Male,37,Pune,West,P020,Resistance Bands,Sports & Fitness,Fitness,1,?699.00,5%,?664.05,?320.00,?344.05,Credit Card,Delivered,Mobile App,5.0
ORD100032,09-Jul-2025,CUST0278,Simran Gupta,Female,33,Bokaro,East,P024,Perfume,Beauty,Fragrance,1,"?1,799.00",5%,"?1,709.05",?900.00,?809.05,Cash on Delivery,Delivered,Website,5.0
ORD100128,09-Jul-2025,CUST1949,Kavya Patel,Female,33,Delhi,North,P018,Cricket Bat,Sports & Fitness,Sports,2,"?2,199.00",10%,"?3,958.20","?2,500.00","?1,458.20",Debit Card,Delivered,Website,5.0
ORD101921,09-Jul-2025,CUST1857,Diya Mishra,Female,36,Coimbatore,South,P025,Moisturizer,Beauty,Skincare,2,?699.00,25%,"?1,048.50",?620.00,?428.50,Debit Card,Delivered,Website,5.0
ORD104039,09-Jul-2025,CUST1710,Aditya Kapoor,Male,26,Ahmedabad,West,P007,Running Shoes,Fashion,Footwear,1,"?2,899.00",30%,"?2,029.30","?1,700.00",?329.30,Cash on Delivery,Delivered,Website,4.0
ORD100478,09-Jul-2025,CUST0555,Kiara Chopra,Female,22,Mysuru,South,P028,Data Analytics Book,Books,Technology,1,"?1,099.00",20%,?879.20,?520.00,?359.20,Net Banking,Delivered,Mobile App,5.0
ORD102384,09-Jul-2025,CUST0105,Zoya Singh,Male,18,Pune,West,P003,Smart Watch,Electronics,Wearables,1,"?3,299.00",15%,"?2,804.15","?2,100.00",?704.15,Credit Card,Delivered,Mobile App,2.0
ORD103835,09-Jul-2025,CUST1267,Anjali Verma,Male,33,Amritsar,North,P004,USB-C Charger,Electronics,Accessories,1,?899.00,20%,?719.20,?480.00,?239.20,Net Banking,Returned,Mobile App,5.0
ORD104334,09-Jul-2025,CUST2140,Ananya Kumar,Male,25,Amritsar,North,P022,Sunscreen SPF 50,Beauty,Skincare,3,?799.00,5%,"?2,277.15","?1,080.00","?1,197.15",UPI,Cancelled,Mobile App,
ORD100296,09-Jul-2025,CUST1478,Kabir Gupta,Male,38,Kochi,South,P001,Wireless Headphones,Electronics,Audio,4,"?2,499.00",10%,"?8,996.40","?6,200.00","?2,796.40",UPI,Delivered,Mobile App,4.0
ORD104611,09-Jul-2025,CUST0001,Diya Mishra,Female,29,Nagpur,West,P019,Badminton Racket,Sports & Fitness,Sports,1,"?1,499.00",10%,"?1,349.10",?800.00,?549.10,Credit Card,Delivered,Mobile App,4.0
ORD103701,09-Jul-2025,CUST0222,Pooja Kapoor,Male,32,Nagpur,West,P027,Business Strategy Book,Books,Business,3,?699.00,10%,"?1,887.30",?900.00,?987.30,Cash on Delivery,Delivered,Mobile App,5.0
ORD101808,09-Jul-2025,CUST1574,Kabir Gupta,Female,21,Mysuru,South,P026,Novel Collection,Books,Fiction,2,?899.00,10%,"?1,618.20",?840.00,?778.20,Credit Card,Delivered,Mobile App,3.0
ORD100393,09-Jul-2025,CUST0592,Mohit Sharma,Female,33,Surat,West,P028,Data Analytics Book,Books,Technology,4,"?1,099.00",0%,"?4,396.00","?2,080.00","?2,316.00",UPI,Delivered,Mobile App,4.0
ORD102246,09-Jul-2025,CUST1543,Nisha Saxena,Male,40,Chennai,South,P017,Dumbbell Set,Sports & Fitness,Fitness,1,"?2,499.00",0%,"?2,499.00","?1,450.00","?1,049.00",UPI,Delivered,Website,1.0
ORD103977,10-Jul-2025,CUST1810,Yash Agarwal,Female,37,Chandigarh,North,P027,Business Strategy Book,Books,Business,1,?699.00,20%,?559.20,?300.00,?259.20,Credit Card,Returned,Mobile App,5.0
ORD102272,10-Jul-2025,CUST1676,Rahul Kumar,Female,53,Jaipur,North,P019,Badminton Racket,Sports & Fitness,Sports,1,"?1,499.00",5%,"?1,424.05",?800.00,?624.05,Credit Card,Delivered,Mobile App,4.0
ORD102268,10-Jul-2025,CUST0764,Ananya Kumar,Female,34,Ahmedabad,West,P003,Smart Watch,Electronics,Wearables,2,"?3,299.00",0%,"?6,598.00","?4,200.00","?2,398.00",Credit Card,Delivered,Mobile App,4.0
ORD104761,10-Jul-2025,CUST1577,Zoya Singh,Male,42,Bhubaneswar,East,P012,Air Fryer,Home & Kitchen,Kitchen,2,"?5,999.00",10%,"?10,798.20","?7,800.00","?2,998.20",UPI,Delivered,Website,4.0
ORD103589,10-Jul-2025,CUST2097,Sakshi Mishra,Male,28,Mumbai,West,P019,Badminton Racket,Sports & Fitness,Sports,1,"?1,499.00",20%,"?1,199.20",?800.00,?399.20,Debit Card,Delivered,Website,5.0
ORD104868,10-Jul-2025,CUST2185,Zoya Singh,Female,32,Guwahati,East,P018,Cricket Bat,Sports & Fitness,Sports,1,"?2,199.00",0%,"?2,199.00","?1,250.00",?949.00,Credit Card,Delivered,Mobile App,5.0
ORD100264,10-Jul-2025,CUST0040,Sanya Malhotra,Male,32,Coimbatore,South,P005,Power Bank 20000mAh,Electronics,Accessories,1,"?1,599.00",10%,"?1,439.10",?920.00,?519.10,Credit Card,Delivered,Mobile App,5.0
ORD100480,10-Jul-2025,CUST0293,Akash Bansal,Male,42,Bokaro,East,P021,Face Wash,Beauty,Skincare,2,?499.00,10%,?898.20,?440.00,?458.20,Credit Card,Delivered,Website,5.0
ORD103759,10-Jul-2025,CUST1240,Ishaan Malhotra,Male,20,Patna,East,P021,Face Wash,Beauty,Skincare,3,?499.00,5%,"?1,422.15",?660.00,?762.15,UPI,Delivered,Website,4.0
ORD103055,10-Jul-2025,CUST0531,Anjali Verma,Female,47,Mumbai,West,P007,Running Shoes,Fashion,Footwear,2,"?2,899.00",20%,"?4,638.40","?3,400.00","?1,238.40",UPI,Delivered,Mobile App,5.0
ORD101214,10-Jul-2025,CUST0686,Aditya Kapoor,Male,38,Ahmedabad,West,P016,Yoga Mat,Sports & Fitness,Fitness,1,?999.00,5%,?949.05,?520.00,?429.05,Wallet,Delivered,Mobile App,3.0
ORD104781,10-Jul-2025,CUST1300,Karan Jain,Female,22,Dehradun,North,P002,Bluetooth Speaker,Electronics,Audio,2,"?1,899.00",20%,"?3,038.40","?2,240.00",?798.40,Debit Card,Delivered,Website,4.0
ORD101859,11-Jul-2025,CUST0800,Aarav Sharma,Male,31,Bengaluru,South,P024,Perfume,Beauty,Fragrance,1,"?1,799.00",0%,"?1,799.00",?900.00,?899.00,UPI,Delivered,Mobile App,3.0
ORD100021,11-Jul-2025,CUST0313,Meera Singh,Male,43,Bokaro,East,P026,Novel Collection,Books,Fiction,2,?899.00,15%,"?1,528.30",?840.00,?688.30,UPI,Delivered,Mobile App,5.0
ORD100667,11-Jul-2025,CUST0953,Meera Singh,Male,27,Kolkata,East,P008,Cotton T-Shirt,Fashion,Clothing,1,?799.00,10%,?719.10,?390.00,?329.10,UPI,Delivered,Mobile App,4.0
ORD101254,11-Jul-2025,CUST0277,Pranav Bansal,Male,43,Dehradun,North,P001,Wireless Headphones,Electronics,Audio,1,"?2,499.00",15%,"?2,124.15","?1,550.00",?574.15,Credit Card,Cancelled,Mobile App,
ORD103851,11-Jul-2025,CUST2143,Shivam Mehta,Male,20,Bokaro,East,P015,Bedsheet Set,Home & Kitchen,Home Decor,3,"?1,599.00",0%,"?4,797.00","?2,550.00","?2,247.00",UPI,Delivered,Mobile App,3.0
ORD103947,11-Jul-2025,CUST0508,Ananya Kumar,Male,18,Mysuru,South,P016,Yoga Mat,Sports & Fitness,Fitness,1,?999.00,15%,?849.15,?520.00,?329.15,Cash on Delivery,Delivered,Website,5.0
ORD103954,11-Jul-2025,CUST0717,Tanvi Patel,Female,26,Mumbai,West,P020,Resistance Bands,Sports & Fitness,Fitness,1,?699.00,5%,?664.05,?320.00,?344.05,UPI,Delivered,Mobile App,5.0
ORD100244,11-Jul-2025,CUST0146,Yash Agarwal,Male,23,Hyderabad,South,P009,Denim Jeans,Fashion,Clothing,1,"?1,999.00",5%,"?1,899.05","?1,050.00",?849.05,Credit Card,Delivered,Website,2.0
ORD103084,11-Jul-2025,CUST0199,Nisha Saxena,Female,33,Coimbatore,South,P023,Shampoo,Beauty,Haircare,3,?649.00,5%,"?1,849.65",?870.00,?979.65,Net Banking,Delivered,Mobile App,5.0
ORD100390,11-Jul-2025,CUST1166,Aditya Kapoor,Male,42,Nagpur,West,P011,Coffee Maker,Home & Kitchen,Kitchen,1,"?3,499.00",10%,"?3,149.10","?2,250.00",?899.10,Credit Card,Delivered,Mobile App,4.0
ORD103678,11-Jul-2025,CUST0017,Sakshi Mishra,Male,32,Mumbai,West,P012,Air Fryer,Home & Kitchen,Kitchen,1,"?5,999.00",5%,"?5,699.05","?3,900.00","?1,799.05",Wallet,Delivered,Website,4.0
ORD103703,11-Jul-2025,CUST0797,Kavya Patel,Male,18,Coimbatore,South,P001,Wireless Headphones,Electronics,Audio,1,"?2,499.00",20%,"?1,999.20","?1,550.00",?449.20,UPI,Delivered,Website,4.0
ORD104813,11-Jul-2025,CUST0361,Zoya Singh,Male,39,Bokaro,East,P003,Smart Watch,Electronics,Wearables,2,"?3,299.00",20%,"?5,278.40","?4,200.00","?1,078.40",UPI,Delivered,Website,4.0
ORD102482,12-Jul-2025,CUST1403,Vansh Chopra,Male,18,Coimbatore,South,P022,Sunscreen SPF 50,Beauty,Skincare,1,?799.00,5%,?759.05,?360.00,?399.05,UPI,Delivered,Website,5.0
ORD103608,12-Jul-2025,CUST0150,Simran Gupta,Male,32,Patna,East,P016,Yoga Mat,Sports & Fitness,Fitness,3,?999.00,0%,"?2,997.00","?1,560.00","?1,437.00",Credit Card,Delivered,Website,4.0
ORD104088,12-Jul-2025,CUST1108,Karan Jain,Female,26,Surat,West,P008,Cotton T-Shirt,Fashion,Clothing,1,?799.00,30%,?559.30,?390.00,?169.30,UPI,Delivered,Mobile App,4.0
ORD101525,12-Jul-2025,CUST1845,Pranav Bansal,Female,31,Bengaluru,South,P001,Wireless Headphones,Electronics,Audio,3,"?2,499.00",15%,"?6,372.45","?4,650.00","?1,722.45",Credit Card,Delivered,Website,3.0
ORD102965,12-Jul-2025,CUST1890,Manish Agarwal,Male,43,Kochi,South,P009,Denim Jeans,Fashion,Clothing,3,"?1,999.00",25%,"?4,497.75","?3,150.00","?1,347.75",Debit Card,Delivered,Website,5.0
ORD104348,12-Jul-2025,CUST2073,Meera Singh,Male,34,Nagpur,West,P010,Casual Hoodie,Fashion,Clothing,1,"?1,499.00",15%,"?1,274.15",?780.00,?494.15,Cash on Delivery,Delivered,Website,4.0
ORD103100,12-Jul-2025,CUST1152,Aarav Sharma,Female,44,Amritsar,North,P028,Data Analytics Book,Books,Technology,4,"?1,099.00",10%,"?3,956.40","?2,080.00","?1,876.40",Cash on Delivery,Delivered,Mobile App,5.0
ORD103405,12-Jul-2025,CUST2039,Aditi Saxena,Male,31,Jaipur,North,P018,Cricket Bat,Sports & Fitness,Sports,4,"?2,199.00",0%,"?8,796.00","?5,000.00","?3,796.00",Debit Card,Cancelled,Website,
ORD102609,13-Jul-2025,CUST0761,Meera Singh,Male,42,Coimbatore,South,P012,Air Fryer,Home & Kitchen,Kitchen,2,"?5,999.00",10%,"?10,798.20","?7,800.00","?2,998.20",Net Banking,Delivered,Website,5.0
ORD103059,13-Jul-2025,CUST2114,Manish Agarwal,Female,31,Chandigarh,North,P028,Data Analytics Book,Books,Technology,1,"?1,099.00",10%,?989.10,?520.00,?469.10,Cash on Delivery,Returned,Website,4.0
ORD104285,13-Jul-2025,CUST2087,Nisha Saxena,Male,37,Kochi,South,P017,Dumbbell Set,Sports & Fitness,Fitness,2,"?2,499.00",15%,"?4,248.30","?2,900.00","?1,348.30",UPI,Delivered,Mobile App,5.0
ORD100721,13-Jul-2025,CUST0579,Riya Verma,Female,45,Ahmedabad,West,P017,Dumbbell Set,Sports & Fitness,Fitness,2,"?2,499.00",10%,"?4,498.20","?2,900.00","?1,598.20",Debit Card,Delivered,Website,4.0
ORD100900,13-Jul-2025,CUST0553,Zoya Singh,Female,21,Coimbatore,South,P026,Novel Collection,Books,Fiction,1,?899.00,15%,?764.15,?420.00,?344.15,Cash on Delivery,Delivered,Mobile App,5.0
ORD104044,13-Jul-2025,CUST0575,Shivam Mehta,Female,31,Nagpur,West,P014,Table Lamp,Home & Kitchen,Home Decor,4,"?1,299.00",15%,"?4,416.60","?2,760.00","?1,656.60",UPI,Delivered,Mobile App,4.0
ORD103434,13-Jul-2025,CUST0214,Simran Gupta,Male,51,Ahmedabad,West,P005,Power Bank 20000mAh,Electronics,Accessories,1,"?1,599.00",10%,"?1,439.10",?920.00,?519.10,Debit Card,Delivered,Website,4.0
ORD104218,13-Jul-2025,CUST0072,Sanya Malhotra,Male,21,Bokaro,East,P026,Novel Collection,Books,Fiction,4,?899.00,15%,"?3,056.60","?1,680.00","?1,376.60",Net Banking,Delivered,Website,4.0
ORD100443,13-Jul-2025,CUST1659,Vansh Chopra,Female,49,Surat,West,P005,Power Bank 20000mAh,Electronics,Accessories,1,"?1,599.00",5%,"?1,519.05",?920.00,?599.05,Wallet,Delivered,Website,5.0
ORD102631,13-Jul-2025,CUST1846,Simran Gupta,Male,20,Nagpur,West,P010,Casual Hoodie,Fashion,Clothing,2,"?1,499.00",5%,"?2,848.10","?1,560.00","?1,288.10",UPI,Returned,Mobile App,4.0
ORD101356,13-Jul-2025,CUST2013,Kavya Patel,Male,39,Surat,West,P019,Badminton Racket,Sports & Fitness,Sports,2,"?1,499.00",20%,"?2,398.40","?1,600.00",?798.40,Net Banking,Delivered,Mobile App,4.0
ORD102363,13-Jul-2025,CUST1183,Shivam Mehta,Male,42,Hyderabad,South,P020,Resistance Bands,Sports & Fitness,Fitness,3,?699.00,0%,"?2,097.00",?960.00,"?1,137.00",UPI,Cancelled,Mobile App,
ORD100617,14-Jul-2025,CUST1059,Riya Verma,Male,49,Pune,West,P009,Denim Jeans,Fashion,Clothing,1,"?1,999.00",15%,"?1,699.15","?1,050.00",?649.15,Net Banking,Delivered,Mobile App,4.0
ORD104247,14-Jul-2025,CUST1011,Anjali Verma,Female,30,Kochi,South,P025,Moisturizer,Beauty,Skincare,3,?699.00,20%,"?1,677.60",?930.00,?747.60,UPI,Delivered,Mobile App,3.0
ORD104245,14-Jul-2025,CUST1506,Manish Agarwal,Female,39,Bengaluru,South,P021,Face Wash,Beauty,Skincare,3,?499.00,10%,"?1,347.30",?660.00,?687.30,Net Banking,Delivered,Website,4.0
ORD100618,14-Jul-2025,CUST1926,Kabir Gupta,Female,29,Bengaluru,South,P010,Casual Hoodie,Fashion,Clothing,2,"?1,499.00",30%,"?2,098.60","?1,560.00",?538.60,Debit Card,Delivered,Mobile App,3.0
ORD103909,14-Jul-2025,CUST0257,Diya Mishra,Female,25,Chandigarh,North,P007,Running Shoes,Fashion,Footwear,3,"?2,899.00",15%,"?7,392.45","?5,100.00","?2,292.45",Cash on Delivery,Delivered,Mobile App,5.0
ORD103514,14-Jul-2025,CUST2161,Sakshi Mishra,Male,18,Nagpur,West,P005,Power Bank 20000mAh,Electronics,Accessories,1,"?1,599.00",10%,"?1,439.10",?920.00,?519.10,Cash on Delivery,Delivered,Mobile App,4.0
ORD102822,14-Jul-2025,CUST0023,Aditi Saxena,Male,23,Mumbai,West,P008,Cotton T-Shirt,Fashion,Clothing,2,?799.00,10%,"?1,438.20",?780.00,?658.20,UPI,Delivered,Website,4.0
ORD100225,14-Jul-2025,CUST1834,Arjun Rao,Male,27,Surat,West,P021,Face Wash,Beauty,Skincare,1,?499.00,15%,?424.15,?220.00,?204.15,Debit Card,Delivered,Website,4.0
ORD103381,14-Jul-2025,CUST1285,Akash Bansal,Male,57,Lucknow,North,P010,Casual Hoodie,Fashion,Clothing,2,"?1,499.00",5%,"?2,848.10","?1,560.00","?1,288.10",Net Banking,Delivered,Mobile App,4.0
ORD102467,14-Jul-2025,CUST0297,Zoya Singh,Female,40,Delhi,North,P010,Casual Hoodie,Fashion,Clothing,2,"?1,499.00",10%,"?2,698.20","?1,560.00","?1,138.20",Net Banking,Delivered,Mobile App,5.0
ORD104167,14-Jul-2025,CUST0721,Sakshi Mishra,Male,38,Mumbai,West,P022,Sunscreen SPF 50,Beauty,Skincare,2,?799.00,10%,"?1,438.20",?720.00,?718.20,Wallet,Delivered,Website,5.0
ORD101174,14-Jul-2025,CUST2113,Diya Mishra,Male,31,Patna,East,P013,Non-Stick Cookware Set,Home & Kitchen,Cookware,1,"?4,299.00",5%,"?4,084.05","?2,700.00","?1,384.05",Wallet,Delivered,Mobile App,4.0
ORD104582,14-Jul-2025,CUST1814,Simran Gupta,Male,31,Nashik,West,P001,Wireless Headphones,Electronics,Audio,2,"?2,499.00",15%,"?4,248.30","?3,100.00","?1,148.30",Cash on Delivery,Delivered,Mobile App,4.0
ORD104309,14-Jul-2025,CUST0051,Anjali Verma,Female,57,Mysuru,South,P029,Programming Book,Books,Technology,1,"?1,299.00",15%,"?1,104.15",?610.00,?494.15,Debit Card,Cancelled,Mobile App,
ORD102225,15-Jul-2025,CUST1051,Vansh Chopra,Male,35,Kochi,South,P028,Data Analytics Book,Books,Technology,1,"?1,099.00",25%,?824.25,?520.00,?304.25,Credit Card,Delivered,Mobile App,5.0
ORD102111,15-Jul-2025,CUST1156,Varun Jain,Male,30,Guwahati,East,P009,Denim Jeans,Fashion,Clothing,1,"?1,999.00",5%,"?1,899.05","?1,050.00",?849.05,UPI,Delivered,Website,5.0
ORD102480,15-Jul-2025,CUST0068,Varun Jain,Male,40,Bhubaneswar,East,P029,Programming Book,Books,Technology,1,"?1,299.00",0%,"?1,299.00",?610.00,?689.00,Debit Card,Delivered,Website,5.0
ORD100799,15-Jul-2025,CUST1447,Nisha Saxena,Female,29,Mumbai,West,P003,Smart Watch,Electronics,Wearables,1,"?3,299.00",0%,"?3,299.00","?2,100.00","?1,199.00",Credit Card,Delivered,Mobile App,5.0
ORD100380,15-Jul-2025,CUST1252,Varun Jain,Male,25,Patna,East,P001,Wireless Headphones,Electronics,Audio,1,"?2,499.00",15%,"?2,124.15","?1,550.00",?574.15,Credit Card,Delivered,Mobile App,5.0
ORD103316,15-Jul-2025,CUST2138,Rohan Rao,Female,26,Lucknow,North,P008,Cotton T-Shirt,Fashion,Clothing,2,?799.00,20%,"?1,278.40",?780.00,?498.40,Cash on Delivery,Returned,Mobile App,4.0
ORD101734,15-Jul-2025,CUST1421,Tanvi Patel,Male,32,Surat,West,P022,Sunscreen SPF 50,Beauty,Skincare,2,?799.00,5%,"?1,518.10",?720.00,?798.10,UPI,Delivered,Website,5.0
ORD101250,15-Jul-2025,CUST0134,Kabir Gupta,Female,29,Amritsar,North,P024,Perfume,Beauty,Fragrance,1,"?1,799.00",15%,"?1,529.15",?900.00,?629.15,Credit Card,Delivered,Website,4.0
ORD100308,15-Jul-2025,CUST0166,Kabir Gupta,Female,29,Lucknow,North,P023,Shampoo,Beauty,Haircare,3,?649.00,10%,"?1,752.30",?870.00,?882.30,UPI,Delivered,Website,4.0
ORD104534,15-Jul-2025,CUST1841,Sakshi Mishra,Male,28,Lucknow,North,P012,Air Fryer,Home & Kitchen,Kitchen,2,"?5,999.00",5%,"?11,398.10","?7,800.00","?3,598.10",UPI,Delivered,Mobile App,5.0
ORD104058,16-Jul-2025,CUST1968,Mohit Sharma,Female,21,Kolkata,East,P029,Programming Book,Books,Technology,2,"?1,299.00",15%,"?2,208.30","?1,220.00",?988.30,UPI,Delivered,Website,4.0
ORD103961,16-Jul-2025,CUST1994,Arjun Rao,Female,18,Kochi,South,P020,Resistance Bands,Sports & Fitness,Fitness,1,?699.00,10%,?629.10,?320.00,?309.10,UPI,Delivered,Mobile App,4.0
ORD104802,16-Jul-2025,CUST2052,Varun Jain,Female,32,Nashik,West,P007,Running Shoes,Fashion,Footwear,3,"?2,899.00",10%,"?7,827.30","?5,100.00","?2,727.30",Credit Card,Delivered,Website,4.0
ORD103144,16-Jul-2025,CUST1006,Aditya Kapoor,Male,22,Kolkata,East,P003,Smart Watch,Electronics,Wearables,1,"?3,299.00",0%,"?3,299.00","?2,100.00","?1,199.00",Net Banking,Delivered,Mobile App,2.0
ORD104556,16-Jul-2025,CUST0099,Riya Verma,Male,44,Chennai,South,P015,Bedsheet Set,Home & Kitchen,Home Decor,3,"?1,599.00",25%,"?3,597.75","?2,550.00","?1,047.75",Cash on Delivery,Delivered,Mobile App,4.0
ORD100783,17-Jul-2025,CUST1014,Simran Gupta,Female,40,Bhubaneswar,East,P007,Running Shoes,Fashion,Footwear,1,"?2,899.00",0%,"?2,899.00","?1,700.00","?1,199.00",Debit Card,Delivered,Website,3.0
ORD102145,17-Jul-2025,CUST0081,Sakshi Mishra,Female,45,Nashik,West,P018,Cricket Bat,Sports & Fitness,Sports,1,"?2,199.00",30%,"?1,539.30","?1,250.00",?289.30,Wallet,Delivered,Mobile App,5.0
ORD102069,17-Jul-2025,CUST1378,Manish Agarwal,Male,39,Chandigarh,North,P024,Perfume,Beauty,Fragrance,1,"?1,799.00",10%,"?1,619.10",?900.00,?719.10,UPI,Delivered,Mobile App,3.0
ORD102719,17-Jul-2025,CUST1069,Tanvi Patel,Male,39,Jaipur,North,P028,Data Analytics Book,Books,Technology,1,"?1,099.00",0%,"?1,099.00",?520.00,?579.00,Net Banking,Delivered,Mobile App,3.0
ORD100169,17-Jul-2025,CUST0086,Simran Gupta,Male,39,Delhi,North,P006,Laptop Backpack,Fashion,Bags,1,"?1,799.00",5%,"?1,709.05",?950.00,?759.05,Debit Card,Delivered,Website,5.0
ORD101488,17-Jul-2025,CUST0498,Yash Agarwal,Female,25,Kolkata,East,P005,Power Bank 20000mAh,Electronics,Accessories,2,"?1,599.00",5%,"?3,038.10","?1,840.00","?1,198.10",UPI,Delivered,Mobile App,5.0
ORD103063,17-Jul-2025,CUST1971,Anjali Verma,Female,27,Ahmedabad,West,P008,Cotton T-Shirt,Fashion,Clothing,2,?799.00,15%,"?1,358.30",?780.00,?578.30,Debit Card,Delivered,Website,3.0
ORD101312,18-Jul-2025,CUST0484,Varun Jain,Female,21,Kochi,South,P022,Sunscreen SPF 50,Beauty,Skincare,1,?799.00,15%,?679.15,?360.00,?319.15,Wallet,Delivered,Mobile App,3.0
ORD104796,18-Jul-2025,CUST0371,Anjali Verma,Female,29,Coimbatore,South,P010,Casual Hoodie,Fashion,Clothing,1,"?1,499.00",5%,"?1,424.05",?780.00,?644.05,Debit Card,Delivered,Mobile App,4.0
ORD102974,18-Jul-2025,CUST1814,Simran Gupta,Male,34,Amritsar,North,P001,Wireless Headphones,Electronics,Audio,1,"?2,499.00",20%,"?1,999.20","?1,550.00",?449.20,UPI,Delivered,Mobile App,5.0
ORD103424,18-Jul-2025,CUST0614,Kabir Gupta,Female,32,Bengaluru,South,P022,Sunscreen SPF 50,Beauty,Skincare,1,?799.00,20%,?639.20,?360.00,?279.20,Cash on Delivery,Delivered,Website,5.0
ORD102118,18-Jul-2025,CUST0021,Pranav Bansal,Male,21,Kolkata,East,P020,Resistance Bands,Sports & Fitness,Fitness,2,?699.00,15%,"?1,188.30",?640.00,?548.30,Debit Card,Delivered,Mobile App,2.0
ORD102844,18-Jul-2025,CUST1730,Manish Agarwal,Male,35,Bokaro,East,P025,Moisturizer,Beauty,Skincare,1,?699.00,10%,?629.10,?310.00,?319.10,UPI,Delivered,Mobile App,2.0
ORD101055,19-Jul-2025,CUST1431,Aditi Saxena,Female,36,Amritsar,North,P007,Running Shoes,Fashion,Footwear,2,"?2,899.00",15%,"?4,928.30","?3,400.00","?1,528.30",Debit Card,Delivered,Mobile App,5.0
ORD101881,19-Jul-2025,CUST1563,Vansh Chopra,Male,41,Jaipur,North,P012,Air Fryer,Home & Kitchen,Kitchen,1,"?5,999.00",5%,"?5,699.05","?3,900.00","?1,799.05",UPI,Delivered,Website,4.0
ORD101872,19-Jul-2025,CUST0196,Varun Jain,Female,24,Amritsar,North,P014,Table Lamp,Home & Kitchen,Home Decor,2,"?1,299.00",15%,"?2,208.30","?1,380.00",?828.30,Credit Card,Cancelled,Mobile App,
ORD104869,19-Jul-2025,CUST0767,Shivam Mehta,Female,28,Mysuru,South,P027,Business Strategy Book,Books,Business,1,?699.00,15%,?594.15,?300.00,?294.15,Net Banking,Delivered,Mobile App,4.0
ORD104376,19-Jul-2025,CUST2147,Riya Verma,Female,18,Bengaluru,South,P001,Wireless Headphones,Electronics,Audio,3,"?2,499.00",20%,"?5,997.60","?4,650.00","?1,347.60",Debit Card,Delivered,Website,5.0
ORD102334,20-Jul-2025,CUST1101,Tanvi Patel,Female,24,Dehradun,North,P012,Air Fryer,Home & Kitchen,Kitchen,1,"?5,999.00",10%,"?5,399.10","?3,900.00","?1,499.10",Debit Card,Delivered,Mobile App,4.0
ORD100522,20-Jul-2025,CUST2197,Pranav Bansal,Female,36,Mysuru,South,P018,Cricket Bat,Sports & Fitness,Sports,1,"?2,199.00",15%,"?1,869.15","?1,250.00",?619.15,Debit Card,Delivered,Website,3.0
ORD103468,20-Jul-2025,CUST0039,Nisha Saxena,Female,27,Mysuru,South,P021,Face Wash,Beauty,Skincare,1,?499.00,20%,?399.20,?220.00,?179.20,Credit Card,Delivered,Mobile App,4.0
ORD100094,20-Jul-2025,CUST1246,Pooja Kapoor,Male,24,Chennai,South,P019,Badminton Racket,Sports & Fitness,Sports,2,"?1,499.00",15%,"?2,548.30","?1,600.00",?948.30,UPI,Delivered,Mobile App,5.0
ORD102265,20-Jul-2025,CUST0072,Sanya Malhotra,Male,18,Ranchi,East,P007,Running Shoes,Fashion,Footwear,1,"?2,899.00",10%,"?2,609.10","?1,700.00",?909.10,UPI,Delivered,Website,4.0
ORD100172,20-Jul-2025,CUST1204,Karan Jain,Male,25,Hyderabad,South,P014,Table Lamp,Home & Kitchen,Home Decor,1,"?1,299.00",20%,"?1,039.20",?690.00,?349.20,Cash on Delivery,Delivered,Website,5.0
ORD100970,20-Jul-2025,CUST0875,Kiara Chopra,Female,36,Ahmedabad,West,P001,Wireless Headphones,Electronics,Audio,1,"?2,499.00",5%,"?2,374.05","?1,550.00",?824.05,Net Banking,Delivered,Mobile App,5.0
ORD104337,20-Jul-2025,CUST0149,Pranav Bansal,Female,24,Guwahati,East,P023,Shampoo,Beauty,Haircare,3,?649.00,15%,"?1,654.95",?870.00,?784.95,Credit Card,Delivered,Website,4.0
ORD102628,20-Jul-2025,CUST2161,Sakshi Mishra,Male,34,Delhi,North,P007,Running Shoes,Fashion,Footwear,4,"?2,899.00",15%,"?9,856.60","?6,800.00","?3,056.60",UPI,Delivered,Website,5.0
ORD104049,20-Jul-2025,CUST0070,Kabir Gupta,Female,49,Bokaro,East,P022,Sunscreen SPF 50,Beauty,Skincare,1,?799.00,20%,?639.20,?360.00,?279.20,Net Banking,Delivered,Website,4.0
ORD103735,20-Jul-2025,CUST2161,Sakshi Mishra,Female,40,Kochi,South,P030,Self Help Book,Books,Self Development,1,?599.00,10%,?539.10,?260.00,?279.10,Cash on Delivery,Delivered,Mobile App,2.0
ORD101022,20-Jul-2025,CUST0948,Karan Jain,Male,19,Dehradun,North,P011,Coffee Maker,Home & Kitchen,Kitchen,1,"?3,499.00",20%,"?2,799.20","?2,250.00",?549.20,Credit Card,Delivered,Mobile App,5.0
ORD103818,20-Jul-2025,CUST2198,Simran Gupta,Male,40,Jaipur,North,P001,Wireless Headphones,Electronics,Audio,2,"?2,499.00",5%,"?4,748.10","?3,100.00","?1,648.10",UPI,Delivered,Mobile App,5.0
ORD104275,20-Jul-2025,CUST1573,Akash Bansal,Female,37,Mumbai,West,P013,Non-Stick Cookware Set,Home & Kitchen,Cookware,1,"?4,299.00",15%,"?3,654.15","?2,700.00",?954.15,UPI,Delivered,Website,4.0
ORD102520,20-Jul-2025,CUST0169,Zoya Singh,Female,30,Ranchi,East,P009,Denim Jeans,Fashion,Clothing,1,"?1,999.00",15%,"?1,699.15","?1,050.00",?649.15,Credit Card,Delivered,Website,5.0
ORD102428,21-Jul-2025,CUST1331,Anjali Verma,Female,32,Pune,West,P023,Shampoo,Beauty,Haircare,2,?649.00,10%,"?1,168.20",?580.00,?588.20,Net Banking,Delivered,Website,4.0
ORD100061,21-Jul-2025,CUST1435,Vansh Chopra,Male,35,Kolkata,East,P021,Face Wash,Beauty,Skincare,2,?499.00,15%,?848.30,?440.00,?408.30,Wallet,Delivered,Mobile App,5.0
ORD102028,21-Jul-2025,CUST1063,Nisha Saxena,Female,39,Chandigarh,North,P006,Laptop Backpack,Fashion,Bags,1,"?1,799.00",5%,"?1,709.05",?950.00,?759.05,Net Banking,Delivered,Mobile App,5.0
ORD103042,21-Jul-2025,CUST0899,Riya Verma,Female,23,Nashik,West,P014,Table Lamp,Home & Kitchen,Home Decor,1,"?1,299.00",20%,"?1,039.20",?690.00,?349.20,Credit Card,Delivered,Mobile App,4.0
ORD104073,21-Jul-2025,CUST1022,Pooja Kapoor,Female,36,Kolkata,East,P022,Sunscreen SPF 50,Beauty,Skincare,1,?799.00,0%,?799.00,?360.00,?439.00,UPI,Delivered,Mobile App,5.0
ORD101645,21-Jul-2025,CUST0849,Sakshi Mishra,Female,34,Pune,West,P011,Coffee Maker,Home & Kitchen,Kitchen,2,"?3,499.00",0%,"?6,998.00","?4,500.00","?2,498.00",UPI,Returned,Website,2.0
ORD103163,21-Jul-2025,CUST0775,Nisha Saxena,Male,36,Dehradun,North,P015,Bedsheet Set,Home & Kitchen,Home Decor,1,"?1,599.00",15%,"?1,359.15",?850.00,?509.15,UPI,Cancelled,Website,
ORD100851,21-Jul-2025,CUST0526,Aditya Kapoor,Female,29,Dehradun,North,P002,Bluetooth Speaker,Electronics,Audio,4,"?1,899.00",20%,"?6,076.80","?4,480.00","?1,596.80",UPI,Delivered,Mobile App,5.0
ORD102484,21-Jul-2025,CUST0508,Ananya Kumar,Male,37,Kolkata,East,P008,Cotton T-Shirt,Fashion,Clothing,3,?799.00,0%,"?2,397.00","?1,170.00","?1,227.00",Wallet,Returned,Mobile App,5.0
ORD104492,22-Jul-2025,CUST2148,Varun Jain,Male,29,Ahmedabad,West,P006,Laptop Backpack,Fashion,Bags,1,"?1,799.00",10%,"?1,619.10",?950.00,?669.10,Net Banking,Delivered,Mobile App,5.0
ORD101956,22-Jul-2025,CUST0215,Aditi Saxena,Male,46,Mysuru,South,P030,Self Help Book,Books,Self Development,1,?599.00,10%,?539.10,?260.00,?279.10,UPI,Delivered,Website,5.0
ORD103261,22-Jul-2025,CUST0924,Ananya Kumar,Male,50,Bhubaneswar,East,P011,Coffee Maker,Home & Kitchen,Kitchen,2,"?3,499.00",0%,"?6,998.00","?4,500.00","?2,498.00",Credit Card,Delivered,Mobile App,4.0
ORD100163,22-Jul-2025,CUST0271,Isha Mehta,Male,48,Surat,West,P027,Business Strategy Book,Books,Business,1,?699.00,0%,?699.00,?300.00,?399.00,Debit Card,Delivered,Website,1.0
ORD100491,22-Jul-2025,CUST1256,Sanya Malhotra,Male,21,Delhi,North,P001,Wireless Headphones,Electronics,Audio,2,"?2,499.00",5%,"?4,748.10","?3,100.00","?1,648.10",Cash on Delivery,Delivered,Mobile App,4.0
ORD102115,22-Jul-2025,CUST0568,Ishaan Malhotra,Female,25,Chennai,South,P003,Smart Watch,Electronics,Wearables,1,"?3,299.00",5%,"?3,134.05","?2,100.00","?1,034.05",UPI,Delivered,Website,4.0
ORD102315,22-Jul-2025,CUST1579,Kiara Chopra,Female,24,Patna,East,P014,Table Lamp,Home & Kitchen,Home Decor,2,"?1,299.00",10%,"?2,338.20","?1,380.00",?958.20,Debit Card,Delivered,Mobile App,4.0
ORD103953,22-Jul-2025,CUST1867,Kiara Chopra,Female,48,Delhi,North,P005,Power Bank 20000mAh,Electronics,Accessories,3,"?1,599.00",5%,"?4,557.15","?2,760.00","?1,797.15",UPI,Delivered,Mobile App,3.0
ORD102495,23-Jul-2025,CUST0462,Aditya Kapoor,Female,39,Guwahati,East,P028,Data Analytics Book,Books,Technology,1,"?1,099.00",20%,?879.20,?520.00,?359.20,Credit Card,Delivered,Mobile App,5.0
ORD101473,23-Jul-2025,CUST2061,Tanvi Patel,Female,49,Kochi,South,P028,Data Analytics Book,Books,Technology,2,"?1,099.00",20%,"?1,758.40","?1,040.00",?718.40,Cash on Delivery,Delivered,Mobile App,5.0
ORD102608,23-Jul-2025,CUST1524,Karan Jain,Male,37,Coimbatore,South,P022,Sunscreen SPF 50,Beauty,Skincare,2,?799.00,0%,"?1,598.00",?720.00,?878.00,Wallet,Delivered,Website,4.0
ORD104361,23-Jul-2025,CUST2177,Diya Mishra,Male,18,Amritsar,North,P024,Perfume,Beauty,Fragrance,2,"?1,799.00",5%,"?3,418.10","?1,800.00","?1,618.10",UPI,Delivered,Mobile App,5.0
ORD103526,23-Jul-2025,CUST1058,Manish Agarwal,Male,31,Mysuru,South,P018,Cricket Bat,Sports & Fitness,Sports,2,"?2,199.00",20%,"?3,518.40","?2,500.00","?1,018.40",Credit Card,Delivered,Mobile App,5.0
ORD103174,23-Jul-2025,CUST1427,Anjali Verma,Male,26,Nagpur,West,P022,Sunscreen SPF 50,Beauty,Skincare,1,?799.00,30%,?559.30,?360.00,?199.30,UPI,Delivered,Website,1.0
ORD100341,23-Jul-2025,CUST1194,Arjun Rao,Female,30,Lucknow,North,P001,Wireless Headphones,Electronics,Audio,2,"?2,499.00",25%,"?3,748.50","?3,100.00",?648.50,Net Banking,Delivered,Mobile App,4.0
ORD103390,24-Jul-2025,CUST1110,Simran Gupta,Female,40,Mumbai,West,P027,Business Strategy Book,Books,Business,1,?699.00,15%,?594.15,?300.00,?294.15,Debit Card,Delivered,Mobile App,5.0
ORD100607,24-Jul-2025,CUST1907,Anjali Verma,Male,26,Nagpur,West,P027,Business Strategy Book,Books,Business,2,?699.00,15%,"?1,188.30",?600.00,?588.30,UPI,Delivered,Website,5.0
ORD102694,24-Jul-2025,CUST1375,Shivam Mehta,Male,18,Delhi,North,P011,Coffee Maker,Home & Kitchen,Kitchen,3,"?3,499.00",5%,"?9,972.15","?6,750.00","?3,222.15",Net Banking,Cancelled,Mobile App,
ORD103298,24-Jul-2025,CUST2197,Pranav Bansal,Female,33,Ahmedabad,West,P014,Table Lamp,Home & Kitchen,Home Decor,2,"?1,299.00",5%,"?2,468.10","?1,380.00","?1,088.10",Debit Card,Cancelled,Mobile App,
ORD102106,24-Jul-2025,CUST0614,Kabir Gupta,Female,25,Ranchi,East,P016,Yoga Mat,Sports & Fitness,Fitness,2,?999.00,0%,"?1,998.00","?1,040.00",?958.00,Net Banking,Cancelled,Mobile App,
ORD102827,24-Jul-2025,CUST0092,Ananya Kumar,Male,23,Delhi,North,P004,USB-C Charger,Electronics,Accessories,2,?899.00,20%,"?1,438.40",?960.00,?478.40,UPI,Delivered,Website,3.0
ORD104326,25-Jul-2025,CUST1353,Zoya Singh,Female,24,Guwahati,East,P008,Cotton T-Shirt,Fashion,Clothing,1,?799.00,20%,?639.20,?390.00,?249.20,Credit Card,Delivered,Mobile App,2.0
ORD101319,25-Jul-2025,CUST0529,Sakshi Mishra,Female,25,Bhubaneswar,East,P003,Smart Watch,Electronics,Wearables,1,"?3,299.00",10%,"?2,969.10","?2,100.00",?869.10,Credit Card,Delivered,Mobile App,4.0
ORD101492,25-Jul-2025,CUST0132,Varun Jain,Male,39,Amritsar,North,P005,Power Bank 20000mAh,Electronics,Accessories,1,"?1,599.00",30%,"?1,119.30",?920.00,?199.30,Cash on Delivery,Delivered,Mobile App,5.0
ORD104800,25-Jul-2025,CUST0050,Yash Agarwal,Female,37,Nashik,West,P019,Badminton Racket,Sports & Fitness,Sports,5,"?1,499.00",0%,"?7,495.00","?4,000.00","?3,495.00",Net Banking,Delivered,Mobile App,4.0
ORD103449,25-Jul-2025,CUST1702,Kabir Gupta,Female,48,Patna,East,P009,Denim Jeans,Fashion,Clothing,1,"?1,999.00",5%,"?1,899.05","?1,050.00",?849.05,Wallet,Delivered,Website,5.0
ORD103030,25-Jul-2025,CUST0476,Ananya Kumar,Male,39,Chennai,South,P023,Shampoo,Beauty,Haircare,2,?649.00,10%,"?1,168.20",?580.00,?588.20,Debit Card,Delivered,Mobile App,5.0
ORD101762,25-Jul-2025,CUST1488,Mohit Sharma,Female,28,Lucknow,North,P022,Sunscreen SPF 50,Beauty,Skincare,2,?799.00,0%,"?1,598.00",?720.00,?878.00,UPI,Delivered,Website,5.0
ORD103773,25-Jul-2025,CUST0567,Aditi Saxena,Male,25,Hyderabad,South,P023,Shampoo,Beauty,Haircare,1,?649.00,10%,?584.10,?290.00,?294.10,Credit Card,Delivered,Mobile App,5.0
ORD104301,25-Jul-2025,CUST0942,Aditya Kapoor,Female,29,Lucknow,North,P004,USB-C Charger,Electronics,Accessories,1,?899.00,10%,?809.10,?480.00,?329.10,Debit Card,Delivered,Mobile App,4.0
ORD100052,25-Jul-2025,CUST0446,Pooja Kapoor,Female,35,Chennai,South,P029,Programming Book,Books,Technology,2,"?1,299.00",5%,"?2,468.10","?1,220.00","?1,248.10",UPI,Delivered,Website,5.0
ORD103119,25-Jul-2025,CUST1248,Aarav Sharma,Male,41,Jaipur,North,P017,Dumbbell Set,Sports & Fitness,Fitness,2,"?2,499.00",15%,"?4,248.30","?2,900.00","?1,348.30",UPI,Returned,Website,3.0
ORD103367,25-Jul-2025,CUST0367,Isha Mehta,Male,50,Bengaluru,South,P012,Air Fryer,Home & Kitchen,Kitchen,1,"?5,999.00",5%,"?5,699.05","?3,900.00","?1,799.05",UPI,Delivered,Mobile App,3.0
ORD103655,26-Jul-2025,CUST1910,Simran Gupta,Female,38,Jaipur,North,P020,Resistance Bands,Sports & Fitness,Fitness,3,?699.00,5%,"?1,992.15",?960.00,"?1,032.15",Net Banking,Delivered,Website,5.0
ORD100106,26-Jul-2025,CUST0563,Anjali Verma,Female,36,Amritsar,North,P027,Business Strategy Book,Books,Business,1,?699.00,10%,?629.10,?300.00,?329.10,UPI,Returned,Mobile App,5.0
ORD103502,26-Jul-2025,CUST1215,Shivam Mehta,Male,18,Coimbatore,South,P008,Cotton T-Shirt,Fashion,Clothing,2,?799.00,10%,"?1,438.20",?780.00,?658.20,Cash on Delivery,Delivered,Mobile App,4.0
ORD103619,26-Jul-2025,CUST0456,Sanya Malhotra,Female,37,Amritsar,North,P022,Sunscreen SPF 50,Beauty,Skincare,1,?799.00,15%,?679.15,?360.00,?319.15,Cash on Delivery,Delivered,Website,5.0
ORD103569,26-Jul-2025,CUST1480,Sanya Malhotra,Female,25,Bokaro,East,P010,Casual Hoodie,Fashion,Clothing,1,"?1,499.00",10%,"?1,349.10",?780.00,?569.10,UPI,Delivered,Website,3.0
ORD100578,26-Jul-2025,CUST0989,Kavya Patel,Female,32,Kochi,South,P029,Programming Book,Books,Technology,1,"?1,299.00",10%,"?1,169.10",?610.00,?559.10,UPI,Cancelled,Website,
ORD103411,26-Jul-2025,CUST0176,Mohit Sharma,Male,36,Bengaluru,South,P019,Badminton Racket,Sports & Fitness,Sports,2,"?1,499.00",5%,"?2,848.10","?1,600.00","?1,248.10",UPI,Cancelled,Website,
ORD101407,26-Jul-2025,CUST1517,Tanvi Patel,Female,38,Hyderabad,South,P023,Shampoo,Beauty,Haircare,4,?649.00,10%,"?2,336.40","?1,160.00","?1,176.40",Wallet,Delivered,Mobile App,4.0
ORD103521,26-Jul-2025,CUST0031,Shivam Mehta,Female,30,Delhi,North,P019,Badminton Racket,Sports & Fitness,Sports,2,"?1,499.00",25%,"?2,248.50","?1,600.00",?648.50,Cash on Delivery,Delivered,Website,5.0
ORD102280,26-Jul-2025,CUST1032,Sanya Malhotra,Male,47,Ahmedabad,West,P015,Bedsheet Set,Home & Kitchen,Home Decor,1,"?1,599.00",10%,"?1,439.10",?850.00,?589.10,Credit Card,Delivered,Website,5.0
ORD103303,26-Jul-2025,CUST1926,Kabir Gupta,Female,32,Hyderabad,South,P023,Shampoo,Beauty,Haircare,2,?649.00,10%,"?1,168.20",?580.00,?588.20,Credit Card,Delivered,Website,4.0
ORD104385,26-Jul-2025,CUST1046,Simran Gupta,Female,34,Delhi,North,P008,Cotton T-Shirt,Fashion,Clothing,2,?799.00,0%,"?1,598.00",?780.00,?818.00,Net Banking,Delivered,Mobile App,5.0
ORD104597,27-Jul-2025,CUST0776,Sanya Malhotra,Female,31,Mumbai,West,P006,Laptop Backpack,Fashion,Bags,2,"?1,799.00",10%,"?3,238.20","?1,900.00","?1,338.20",Net Banking,Delivered,Mobile App,5.0
ORD101305,27-Jul-2025,CUST0441,Meera Singh,Male,30,Ranchi,East,P006,Laptop Backpack,Fashion,Bags,1,"?1,799.00",10%,"?1,619.10",?950.00,?669.10,Net Banking,Delivered,Mobile App,1.0
ORD103574,27-Jul-2025,CUST1635,Riya Verma,Female,18,Coimbatore,South,P019,Badminton Racket,Sports & Fitness,Sports,1,"?1,499.00",25%,"?1,124.25",?800.00,?324.25,Debit Card,Delivered,Mobile App,4.0
ORD101703,27-Jul-2025,CUST2077,Kavya Patel,Male,45,Dehradun,North,P023,Shampoo,Beauty,Haircare,2,?649.00,0%,"?1,298.00",?580.00,?718.00,Credit Card,Delivered,Mobile App,5.0
ORD103984,27-Jul-2025,CUST1980,Ananya Kumar,Male,33,Guwahati,East,P014,Table Lamp,Home & Kitchen,Home Decor,2,"?1,299.00",5%,"?2,468.10","?1,380.00","?1,088.10",UPI,Delivered,Mobile App,5.0
ORD103178,27-Jul-2025,CUST1643,Kiara Chopra,Female,18,Mumbai,West,P020,Resistance Bands,Sports & Fitness,Fitness,1,?699.00,15%,?594.15,?320.00,?274.15,Credit Card,Delivered,Website,5.0
ORD100201,27-Jul-2025,CUST1152,Aarav Sharma,Female,37,Bokaro,East,P025,Moisturizer,Beauty,Skincare,1,?699.00,15%,?594.15,?310.00,?284.15,UPI,Delivered,Mobile App,5.0
ORD101381,27-Jul-2025,CUST1688,Ishaan Malhotra,Male,28,Bengaluru,South,P022,Sunscreen SPF 50,Beauty,Skincare,3,?799.00,15%,"?2,037.45","?1,080.00",?957.45,Credit Card,Cancelled,Website,
ORD100964,28-Jul-2025,CUST0612,Varun Jain,Male,33,Ranchi,East,P010,Casual Hoodie,Fashion,Clothing,4,"?1,499.00",10%,"?5,396.40","?3,120.00","?2,276.40",UPI,Delivered,Mobile App,1.0
ORD103982,28-Jul-2025,CUST0537,Meera Singh,Female,41,Mumbai,West,P014,Table Lamp,Home & Kitchen,Home Decor,2,"?1,299.00",10%,"?2,338.20","?1,380.00",?958.20,UPI,Delivered,Mobile App,5.0
ORD102707,28-Jul-2025,CUST0555,Kiara Chopra,Male,44,Lucknow,North,P005,Power Bank 20000mAh,Electronics,Accessories,3,"?1,599.00",5%,"?4,557.15","?2,760.00","?1,797.15",UPI,Delivered,Mobile App,4.0
ORD104767,28-Jul-2025,CUST0130,Manish Agarwal,Male,41,Delhi,North,P015,Bedsheet Set,Home & Kitchen,Home Decor,3,"?1,599.00",10%,"?4,317.30","?2,550.00","?1,767.30",Credit Card,Cancelled,Website,
ORD104887,28-Jul-2025,CUST1081,Meera Singh,Female,29,Coimbatore,South,P021,Face Wash,Beauty,Skincare,1,?499.00,15%,?424.15,?220.00,?204.15,Debit Card,Delivered,Website,5.0
ORD104806,28-Jul-2025,CUST1875,Anjali Verma,Male,26,Kolkata,East,P012,Air Fryer,Home & Kitchen,Kitchen,1,"?5,999.00",10%,"?5,399.10","?3,900.00","?1,499.10",Debit Card,Delivered,Website,3.0
ORD102010,28-Jul-2025,CUST1704,Sanya Malhotra,Female,29,Guwahati,East,P029,Programming Book,Books,Technology,2,"?1,299.00",20%,"?2,078.40","?1,220.00",?858.40,Debit Card,Delivered,Mobile App,3.0
ORD104933,28-Jul-2025,CUST0426,Arjun Rao,Male,27,Delhi,North,P002,Bluetooth Speaker,Electronics,Audio,3,"?1,899.00",15%,"?4,842.45","?3,360.00","?1,482.45",Credit Card,Delivered,Website,4.0
ORD101692,28-Jul-2025,CUST1960,Sanya Malhotra,Male,20,Patna,East,P008,Cotton T-Shirt,Fashion,Clothing,1,?799.00,15%,?679.15,?390.00,?289.15,Credit Card,Delivered,Mobile App,5.0
ORD100828,29-Jul-2025,CUST2169,Meera Singh,Male,38,Delhi,North,P016,Yoga Mat,Sports & Fitness,Fitness,1,?999.00,15%,?849.15,?520.00,?329.15,UPI,Delivered,Website,5.0
ORD103886,29-Jul-2025,CUST0339,Anjali Verma,Male,28,Dehradun,North,P020,Resistance Bands,Sports & Fitness,Fitness,1,?699.00,5%,?664.05,?320.00,?344.05,UPI,Delivered,Mobile App,4.0
ORD101261,29-Jul-2025,CUST1134,Aditya Kapoor,Female,29,Coimbatore,South,P022,Sunscreen SPF 50,Beauty,Skincare,2,?799.00,20%,"?1,278.40",?720.00,?558.40,Debit Card,Delivered,Mobile App,5.0
ORD103123,29-Jul-2025,CUST0331,Kiara Chopra,Male,39,Dehradun,North,P014,Table Lamp,Home & Kitchen,Home Decor,1,"?1,299.00",10%,"?1,169.10",?690.00,?479.10,Net Banking,Returned,Mobile App,4.0
ORD102281,29-Jul-2025,CUST2073,Meera Singh,Female,46,Hyderabad,South,P025,Moisturizer,Beauty,Skincare,2,?699.00,10%,"?1,258.20",?620.00,?638.20,Cash on Delivery,Delivered,Mobile App,4.0
ORD102746,29-Jul-2025,CUST1846,Simran Gupta,Female,33,Bhubaneswar,East,P001,Wireless Headphones,Electronics,Audio,2,"?2,499.00",5%,"?4,748.10","?3,100.00","?1,648.10",Debit Card,Delivered,Website,5.0
ORD102879,29-Jul-2025,CUST0445,Kavya Patel,Male,35,Guwahati,East,P009,Denim Jeans,Fashion,Clothing,1,"?1,999.00",10%,"?1,799.10","?1,050.00",?749.10,UPI,Delivered,Website,5.0
ORD100859,29-Jul-2025,CUST0511,Shivam Mehta,Male,27,Lucknow,North,P007,Running Shoes,Fashion,Footwear,3,"?2,899.00",20%,"?6,957.60","?5,100.00","?1,857.60",UPI,Delivered,Mobile App,5.0
ORD102195,29-Jul-2025,CUST0288,Aarav Sharma,Male,36,Delhi,North,P012,Air Fryer,Home & Kitchen,Kitchen,3,"?5,999.00",20%,"?14,397.60","?11,700.00","?2,697.60",UPI,Delivered,Website,5.0
ORD102431,29-Jul-2025,CUST0492,Rahul Kumar,Female,37,Bhubaneswar,East,P015,Bedsheet Set,Home & Kitchen,Home Decor,1,"?1,599.00",5%,"?1,519.05",?850.00,?669.05,UPI,Delivered,Mobile App,4.0
ORD102234,30-Jul-2025,CUST0722,Yash Agarwal,Female,34,Jaipur,North,P025,Moisturizer,Beauty,Skincare,2,?699.00,10%,"?1,258.20",?620.00,?638.20,UPI,Delivered,Mobile App,5.0
ORD103906,30-Jul-2025,CUST1806,Aditya Kapoor,Male,47,Bokaro,East,P020,Resistance Bands,Sports & Fitness,Fitness,5,?699.00,10%,"?3,145.50","?1,600.00","?1,545.50",Wallet,Delivered,Mobile App,5.0
ORD104375,30-Jul-2025,CUST0856,Ishaan Malhotra,Male,34,Bengaluru,South,P007,Running Shoes,Fashion,Footwear,2,"?2,899.00",10%,"?5,218.20","?3,400.00","?1,818.20",Debit Card,Delivered,Website,4.0
ORD103478,30-Jul-2025,CUST0701,Kavya Patel,Male,18,Nashik,West,P023,Shampoo,Beauty,Haircare,1,?649.00,20%,?519.20,?290.00,?229.20,Credit Card,Delivered,Mobile App,1.0
ORD103739,30-Jul-2025,CUST0162,Manish Agarwal,Male,41,Bokaro,East,P023,Shampoo,Beauty,Haircare,1,?649.00,30%,?454.30,?290.00,?164.30,UPI,Delivered,Website,3.0
ORD101897,30-Jul-2025,CUST1466,Rohan Rao,Male,31,Mysuru,South,P022,Sunscreen SPF 50,Beauty,Skincare,1,?799.00,0%,?799.00,?360.00,?439.00,UPI,Delivered,Website,4.0
ORD104383,30-Jul-2025,CUST1726,Pooja Kapoor,Female,28,Chandigarh,North,P012,Air Fryer,Home & Kitchen,Kitchen,2,"?5,999.00",15%,"?10,198.30","?7,800.00","?2,398.30",Net Banking,Delivered,Mobile App,3.0
ORD102048,30-Jul-2025,CUST0794,Rohan Rao,Female,28,Nagpur,West,P022,Sunscreen SPF 50,Beauty,Skincare,2,?799.00,5%,"?1,518.10",?720.00,?798.10,Credit Card,Delivered,Mobile App,4.0
ORD102017,30-Jul-2025,CUST1185,Diya Mishra,Female,30,Hyderabad,South,P014,Table Lamp,Home & Kitchen,Home Decor,3,"?1,299.00",10%,"?3,507.30","?2,070.00","?1,437.30",UPI,Delivered,Website,5.0
ORD103587,30-Jul-2025,CUST0805,Akash Bansal,Female,26,Bengaluru,South,P016,Yoga Mat,Sports & Fitness,Fitness,1,?999.00,20%,?799.20,?520.00,?279.20,Wallet,Delivered,Website,4.0
ORD103650,31-Jul-2025,CUST1649,Sakshi Mishra,Female,34,Bengaluru,South,P008,Cotton T-Shirt,Fashion,Clothing,1,?799.00,20%,?639.20,?390.00,?249.20,Cash on Delivery,Delivered,Website,4.0
ORD104074,31-Jul-2025,CUST0842,Arjun Rao,Female,28,Dehradun,North,P014,Table Lamp,Home & Kitchen,Home Decor,2,"?1,299.00",10%,"?2,338.20","?1,380.00",?958.20,Net Banking,Returned,Mobile App,5.0
ORD103248,31-Jul-2025,CUST0738,Manish Agarwal,Female,33,Chennai,South,P002,Bluetooth Speaker,Electronics,Audio,2,"?1,899.00",5%,"?3,608.10","?2,240.00","?1,368.10",Wallet,Delivered,Website,4.0
ORD100679,31-Jul-2025,CUST0560,Mohit Sharma,Male,44,Nashik,West,P023,Shampoo,Beauty,Haircare,4,?649.00,5%,"?2,466.20","?1,160.00","?1,306.20",Debit Card,Delivered,Mobile App,3.0
ORD104362,31-Jul-2025,CUST1011,Anjali Verma,Male,28,Amritsar,North,P030,Self Help Book,Books,Self Development,2,?599.00,10%,"?1,078.20",?520.00,?558.20,Debit Card,Delivered,Mobile App,5.0
ORD103016,31-Jul-2025,CUST1550,Aditya Kapoor,Female,57,Guwahati,East,P015,Bedsheet Set,Home & Kitchen,Home Decor,1,"?1,599.00",5%,"?1,519.05",?850.00,?669.05,Net Banking,Delivered,Mobile App,2.0
ORD102448,01-Aug-2025,CUST0359,Nisha Saxena,Male,32,Amritsar,North,P007,Running Shoes,Fashion,Footwear,1,"?2,899.00",5%,"?2,754.05","?1,700.00","?1,054.05",UPI,Delivered,Mobile App,4.0
ORD101842,01-Aug-2025,CUST0629,Pranav Bansal,Male,35,Delhi,North,P029,Programming Book,Books,Technology,3,"?1,299.00",15%,"?3,312.45","?1,830.00","?1,482.45",Cash on Delivery,Delivered,Mobile App,5.0
ORD101963,01-Aug-2025,CUST0158,Pooja Kapoor,Male,34,Ahmedabad,West,P013,Non-Stick Cookware Set,Home & Kitchen,Cookware,2,"?4,299.00",5%,"?8,168.10","?5,400.00","?2,768.10",Net Banking,Delivered,Mobile App,5.0
ORD101839,01-Aug-2025,CUST0935,Nisha Saxena,Female,29,Coimbatore,South,P023,Shampoo,Beauty,Haircare,1,?649.00,15%,?551.65,?290.00,?261.65,Credit Card,Delivered,Website,5.0
ORD103039,01-Aug-2025,CUST1535,Shivam Mehta,Male,34,Chandigarh,North,P029,Programming Book,Books,Technology,2,"?1,299.00",5%,"?2,468.10","?1,220.00","?1,248.10",Cash on Delivery,Delivered,Mobile App,4.0
ORD102168,01-Aug-2025,CUST1845,Pranav Bansal,Female,18,Nashik,West,P020,Resistance Bands,Sports & Fitness,Fitness,1,?699.00,5%,?664.05,?320.00,?344.05,Credit Card,Delivered,Website,5.0
ORD103334,01-Aug-2025,CUST0172,Rahul Kumar,Female,32,Delhi,North,P014,Table Lamp,Home & Kitchen,Home Decor,1,"?1,299.00",10%,"?1,169.10",?690.00,?479.10,UPI,Delivered,Mobile App,5.0
ORD100490,01-Aug-2025,CUST0916,Karan Jain,Male,27,Bokaro,East,P012,Air Fryer,Home & Kitchen,Kitchen,2,"?5,999.00",5%,"?11,398.10","?7,800.00","?3,598.10",Credit Card,Delivered,Mobile App,4.0
ORD104677,02-Aug-2025,CUST1571,Riya Verma,Male,28,Nagpur,West,P010,Casual Hoodie,Fashion,Clothing,1,"?1,499.00",20%,"?1,199.20",?780.00,?419.20,Net Banking,Delivered,Mobile App,3.0
ORD102820,02-Aug-2025,CUST0009,Zoya Singh,Female,21,Surat,West,P016,Yoga Mat,Sports & Fitness,Fitness,1,?999.00,5%,?949.05,?520.00,?429.05,Net Banking,Delivered,Mobile App,4.0
ORD102166,02-Aug-2025,CUST1881,Meera Singh,Female,43,Delhi,North,P014,Table Lamp,Home & Kitchen,Home Decor,3,"?1,299.00",15%,"?3,312.45","?2,070.00","?1,242.45",Credit Card,Delivered,Website,5.0
ORD104126,02-Aug-2025,CUST1826,Manish Agarwal,Male,29,Amritsar,North,P021,Face Wash,Beauty,Skincare,1,?499.00,10%,?449.10,?220.00,?229.10,UPI,Delivered,Website,1.0
ORD102557,02-Aug-2025,CUST1177,Meera Singh,Female,33,Mumbai,West,P023,Shampoo,Beauty,Haircare,1,?649.00,15%,?551.65,?290.00,?261.65,Credit Card,Returned,Website,4.0
ORD101343,02-Aug-2025,CUST0115,Anjali Verma,Female,33,Amritsar,North,P001,Wireless Headphones,Electronics,Audio,2,"?2,499.00",5%,"?4,748.10","?3,100.00","?1,648.10",Debit Card,Delivered,Website,5.0
ORD102369,02-Aug-2025,CUST0993,Diya Mishra,Male,39,Ahmedabad,West,P021,Face Wash,Beauty,Skincare,1,?499.00,10%,?449.10,?220.00,?229.10,UPI,Delivered,Website,4.0
ORD100638,02-Aug-2025,CUST1567,Shivam Mehta,Male,24,Lucknow,North,P028,Data Analytics Book,Books,Technology,2,"?1,099.00",15%,"?1,868.30","?1,040.00",?828.30,Credit Card,Delivered,Mobile App,5.0
ORD103299,02-Aug-2025,CUST1740,Rahul Kumar,Female,33,Delhi,North,P026,Novel Collection,Books,Fiction,1,?899.00,0%,?899.00,?420.00,?479.00,Credit Card,Delivered,Mobile App,4.0
ORD103151,03-Aug-2025,CUST0844,Rahul Kumar,Male,27,Bhubaneswar,East,P009,Denim Jeans,Fashion,Clothing,2,"?1,999.00",30%,"?2,798.60","?2,100.00",?698.60,Debit Card,Delivered,Mobile App,5.0
ORD100009,03-Aug-2025,CUST0074,Arjun Rao,Male,38,Chennai,South,P002,Bluetooth Speaker,Electronics,Audio,2,"?1,899.00",5%,"?3,608.10","?2,240.00","?1,368.10",Credit Card,Delivered,Mobile App,5.0
ORD103153,03-Aug-2025,CUST0184,Ishaan Malhotra,Male,29,Mysuru,South,P007,Running Shoes,Fashion,Footwear,2,"?2,899.00",10%,"?5,218.20","?3,400.00","?1,818.20",UPI,Delivered,Website,5.0
ORD100431,03-Aug-2025,CUST0757,Pranav Bansal,Female,33,Jaipur,North,P020,Resistance Bands,Sports & Fitness,Fitness,1,?699.00,15%,?594.15,?320.00,?274.15,Credit Card,Delivered,Website,2.0
ORD100885,03-Aug-2025,CUST0544,Aarav Sharma,Male,34,Jaipur,North,P021,Face Wash,Beauty,Skincare,1,?499.00,0%,?499.00,?220.00,?279.00,Debit Card,Delivered,Website,5.0
ORD104420,03-Aug-2025,CUST1964,Rahul Kumar,Female,18,Delhi,North,P020,Resistance Bands,Sports & Fitness,Fitness,2,?699.00,0%,"?1,398.00",?640.00,?758.00,Debit Card,Delivered,Mobile App,2.0
ORD104844,03-Aug-2025,CUST2135,Aditi Saxena,Male,18,Ranchi,East,P004,USB-C Charger,Electronics,Accessories,2,?899.00,20%,"?1,438.40",?960.00,?478.40,Credit Card,Delivered,Website,3.0
ORD103644,03-Aug-2025,CUST0680,Sanya Malhotra,Female,40,Nashik,West,P024,Perfume,Beauty,Fragrance,2,"?1,799.00",10%,"?3,238.20","?1,800.00","?1,438.20",Debit Card,Delivered,Website,4.0
ORD102664,03-Aug-2025,CUST1679,Isha Mehta,Female,25,Coimbatore,South,P029,Programming Book,Books,Technology,2,"?1,299.00",15%,"?2,208.30","?1,220.00",?988.30,Wallet,Delivered,Website,5.0
ORD101751,04-Aug-2025,CUST1455,Isha Mehta,Female,35,Guwahati,East,P029,Programming Book,Books,Technology,1,"?1,299.00",5%,"?1,234.05",?610.00,?624.05,Cash on Delivery,Cancelled,Website,
ORD100805,04-Aug-2025,CUST1312,Aarav Sharma,Female,25,Patna,East,P025,Moisturizer,Beauty,Skincare,1,?699.00,5%,?664.05,?310.00,?354.05,Credit Card,Delivered,Website,5.0
ORD102582,04-Aug-2025,CUST0994,Manish Agarwal,Male,48,Jaipur,North,P010,Casual Hoodie,Fashion,Clothing,2,"?1,499.00",30%,"?2,098.60","?1,560.00",?538.60,UPI,Delivered,Mobile App,5.0
ORD100655,04-Aug-2025,CUST1706,Arjun Rao,Female,29,Mumbai,West,P010,Casual Hoodie,Fashion,Clothing,2,"?1,499.00",0%,"?2,998.00","?1,560.00","?1,438.00",Credit Card,Delivered,Mobile App,4.0
ORD101497,04-Aug-2025,CUST0521,Zoya Singh,Male,24,Chennai,South,P020,Resistance Bands,Sports & Fitness,Fitness,1,?699.00,0%,?699.00,?320.00,?379.00,Credit Card,Delivered,Mobile App,5.0
ORD102862,04-Aug-2025,CUST1763,Riya Verma,Male,20,Pune,West,P003,Smart Watch,Electronics,Wearables,1,"?3,299.00",25%,"?2,474.25","?2,100.00",?374.25,Debit Card,Delivered,Website,4.0
ORD104820,04-Aug-2025,CUST1157,Akash Bansal,Female,30,Nagpur,West,P017,Dumbbell Set,Sports & Fitness,Fitness,2,"?2,499.00",5%,"?4,748.10","?2,900.00","?1,848.10",Wallet,Delivered,Mobile App,5.0
ORD101164,04-Aug-2025,CUST1148,Ananya Kumar,Male,33,Bhubaneswar,East,P009,Denim Jeans,Fashion,Clothing,2,"?1,999.00",5%,"?3,798.10","?2,100.00","?1,698.10",UPI,Delivered,Mobile App,5.0
ORD101050,04-Aug-2025,CUST0462,Aditya Kapoor,Female,26,Bokaro,East,P007,Running Shoes,Fashion,Footwear,3,"?2,899.00",10%,"?7,827.30","?5,100.00","?2,727.30",Credit Card,Delivered,Mobile App,5.0
ORD101204,04-Aug-2025,CUST0769,Diya Mishra,Male,44,Hyderabad,South,P015,Bedsheet Set,Home & Kitchen,Home Decor,1,"?1,599.00",10%,"?1,439.10",?850.00,?589.10,Debit Card,Delivered,Mobile App,3.0
ORD104969,04-Aug-2025,CUST1412,Varun Jain,Female,43,Coimbatore,South,P022,Sunscreen SPF 50,Beauty,Skincare,2,?799.00,5%,"?1,518.10",?720.00,?798.10,Cash on Delivery,Delivered,Mobile App,4.0
ORD104824,05-Aug-2025,CUST1293,Tanvi Patel,Female,48,Bhubaneswar,East,P030,Self Help Book,Books,Self Development,3,?599.00,0%,"?1,797.00",?780.00,"?1,017.00",UPI,Delivered,Website,5.0
ORD104003,05-Aug-2025,CUST1090,Manish Agarwal,Male,32,Patna,East,P022,Sunscreen SPF 50,Beauty,Skincare,1,?799.00,5%,?759.05,?360.00,?399.05,Credit Card,Delivered,Mobile App,3.0
ORD100455,05-Aug-2025,CUST1584,Mohit Sharma,Male,29,Patna,East,P007,Running Shoes,Fashion,Footwear,1,"?2,899.00",20%,"?2,319.20","?1,700.00",?619.20,Wallet,Delivered,Website,3.0
ORD101918,05-Aug-2025,CUST1642,Arjun Rao,Female,23,Mysuru,South,P012,Air Fryer,Home & Kitchen,Kitchen,1,"?5,999.00",0%,"?5,999.00","?3,900.00","?2,099.00",Credit Card,Returned,Website,4.0
ORD103535,05-Aug-2025,CUST1889,Diya Mishra,Male,45,Chennai,South,P009,Denim Jeans,Fashion,Clothing,3,"?1,999.00",20%,"?4,797.60","?3,150.00","?1,647.60",Credit Card,Delivered,Website,5.0
ORD100398,05-Aug-2025,CUST1080,Ishaan Malhotra,Male,28,Guwahati,East,P013,Non-Stick Cookware Set,Home & Kitchen,Cookware,1,"?4,299.00",15%,"?3,654.15","?2,700.00",?954.15,Credit Card,Delivered,Website,4.0
ORD104448,05-Aug-2025,CUST0646,Kabir Gupta,Male,45,Guwahati,East,P016,Yoga Mat,Sports & Fitness,Fitness,1,?999.00,5%,?949.05,?520.00,?429.05,UPI,Delivered,Mobile App,4.0
ORD101500,05-Aug-2025,CUST0509,Kavya Patel,Male,40,Mumbai,West,P018,Cricket Bat,Sports & Fitness,Sports,2,"?2,199.00",30%,"?3,078.60","?2,500.00",?578.60,Cash on Delivery,Delivered,Mobile App,2.0
ORD101029,05-Aug-2025,CUST0662,Simran Gupta,Male,35,Dehradun,North,P016,Yoga Mat,Sports & Fitness,Fitness,1,?999.00,10%,?899.10,?520.00,?379.10,Credit Card,Returned,Mobile App,5.0
ORD100070,05-Aug-2025,CUST1402,Rohan Rao,Female,34,Amritsar,North,P006,Laptop Backpack,Fashion,Bags,1,"?1,799.00",20%,"?1,439.20",?950.00,?489.20,Net Banking,Cancelled,Website,
ORD100541,05-Aug-2025,CUST1979,Vansh Chopra,Male,37,Chandigarh,North,P008,Cotton T-Shirt,Fashion,Clothing,1,?799.00,20%,?639.20,?390.00,?249.20,Credit Card,Delivered,Website,4.0
ORD104438,05-Aug-2025,CUST0085,Pranav Bansal,Male,39,Ahmedabad,West,P009,Denim Jeans,Fashion,Clothing,2,"?1,999.00",5%,"?3,798.10","?2,100.00","?1,698.10",UPI,Delivered,Website,4.0
ORD101151,06-Aug-2025,CUST0899,Riya Verma,Male,40,Dehradun,North,P007,Running Shoes,Fashion,Footwear,3,"?2,899.00",5%,"?8,262.15","?5,100.00","?3,162.15",Cash on Delivery,Delivered,Website,5.0
ORD103162,06-Aug-2025,CUST1785,Meera Singh,Female,46,Chandigarh,North,P002,Bluetooth Speaker,Electronics,Audio,2,"?1,899.00",5%,"?3,608.10","?2,240.00","?1,368.10",Credit Card,Delivered,Mobile App,3.0
ORD103871,06-Aug-2025,CUST0032,Aarav Sharma,Female,20,Chandigarh,North,P007,Running Shoes,Fashion,Footwear,2,"?2,899.00",10%,"?5,218.20","?3,400.00","?1,818.20",Net Banking,Delivered,Mobile App,4.0
ORD100826,06-Aug-2025,CUST0531,Anjali Verma,Female,43,Chennai,South,P007,Running Shoes,Fashion,Footwear,1,"?2,899.00",10%,"?2,609.10","?1,700.00",?909.10,UPI,Cancelled,Website,
ORD102831,06-Aug-2025,CUST0300,Rahul Kumar,Female,35,Bokaro,East,P012,Air Fryer,Home & Kitchen,Kitchen,1,"?5,999.00",10%,"?5,399.10","?3,900.00","?1,499.10",Debit Card,Delivered,Mobile App,5.0
ORD101528,06-Aug-2025,CUST1812,Karan Jain,Female,40,Coimbatore,South,P004,USB-C Charger,Electronics,Accessories,1,?899.00,15%,?764.15,?480.00,?284.15,Credit Card,Delivered,Website,4.0
ORD103733,06-Aug-2025,CUST0285,Kavya Patel,Female,32,Bokaro,East,P021,Face Wash,Beauty,Skincare,1,?499.00,10%,?449.10,?220.00,?229.10,UPI,Delivered,Website,5.0
ORD100342,06-Aug-2025,CUST2062,Aditya Kapoor,Male,26,Guwahati,East,P029,Programming Book,Books,Technology,5,"?1,299.00",20%,"?5,196.00","?3,050.00","?2,146.00",UPI,Delivered,Website,5.0
ORD102245,06-Aug-2025,CUST2094,Aditya Kapoor,Female,45,Bhubaneswar,East,P023,Shampoo,Beauty,Haircare,1,?649.00,25%,?486.75,?290.00,?196.75,UPI,Cancelled,Mobile App,
ORD101669,06-Aug-2025,CUST1301,Pranav Bansal,Female,21,Delhi,North,P016,Yoga Mat,Sports & Fitness,Fitness,1,?999.00,0%,?999.00,?520.00,?479.00,Net Banking,Delivered,Mobile App,1.0
ORD100102,06-Aug-2025,CUST1670,Kabir Gupta,Female,50,Jaipur,North,P013,Non-Stick Cookware Set,Home & Kitchen,Cookware,1,"?4,299.00",0%,"?4,299.00","?2,700.00","?1,599.00",UPI,Delivered,Mobile App,3.0
ORD102723,06-Aug-2025,CUST1574,Kabir Gupta,Male,28,Chandigarh,North,P027,Business Strategy Book,Books,Business,1,?699.00,0%,?699.00,?300.00,?399.00,Credit Card,Delivered,Mobile App,5.0
ORD102284,07-Aug-2025,CUST1485,Tanvi Patel,Female,27,Surat,West,P023,Shampoo,Beauty,Haircare,1,?649.00,15%,?551.65,?290.00,?261.65,Debit Card,Delivered,Website,3.0
ORD103185,07-Aug-2025,CUST1684,Karan Jain,Male,40,Guwahati,East,P029,Programming Book,Books,Technology,1,"?1,299.00",5%,"?1,234.05",?610.00,?624.05,Cash on Delivery,Delivered,Mobile App,4.0
ORD100249,08-Aug-2025,CUST0601,Meera Singh,Female,37,Hyderabad,South,P024,Perfume,Beauty,Fragrance,2,"?1,799.00",25%,"?2,698.50","?1,800.00",?898.50,Cash on Delivery,Delivered,Website,4.0
ORD103762,08-Aug-2025,CUST0970,Arjun Rao,Male,36,Nagpur,West,P022,Sunscreen SPF 50,Beauty,Skincare,3,?799.00,10%,"?2,157.30","?1,080.00","?1,077.30",Credit Card,Delivered,Website,4.0
ORD100154,08-Aug-2025,CUST1136,Mohit Sharma,Male,25,Mysuru,South,P022,Sunscreen SPF 50,Beauty,Skincare,3,?799.00,20%,"?1,917.60","?1,080.00",?837.60,Net Banking,Delivered,Mobile App,1.0
ORD102102,08-Aug-2025,CUST0595,Anjali Verma,Female,34,Nagpur,West,P029,Programming Book,Books,Technology,2,"?1,299.00",20%,"?2,078.40","?1,220.00",?858.40,UPI,Delivered,Mobile App,4.0
ORD102100,08-Aug-2025,CUST0864,Aarav Sharma,Male,18,Patna,East,P009,Denim Jeans,Fashion,Clothing,1,"?1,999.00",10%,"?1,799.10","?1,050.00",?749.10,UPI,Delivered,Website,5.0
ORD101632,08-Aug-2025,CUST0809,Zoya Singh,Male,22,Mumbai,West,P007,Running Shoes,Fashion,Footwear,1,"?2,899.00",10%,"?2,609.10","?1,700.00",?909.10,Debit Card,Delivered,Mobile App,4.0
ORD104549,08-Aug-2025,CUST2099,Anjali Verma,Male,18,Nashik,West,P010,Casual Hoodie,Fashion,Clothing,2,"?1,499.00",15%,"?2,548.30","?1,560.00",?988.30,Wallet,Delivered,Mobile App,3.0
ORD100336,08-Aug-2025,CUST1801,Zoya Singh,Male,36,Kochi,South,P022,Sunscreen SPF 50,Beauty,Skincare,1,?799.00,5%,?759.05,?360.00,?399.05,Credit Card,Delivered,Website,2.0
ORD103483,08-Aug-2025,CUST1231,Isha Mehta,Female,32,Guwahati,East,P018,Cricket Bat,Sports & Fitness,Sports,1,"?2,199.00",10%,"?1,979.10","?1,250.00",?729.10,Credit Card,Delivered,Mobile App,4.0
ORD100470,08-Aug-2025,CUST0969,Zoya Singh,Female,33,Nashik,West,P016,Yoga Mat,Sports & Fitness,Fitness,1,?999.00,15%,?849.15,?520.00,?329.15,UPI,Delivered,Website,3.0
ORD104394,08-Aug-2025,CUST2018,Manish Agarwal,Female,20,Chandigarh,North,P007,Running Shoes,Fashion,Footwear,1,"?2,899.00",10%,"?2,609.10","?1,700.00",?909.10,Debit Card,Delivered,Mobile App,5.0
ORD101910,08-Aug-2025,CUST1527,Aditi Saxena,Male,32,Hyderabad,South,P001,Wireless Headphones,Electronics,Audio,1,"?2,499.00",5%,"?2,374.05","?1,550.00",?824.05,Credit Card,Delivered,Website,4.0
ORD102205,08-Aug-2025,CUST1726,Pooja Kapoor,Male,20,Mumbai,West,P021,Face Wash,Beauty,Skincare,2,?499.00,20%,?798.40,?440.00,?358.40,UPI,Delivered,Mobile App,5.0
ORD101543,08-Aug-2025,CUST0012,Rahul Kumar,Male,22,Mysuru,South,P027,Business Strategy Book,Books,Business,1,?699.00,10%,?629.10,?300.00,?329.10,Credit Card,Delivered,Website,4.0
ORD102036,09-Aug-2025,CUST1140,Karan Jain,Male,33,Mysuru,South,P015,Bedsheet Set,Home & Kitchen,Home Decor,2,"?1,599.00",15%,"?2,718.30","?1,700.00","?1,018.30",Debit Card,Delivered,Mobile App,2.0
ORD102984,09-Aug-2025,CUST0532,Karan Jain,Male,39,Surat,West,P015,Bedsheet Set,Home & Kitchen,Home Decor,1,"?1,599.00",10%,"?1,439.10",?850.00,?589.10,Net Banking,Delivered,Website,4.0
ORD101576,09-Aug-2025,CUST1204,Karan Jain,Female,32,Ahmedabad,West,P024,Perfume,Beauty,Fragrance,1,"?1,799.00",10%,"?1,619.10",?900.00,?719.10,Debit Card,Cancelled,Mobile App,
ORD103446,09-Aug-2025,CUST1726,Pooja Kapoor,Female,40,Amritsar,North,P024,Perfume,Beauty,Fragrance,1,"?1,799.00",10%,"?1,619.10",?900.00,?719.10,Net Banking,Delivered,Website,2.0
ORD101817,09-Aug-2025,CUST0334,Aditya Kapoor,Female,18,Guwahati,East,P019,Badminton Racket,Sports & Fitness,Sports,1,"?1,499.00",10%,"?1,349.10",?800.00,?549.10,UPI,Delivered,Mobile App,5.0
ORD104736,09-Aug-2025,CUST0609,Diya Mishra,Female,35,Kochi,South,P001,Wireless Headphones,Electronics,Audio,2,"?2,499.00",15%,"?4,248.30","?3,100.00","?1,148.30",UPI,Delivered,Mobile App,3.0
ORD104187,09-Aug-2025,CUST1680,Mohit Sharma,Female,38,Surat,West,P008,Cotton T-Shirt,Fashion,Clothing,1,?799.00,15%,?679.15,?390.00,?289.15,Debit Card,Delivered,Mobile App,4.0
ORD104862,10-Aug-2025,CUST1805,Tanvi Patel,Female,44,Jaipur,North,P018,Cricket Bat,Sports & Fitness,Sports,1,"?2,199.00",20%,"?1,759.20","?1,250.00",?509.20,Debit Card,Delivered,Website,5.0
ORD101247,10-Aug-2025,CUST0707,Riya Verma,Male,21,Mysuru,South,P013,Non-Stick Cookware Set,Home & Kitchen,Cookware,1,"?4,299.00",15%,"?3,654.15","?2,700.00",?954.15,UPI,Delivered,Mobile App,4.0
ORD101945,10-Aug-2025,CUST1678,Aditya Kapoor,Female,45,Coimbatore,South,P005,Power Bank 20000mAh,Electronics,Accessories,2,"?1,599.00",10%,"?2,878.20","?1,840.00","?1,038.20",Cash on Delivery,Delivered,Mobile App,4.0
ORD102317,10-Aug-2025,CUST1525,Pranav Bansal,Female,30,Bhubaneswar,East,P006,Laptop Backpack,Fashion,Bags,1,"?1,799.00",20%,"?1,439.20",?950.00,?489.20,Net Banking,Returned,Website,5.0
ORD103515,10-Aug-2025,CUST1935,Isha Mehta,Female,28,Ranchi,East,P004,USB-C Charger,Electronics,Accessories,1,?899.00,5%,?854.05,?480.00,?374.05,Cash on Delivery,Returned,Mobile App,5.0
ORD100904,10-Aug-2025,CUST1847,Aditi Saxena,Female,25,Patna,East,P019,Badminton Racket,Sports & Fitness,Sports,4,"?1,499.00",10%,"?5,396.40","?3,200.00","?2,196.40",Credit Card,Delivered,Mobile App,5.0
ORD104916,10-Aug-2025,CUST1468,Ananya Kumar,Male,31,Dehradun,North,P028,Data Analytics Book,Books,Technology,5,"?1,099.00",0%,"?5,495.00","?2,600.00","?2,895.00",Credit Card,Cancelled,Mobile App,
ORD104496,10-Aug-2025,CUST0846,Aditya Kapoor,Male,35,Jaipur,North,P003,Smart Watch,Electronics,Wearables,1,"?3,299.00",0%,"?3,299.00","?2,100.00","?1,199.00",UPI,Delivered,Mobile App,5.0
ORD103623,10-Aug-2025,CUST1947,Vansh Chopra,Female,43,Mysuru,South,P028,Data Analytics Book,Books,Technology,2,"?1,099.00",10%,"?1,978.20","?1,040.00",?938.20,Wallet,Delivered,Mobile App,5.0
ORD101368,11-Aug-2025,CUST0144,Mohit Sharma,Male,36,Ranchi,East,P015,Bedsheet Set,Home & Kitchen,Home Decor,2,"?1,599.00",0%,"?3,198.00","?1,700.00","?1,498.00",Wallet,Delivered,Website,4.0
ORD101074,11-Aug-2025,CUST1878,Simran Gupta,Male,51,Nashik,West,P012,Air Fryer,Home & Kitchen,Kitchen,3,"?5,999.00",0%,"?17,997.00","?11,700.00","?6,297.00",UPI,Delivered,Mobile App,5.0
ORD101504,11-Aug-2025,CUST0997,Akash Bansal,Male,43,Jaipur,North,P003,Smart Watch,Electronics,Wearables,1,"?3,299.00",20%,"?2,639.20","?2,100.00",?539.20,Credit Card,Delivered,Website,2.0
ORD102881,11-Aug-2025,CUST0193,Diya Mishra,Male,39,Bokaro,East,P023,Shampoo,Beauty,Haircare,2,?649.00,5%,"?1,233.10",?580.00,?653.10,Cash on Delivery,Delivered,Website,4.0
ORD100353,11-Aug-2025,CUST0731,Vansh Chopra,Male,35,Dehradun,North,P002,Bluetooth Speaker,Electronics,Audio,1,"?1,899.00",20%,"?1,519.20","?1,120.00",?399.20,Net Banking,Cancelled,Mobile App,
ORD100428,11-Aug-2025,CUST1893,Akash Bansal,Female,42,Nashik,West,P005,Power Bank 20000mAh,Electronics,Accessories,3,"?1,599.00",15%,"?4,077.45","?2,760.00","?1,317.45",UPI,Delivered,Website,4.0
ORD101912,11-Aug-2025,CUST2134,Simran Gupta,Female,40,Ahmedabad,West,P016,Yoga Mat,Sports & Fitness,Fitness,2,?999.00,10%,"?1,798.20","?1,040.00",?758.20,Wallet,Delivered,Mobile App,4.0
ORD103653,11-Aug-2025,CUST0448,Aarav Sharma,Male,34,Lucknow,North,P029,Programming Book,Books,Technology,1,"?1,299.00",0%,"?1,299.00",?610.00,?689.00,Debit Card,Delivered,Website,5.0
ORD101236,11-Aug-2025,CUST0428,Rahul Kumar,Female,47,Delhi,North,P022,Sunscreen SPF 50,Beauty,Skincare,1,?799.00,10%,?719.10,?360.00,?359.10,Debit Card,Delivered,Website,4.0
ORD102451,11-Aug-2025,CUST1401,Meera Singh,Female,18,Kolkata,East,P022,Sunscreen SPF 50,Beauty,Skincare,3,?799.00,15%,"?2,037.45","?1,080.00",?957.45,Net Banking,Delivered,Website,5.0
ORD103690,11-Aug-2025,CUST0465,Sakshi Mishra,Male,29,Mumbai,West,P019,Badminton Racket,Sports & Fitness,Sports,5,"?1,499.00",5%,"?7,120.25","?4,000.00","?3,120.25",Debit Card,Delivered,Mobile App,5.0
ORD100712,11-Aug-2025,CUST0988,Ananya Kumar,Female,40,Surat,West,P017,Dumbbell Set,Sports & Fitness,Fitness,1,"?2,499.00",15%,"?2,124.15","?1,450.00",?674.15,Credit Card,Delivered,Mobile App,5.0
ORD101195,12-Aug-2025,CUST0952,Ishaan Malhotra,Male,32,Guwahati,East,P024,Perfume,Beauty,Fragrance,1,"?1,799.00",0%,"?1,799.00",?900.00,?899.00,Cash on Delivery,Delivered,Website,1.0
ORD104890,12-Aug-2025,CUST1911,Aditi Saxena,Male,28,Lucknow,North,P027,Business Strategy Book,Books,Business,1,?699.00,10%,?629.10,?300.00,?329.10,Net Banking,Delivered,Website,4.0
ORD101229,12-Aug-2025,CUST0947,Anjali Verma,Male,33,Dehradun,North,P014,Table Lamp,Home & Kitchen,Home Decor,1,"?1,299.00",30%,?909.30,?690.00,?219.30,UPI,Delivered,Website,4.0
ORD104180,12-Aug-2025,CUST1662,Pooja Kapoor,Female,28,Amritsar,North,P005,Power Bank 20000mAh,Electronics,Accessories,5,"?1,599.00",20%,"?6,396.00","?4,600.00","?1,796.00",Cash on Delivery,Delivered,Mobile App,4.0
ORD101244,12-Aug-2025,CUST1833,Zoya Singh,Female,50,Lucknow,North,P009,Denim Jeans,Fashion,Clothing,5,"?1,999.00",10%,"?8,995.50","?5,250.00","?3,745.50",Debit Card,Delivered,Mobile App,5.0
ORD101995,12-Aug-2025,CUST1987,Riya Verma,Male,22,Kochi,South,P001,Wireless Headphones,Electronics,Audio,1,"?2,499.00",20%,"?1,999.20","?1,550.00",?449.20,UPI,Delivered,Mobile App,4.0
ORD100536,12-Aug-2025,CUST0259,Riya Verma,Male,32,Chandigarh,North,P001,Wireless Headphones,Electronics,Audio,1,"?2,499.00",5%,"?2,374.05","?1,550.00",?824.05,UPI,Delivered,Website,4.0
ORD103748,12-Aug-2025,CUST0721,Sakshi Mishra,Male,38,Nagpur,West,P007,Running Shoes,Fashion,Footwear,2,"?2,899.00",10%,"?5,218.20","?3,400.00","?1,818.20",UPI,Delivered,Mobile App,5.0
ORD104548,12-Aug-2025,CUST0969,Zoya Singh,Female,43,Chandigarh,North,P014,Table Lamp,Home & Kitchen,Home Decor,1,"?1,299.00",20%,"?1,039.20",?690.00,?349.20,Wallet,Delivered,Website,4.0
ORD100138,13-Aug-2025,CUST0741,Akash Bansal,Male,41,Guwahati,East,P016,Yoga Mat,Sports & Fitness,Fitness,1,?999.00,15%,?849.15,?520.00,?329.15,Net Banking,Returned,Mobile App,4.0
ORD104722,13-Aug-2025,CUST0986,Rohan Rao,Female,33,Patna,East,P004,USB-C Charger,Electronics,Accessories,3,?899.00,15%,"?2,292.45","?1,440.00",?852.45,Credit Card,Delivered,Mobile App,3.0
ORD100779,13-Aug-2025,CUST0615,Nisha Saxena,Female,36,Chennai,South,P011,Coffee Maker,Home & Kitchen,Kitchen,2,"?3,499.00",20%,"?5,598.40","?4,500.00","?1,098.40",Credit Card,Delivered,Mobile App,1.0
ORD100129,13-Aug-2025,CUST2128,Mohit Sharma,Male,21,Hyderabad,South,P007,Running Shoes,Fashion,Footwear,1,"?2,899.00",15%,"?2,464.15","?1,700.00",?764.15,Wallet,Delivered,Mobile App,5.0
ORD101353,13-Aug-2025,CUST0221,Kavya Patel,Male,19,Delhi,North,P012,Air Fryer,Home & Kitchen,Kitchen,4,"?5,999.00",0%,"?23,996.00","?15,600.00","?8,396.00",Debit Card,Delivered,Website,5.0
ORD104095,13-Aug-2025,CUST1618,Yash Agarwal,Male,32,Coimbatore,South,P020,Resistance Bands,Sports & Fitness,Fitness,1,?699.00,0%,?699.00,?320.00,?379.00,UPI,Returned,Mobile App,5.0
ORD104688,13-Aug-2025,CUST0063,Shivam Mehta,Female,46,Bhubaneswar,East,P009,Denim Jeans,Fashion,Clothing,1,"?1,999.00",5%,"?1,899.05","?1,050.00",?849.05,UPI,Delivered,Website,4.0
ORD100730,13-Aug-2025,CUST0703,Shivam Mehta,Male,34,Hyderabad,South,P027,Business Strategy Book,Books,Business,2,?699.00,15%,"?1,188.30",?600.00,?588.30,Debit Card,Delivered,Website,4.0
ORD100155,13-Aug-2025,CUST0751,Isha Mehta,Female,34,Nagpur,West,P002,Bluetooth Speaker,Electronics,Audio,1,"?1,899.00",20%,"?1,519.20","?1,120.00",?399.20,Wallet,Delivered,Website,3.0
ORD102816,13-Aug-2025,CUST1712,Mohit Sharma,Male,38,Nashik,West,P025,Moisturizer,Beauty,Skincare,1,?699.00,15%,?594.15,?310.00,?284.15,UPI,Delivered,Website,5.0
ORD104233,13-Aug-2025,CUST0518,Kabir Gupta,Male,29,Kochi,South,P011,Coffee Maker,Home & Kitchen,Kitchen,4,"?3,499.00",10%,"?12,596.40","?9,000.00","?3,596.40",Wallet,Delivered,Website,5.0
ORD101930,14-Aug-2025,CUST1095,Nisha Saxena,Male,38,Mysuru,South,P029,Programming Book,Books,Technology,1,"?1,299.00",10%,"?1,169.10",?610.00,?559.10,UPI,Returned,Website,4.0
ORD102240,14-Aug-2025,CUST1508,Varun Jain,Male,26,Mysuru,South,P020,Resistance Bands,Sports & Fitness,Fitness,1,?699.00,15%,?594.15,?320.00,?274.15,UPI,Delivered,Mobile App,4.0
ORD100954,14-Aug-2025,CUST0601,Meera Singh,Female,46,Ranchi,East,P007,Running Shoes,Fashion,Footwear,2,"?2,899.00",30%,"?4,058.60","?3,400.00",?658.60,Net Banking,Delivered,Mobile App,4.0
ORD102825,14-Aug-2025,CUST2075,Vansh Chopra,Male,42,Chandigarh,North,P018,Cricket Bat,Sports & Fitness,Sports,1,"?2,199.00",10%,"?1,979.10","?1,250.00",?729.10,UPI,Delivered,Website,4.0
ORD101183,14-Aug-2025,CUST0003,Riya Verma,Female,39,Guwahati,East,P004,USB-C Charger,Electronics,Accessories,1,?899.00,20%,?719.20,?480.00,?239.20,Cash on Delivery,Delivered,Website,4.0
ORD100238,14-Aug-2025,CUST1583,Isha Mehta,Female,31,Coimbatore,South,P008,Cotton T-Shirt,Fashion,Clothing,2,?799.00,10%,"?1,438.20",?780.00,?658.20,UPI,Delivered,Website,5.0
ORD101142,14-Aug-2025,CUST1266,Yash Agarwal,Male,43,Jaipur,North,P002,Bluetooth Speaker,Electronics,Audio,2,"?1,899.00",0%,"?3,798.00","?2,240.00","?1,558.00",UPI,Delivered,Website,5.0
ORD101651,14-Aug-2025,CUST1314,Manish Agarwal,Female,23,Pune,West,P014,Table Lamp,Home & Kitchen,Home Decor,2,"?1,299.00",10%,"?2,338.20","?1,380.00",?958.20,Debit Card,Delivered,Website,5.0
ORD104589,14-Aug-2025,CUST0389,Akash Bansal,Male,37,Coimbatore,South,P012,Air Fryer,Home & Kitchen,Kitchen,3,"?5,999.00",15%,"?15,297.45","?11,700.00","?3,597.45",Net Banking,Delivered,Mobile App,2.0
ORD101150,14-Aug-2025,CUST1126,Kabir Gupta,Female,49,Nagpur,West,P020,Resistance Bands,Sports & Fitness,Fitness,1,?699.00,20%,?559.20,?320.00,?239.20,UPI,Returned,Mobile App,2.0
ORD103721,14-Aug-2025,CUST0655,Isha Mehta,Male,32,Nagpur,West,P025,Moisturizer,Beauty,Skincare,2,?699.00,10%,"?1,258.20",?620.00,?638.20,UPI,Delivered,Mobile App,5.0
ORD103742,15-Aug-2025,CUST0722,Yash Agarwal,Female,29,Mumbai,West,P023,Shampoo,Beauty,Haircare,1,?649.00,20%,?519.20,?290.00,?229.20,Net Banking,Delivered,Mobile App,5.0
ORD103854,15-Aug-2025,CUST1490,Yash Agarwal,Female,44,Nashik,West,P015,Bedsheet Set,Home & Kitchen,Home Decor,1,"?1,599.00",10%,"?1,439.10",?850.00,?589.10,Debit Card,Delivered,Mobile App,5.0
ORD101007,15-Aug-2025,CUST0110,Aditya Kapoor,Female,30,Jaipur,North,P014,Table Lamp,Home & Kitchen,Home Decor,4,"?1,299.00",15%,"?4,416.60","?2,760.00","?1,656.60",UPI,Delivered,Website,5.0
ORD102178,15-Aug-2025,CUST0132,Varun Jain,Female,38,Surat,West,P002,Bluetooth Speaker,Electronics,Audio,1,"?1,899.00",5%,"?1,804.05","?1,120.00",?684.05,Wallet,Delivered,Mobile App,5.0
ORD102024,15-Aug-2025,CUST1495,Aditi Saxena,Male,28,Surat,West,P002,Bluetooth Speaker,Electronics,Audio,2,"?1,899.00",15%,"?3,228.30","?2,240.00",?988.30,UPI,Delivered,Mobile App,5.0
ORD100211,15-Aug-2025,CUST1053,Kavya Patel,Male,30,Ahmedabad,West,P004,USB-C Charger,Electronics,Accessories,1,?899.00,5%,?854.05,?480.00,?374.05,Credit Card,Delivered,Mobile App,2.0
ORD102742,15-Aug-2025,CUST0032,Aarav Sharma,Female,34,Kochi,South,P013,Non-Stick Cookware Set,Home & Kitchen,Cookware,3,"?4,299.00",20%,"?10,317.60","?8,100.00","?2,217.60",Debit Card,Delivered,Website,2.0
ORD101853,15-Aug-2025,CUST0393,Zoya Singh,Female,35,Jaipur,North,P006,Laptop Backpack,Fashion,Bags,2,"?1,799.00",5%,"?3,418.10","?1,900.00","?1,518.10",Credit Card,Delivered,Mobile App,4.0
ORD101265,15-Aug-2025,CUST0542,Pooja Kapoor,Male,44,Coimbatore,South,P010,Casual Hoodie,Fashion,Clothing,2,"?1,499.00",25%,"?2,248.50","?1,560.00",?688.50,UPI,Delivered,Mobile App,4.0
ORD102227,15-Aug-2025,CUST0363,Kiara Chopra,Male,30,Pune,West,P007,Running Shoes,Fashion,Footwear,2,"?2,899.00",10%,"?5,218.20","?3,400.00","?1,818.20",UPI,Delivered,Mobile App,4.0
ORD102274,15-Aug-2025,CUST0379,Vansh Chopra,Female,34,Ranchi,East,P010,Casual Hoodie,Fashion,Clothing,2,"?1,499.00",5%,"?2,848.10","?1,560.00","?1,288.10",Credit Card,Delivered,Mobile App,5.0
ORD100493,15-Aug-2025,CUST1076,Karan Jain,Female,47,Bokaro,East,P020,Resistance Bands,Sports & Fitness,Fitness,2,?699.00,30%,?978.60,?640.00,?338.60,Credit Card,Delivered,Mobile App,3.0
ORD102771,15-Aug-2025,CUST1530,Rohan Rao,Male,22,Kochi,South,P002,Bluetooth Speaker,Electronics,Audio,2,"?1,899.00",0%,"?3,798.00","?2,240.00","?1,558.00",UPI,Delivered,Mobile App,5.0
ORD100687,16-Aug-2025,CUST1189,Akash Bansal,Female,43,Nagpur,West,P003,Smart Watch,Electronics,Wearables,1,"?3,299.00",0%,"?3,299.00","?2,100.00","?1,199.00",UPI,Delivered,Website,4.0
ORD104168,16-Aug-2025,CUST0519,Nisha Saxena,Female,27,Kochi,South,P003,Smart Watch,Electronics,Wearables,3,"?3,299.00",15%,"?8,412.45","?6,300.00","?2,112.45",Credit Card,Delivered,Website,5.0
ORD104982,16-Aug-2025,CUST1670,Kabir Gupta,Male,33,Surat,West,P020,Resistance Bands,Sports & Fitness,Fitness,1,?699.00,5%,?664.05,?320.00,?344.05,Credit Card,Delivered,Website,5.0
ORD100804,16-Aug-2025,CUST0848,Mohit Sharma,Female,36,Kolkata,East,P006,Laptop Backpack,Fashion,Bags,1,"?1,799.00",0%,"?1,799.00",?950.00,?849.00,UPI,Delivered,Mobile App,2.0
ORD102107,16-Aug-2025,CUST1873,Sakshi Mishra,Male,25,Patna,East,P004,USB-C Charger,Electronics,Accessories,1,?899.00,10%,?809.10,?480.00,?329.10,UPI,Delivered,Mobile App,5.0
ORD101894,16-Aug-2025,CUST0272,Mohit Sharma,Female,33,Delhi,North,P029,Programming Book,Books,Technology,1,"?1,299.00",10%,"?1,169.10",?610.00,?559.10,UPI,Delivered,Mobile App,5.0
ORD102579,16-Aug-2025,CUST0109,Tanvi Patel,Male,27,Dehradun,North,P025,Moisturizer,Beauty,Skincare,1,?699.00,10%,?629.10,?310.00,?319.10,Credit Card,Delivered,Website,5.0
ORD103879,16-Aug-2025,CUST1127,Nisha Saxena,Male,48,Ranchi,East,P030,Self Help Book,Books,Self Development,1,?599.00,5%,?569.05,?260.00,?309.05,Net Banking,Delivered,Mobile App,3.0
ORD102811,16-Aug-2025,CUST1370,Rohan Rao,Male,28,Lucknow,North,P008,Cotton T-Shirt,Fashion,Clothing,4,?799.00,5%,"?3,036.20","?1,560.00","?1,476.20",Wallet,Delivered,Mobile App,5.0
ORD100492,17-Aug-2025,CUST0976,Mohit Sharma,Male,45,Mysuru,South,P001,Wireless Headphones,Electronics,Audio,3,"?2,499.00",5%,"?7,122.15","?4,650.00","?2,472.15",Credit Card,Delivered,Website,5.0
ORD103802,17-Aug-2025,CUST1470,Pooja Kapoor,Male,21,Hyderabad,South,P030,Self Help Book,Books,Self Development,3,?599.00,0%,"?1,797.00",?780.00,"?1,017.00",UPI,Delivered,Website,3.0
ORD100760,17-Aug-2025,CUST0815,Isha Mehta,Male,27,Chandigarh,North,P030,Self Help Book,Books,Self Development,4,?599.00,15%,"?2,036.60","?1,040.00",?996.60,Debit Card,Delivered,Mobile App,4.0
ORD104513,17-Aug-2025,CUST0825,Meera Singh,Female,26,Kochi,South,P023,Shampoo,Beauty,Haircare,2,?649.00,20%,"?1,038.40",?580.00,?458.40,Debit Card,Delivered,Website,4.0
ORD103750,17-Aug-2025,CUST1965,Tanvi Patel,Male,37,Chennai,South,P025,Moisturizer,Beauty,Skincare,5,?699.00,20%,"?2,796.00","?1,550.00","?1,246.00",Wallet,Delivered,Mobile App,5.0
ORD100922,17-Aug-2025,CUST1670,Kabir Gupta,Female,42,Chennai,South,P021,Face Wash,Beauty,Skincare,1,?499.00,25%,?374.25,?220.00,?154.25,UPI,Delivered,Mobile App,4.0
ORD101984,17-Aug-2025,CUST1818,Rohan Rao,Female,34,Kochi,South,P017,Dumbbell Set,Sports & Fitness,Fitness,2,"?2,499.00",25%,"?3,748.50","?2,900.00",?848.50,Debit Card,Delivered,Mobile App,5.0
ORD104991,17-Aug-2025,CUST0764,Ananya Kumar,Male,41,Kochi,South,P002,Bluetooth Speaker,Electronics,Audio,4,"?1,899.00",10%,"?6,836.40","?4,480.00","?2,356.40",Credit Card,Delivered,Mobile App,5.0
ORD101036,17-Aug-2025,CUST1730,Manish Agarwal,Male,33,Ranchi,East,P023,Shampoo,Beauty,Haircare,2,?649.00,0%,"?1,298.00",?580.00,?718.00,Wallet,Delivered,Mobile App,1.0
ORD100579,17-Aug-2025,CUST1113,Meera Singh,Male,26,Guwahati,East,P027,Business Strategy Book,Books,Business,4,?699.00,15%,"?2,376.60","?1,200.00","?1,176.60",Net Banking,Delivered,Website,5.0
ORD100711,17-Aug-2025,CUST0725,Pranav Bansal,Female,26,Chennai,South,P012,Air Fryer,Home & Kitchen,Kitchen,1,"?5,999.00",25%,"?4,499.25","?3,900.00",?599.25,Credit Card,Delivered,Mobile App,3.0
ORD101453,17-Aug-2025,CUST2005,Pranav Bansal,Female,35,Kochi,South,P011,Coffee Maker,Home & Kitchen,Kitchen,1,"?3,499.00",0%,"?3,499.00","?2,250.00","?1,249.00",Debit Card,Delivered,Mobile App,5.0
ORD103542,18-Aug-2025,CUST1530,Rohan Rao,Female,37,Mumbai,West,P015,Bedsheet Set,Home & Kitchen,Home Decor,1,"?1,599.00",10%,"?1,439.10",?850.00,?589.10,UPI,Delivered,Website,4.0
ORD104879,18-Aug-2025,CUST1293,Tanvi Patel,Female,22,Kochi,South,P007,Running Shoes,Fashion,Footwear,3,"?2,899.00",25%,"?6,522.75","?5,100.00","?1,422.75",UPI,Delivered,Website,4.0
ORD102793,18-Aug-2025,CUST1878,Simran Gupta,Female,49,Guwahati,East,P020,Resistance Bands,Sports & Fitness,Fitness,4,?699.00,10%,"?2,516.40","?1,280.00","?1,236.40",Wallet,Delivered,Website,3.0
ORD100437,18-Aug-2025,CUST0673,Diya Mishra,Female,23,Ahmedabad,West,P030,Self Help Book,Books,Self Development,1,?599.00,15%,?509.15,?260.00,?249.15,UPI,Delivered,Mobile App,5.0
ORD103187,18-Aug-2025,CUST0487,Nisha Saxena,Male,30,Bengaluru,South,P011,Coffee Maker,Home & Kitchen,Kitchen,1,"?3,499.00",0%,"?3,499.00","?2,250.00","?1,249.00",Debit Card,Delivered,Website,5.0
ORD104057,18-Aug-2025,CUST2036,Karan Jain,Male,51,Ranchi,East,P003,Smart Watch,Electronics,Wearables,1,"?3,299.00",25%,"?2,474.25","?2,100.00",?374.25,Debit Card,Delivered,Website,4.0
ORD101684,18-Aug-2025,CUST0066,Manish Agarwal,Female,20,Bengaluru,South,P013,Non-Stick Cookware Set,Home & Kitchen,Cookware,1,"?4,299.00",20%,"?3,439.20","?2,700.00",?739.20,Wallet,Delivered,Website,5.0
ORD100233,18-Aug-2025,CUST1202,Yash Agarwal,Male,36,Bengaluru,South,P013,Non-Stick Cookware Set,Home & Kitchen,Cookware,1,"?4,299.00",25%,"?3,224.25","?2,700.00",?524.25,Cash on Delivery,Delivered,Website,2.0
ORD100090,19-Aug-2025,CUST0181,Pranav Bansal,Female,34,Mumbai,West,P017,Dumbbell Set,Sports & Fitness,Fitness,2,"?2,499.00",10%,"?4,498.20","?2,900.00","?1,598.20",Credit Card,Delivered,Mobile App,5.0
ORD101821,19-Aug-2025,CUST0332,Rahul Kumar,Male,36,Coimbatore,South,P023,Shampoo,Beauty,Haircare,1,?649.00,15%,?551.65,?290.00,?261.65,Credit Card,Delivered,Website,4.0
ORD101446,19-Aug-2025,CUST1382,Kabir Gupta,Male,28,Delhi,North,P022,Sunscreen SPF 50,Beauty,Skincare,1,?799.00,10%,?719.10,?360.00,?359.10,Net Banking,Delivered,Website,5.0
ORD100113,19-Aug-2025,CUST1909,Pranav Bansal,Male,34,Ranchi,East,P018,Cricket Bat,Sports & Fitness,Sports,2,"?2,199.00",5%,"?4,178.10","?2,500.00","?1,678.10",Net Banking,Delivered,Website,4.0
ORD100791,19-Aug-2025,CUST1102,Aditya Kapoor,Female,29,Jaipur,North,P025,Moisturizer,Beauty,Skincare,2,?699.00,10%,"?1,258.20",?620.00,?638.20,UPI,Delivered,Mobile App,5.0
ORD102001,19-Aug-2025,CUST1080,Ishaan Malhotra,Female,34,Jaipur,North,P029,Programming Book,Books,Technology,3,"?1,299.00",20%,"?3,117.60","?1,830.00","?1,287.60",Credit Card,Returned,Website,3.0
ORD100127,19-Aug-2025,CUST1754,Rohan Rao,Female,31,Nashik,West,P008,Cotton T-Shirt,Fashion,Clothing,1,?799.00,10%,?719.10,?390.00,?329.10,Credit Card,Delivered,Mobile App,5.0
ORD100672,19-Aug-2025,CUST1627,Vansh Chopra,Female,30,Ranchi,East,P007,Running Shoes,Fashion,Footwear,1,"?2,899.00",20%,"?2,319.20","?1,700.00",?619.20,Credit Card,Delivered,Mobile App,2.0
ORD102666,19-Aug-2025,CUST0797,Kavya Patel,Female,18,Nashik,West,P003,Smart Watch,Electronics,Wearables,1,"?3,299.00",0%,"?3,299.00","?2,100.00","?1,199.00",Net Banking,Delivered,Mobile App,3.0
ORD104623,20-Aug-2025,CUST1595,Vansh Chopra,Female,38,Lucknow,North,P012,Air Fryer,Home & Kitchen,Kitchen,1,"?5,999.00",20%,"?4,799.20","?3,900.00",?899.20,Cash on Delivery,Delivered,Website,4.0
ORD103431,20-Aug-2025,CUST0307,Anjali Verma,Male,27,Bokaro,East,P025,Moisturizer,Beauty,Skincare,1,?699.00,5%,?664.05,?310.00,?354.05,UPI,Delivered,Mobile App,4.0
ORD101892,20-Aug-2025,CUST0349,Kavya Patel,Female,33,Pune,West,P025,Moisturizer,Beauty,Skincare,1,?699.00,15%,?594.15,?310.00,?284.15,Debit Card,Delivered,Mobile App,4.0
ORD102352,20-Aug-2025,CUST0293,Akash Bansal,Male,47,Bengaluru,South,P004,USB-C Charger,Electronics,Accessories,4,?899.00,5%,"?3,416.20","?1,920.00","?1,496.20",Cash on Delivery,Delivered,Website,4.0
ORD101870,20-Aug-2025,CUST0626,Yash Agarwal,Female,42,Delhi,North,P024,Perfume,Beauty,Fragrance,1,"?1,799.00",15%,"?1,529.15",?900.00,?629.15,UPI,Delivered,Mobile App,4.0
ORD104395,20-Aug-2025,CUST1929,Zoya Singh,Male,48,Lucknow,North,P013,Non-Stick Cookware Set,Home & Kitchen,Cookware,5,"?4,299.00",0%,"?21,495.00","?13,500.00","?7,995.00",Debit Card,Delivered,Website,2.0
ORD103839,20-Aug-2025,CUST1173,Pranav Bansal,Male,41,Delhi,North,P026,Novel Collection,Books,Fiction,4,?899.00,5%,"?3,416.20","?1,680.00","?1,736.20",UPI,Delivered,Mobile App,4.0
ORD104835,20-Aug-2025,CUST2074,Rohan Rao,Male,44,Nagpur,West,P022,Sunscreen SPF 50,Beauty,Skincare,1,?799.00,0%,?799.00,?360.00,?439.00,Credit Card,Delivered,Mobile App,3.0
ORD104652,21-Aug-2025,CUST0944,Mohit Sharma,Male,28,Amritsar,North,P007,Running Shoes,Fashion,Footwear,1,"?2,899.00",25%,"?2,174.25","?1,700.00",?474.25,Debit Card,Delivered,Mobile App,5.0
ORD101948,21-Aug-2025,CUST0107,Kiara Chopra,Male,32,Coimbatore,South,P001,Wireless Headphones,Electronics,Audio,2,"?2,499.00",15%,"?4,248.30","?3,100.00","?1,148.30",Credit Card,Delivered,Mobile App,4.0
ORD101243,21-Aug-2025,CUST0731,Vansh Chopra,Female,34,Bhubaneswar,East,P021,Face Wash,Beauty,Skincare,2,?499.00,15%,?848.30,?440.00,?408.30,UPI,Delivered,Website,2.0
ORD104099,21-Aug-2025,CUST1725,Kavya Patel,Male,23,Bengaluru,South,P025,Moisturizer,Beauty,Skincare,2,?699.00,15%,"?1,188.30",?620.00,?568.30,UPI,Delivered,Mobile App,4.0
ORD100628,21-Aug-2025,CUST2094,Aditya Kapoor,Female,33,Amritsar,North,P006,Laptop Backpack,Fashion,Bags,2,"?1,799.00",10%,"?3,238.20","?1,900.00","?1,338.20",Wallet,Delivered,Website,5.0
ORD100199,21-Aug-2025,CUST1849,Meera Singh,Male,33,Ahmedabad,West,P005,Power Bank 20000mAh,Electronics,Accessories,1,"?1,599.00",5%,"?1,519.05",?920.00,?599.05,Debit Card,Delivered,Website,5.0
ORD100498,21-Aug-2025,CUST0363,Kiara Chopra,Female,41,Surat,West,P030,Self Help Book,Books,Self Development,4,?599.00,5%,"?2,276.20","?1,040.00","?1,236.20",UPI,Delivered,Website,2.0
ORD100407,21-Aug-2025,CUST0231,Nisha Saxena,Female,28,Ahmedabad,West,P026,Novel Collection,Books,Fiction,2,?899.00,15%,"?1,528.30",?840.00,?688.30,UPI,Returned,Website,4.0
ORD100142,21-Aug-2025,CUST1472,Aarav Sharma,Female,47,Chennai,South,P014,Table Lamp,Home & Kitchen,Home Decor,3,"?1,299.00",10%,"?3,507.30","?2,070.00","?1,437.30",Wallet,Returned,Mobile App,3.0
ORD102840,21-Aug-2025,CUST1682,Yash Agarwal,Female,38,Lucknow,North,P004,USB-C Charger,Electronics,Accessories,1,?899.00,30%,?629.30,?480.00,?149.30,UPI,Delivered,Website,4.0
ORD102391,21-Aug-2025,CUST1669,Akash Bansal,Male,40,Lucknow,North,P004,USB-C Charger,Electronics,Accessories,1,?899.00,15%,?764.15,?480.00,?284.15,Wallet,Delivered,Website,4.0
ORD101233,21-Aug-2025,CUST1315,Riya Verma,Male,45,Nagpur,West,P013,Non-Stick Cookware Set,Home & Kitchen,Cookware,1,"?4,299.00",0%,"?4,299.00","?2,700.00","?1,599.00",UPI,Delivered,Website,4.0
ORD100683,21-Aug-2025,CUST1569,Diya Mishra,Male,40,Lucknow,North,P012,Air Fryer,Home & Kitchen,Kitchen,3,"?5,999.00",30%,"?12,597.90","?11,700.00",?897.90,UPI,Returned,Website,5.0
ORD103853,21-Aug-2025,CUST0650,Arjun Rao,Female,29,Ranchi,East,P029,Programming Book,Books,Technology,2,"?1,299.00",10%,"?2,338.20","?1,220.00","?1,118.20",Wallet,Delivered,Mobile App,4.0
ORD102668,21-Aug-2025,CUST2025,Zoya Singh,Female,40,Mumbai,West,P001,Wireless Headphones,Electronics,Audio,1,"?2,499.00",15%,"?2,124.15","?1,550.00",?574.15,Credit Card,Returned,Mobile App,4.0
ORD100139,22-Aug-2025,CUST1370,Rohan Rao,Male,22,Dehradun,North,P015,Bedsheet Set,Home & Kitchen,Home Decor,1,"?1,599.00",5%,"?1,519.05",?850.00,?669.05,Credit Card,Delivered,Website,4.0
ORD103364,22-Aug-2025,CUST1882,Rohan Rao,Female,45,Kochi,South,P007,Running Shoes,Fashion,Footwear,1,"?2,899.00",5%,"?2,754.05","?1,700.00","?1,054.05",Wallet,Delivered,Mobile App,5.0
ORD103651,22-Aug-2025,CUST0217,Meera Singh,Male,22,Chandigarh,North,P012,Air Fryer,Home & Kitchen,Kitchen,2,"?5,999.00",15%,"?10,198.30","?7,800.00","?2,398.30",Wallet,Delivered,Mobile App,5.0
ORD102508,22-Aug-2025,CUST0396,Rahul Kumar,Female,26,Nagpur,West,P014,Table Lamp,Home & Kitchen,Home Decor,3,"?1,299.00",10%,"?3,507.30","?2,070.00","?1,437.30",UPI,Delivered,Website,5.0
ORD102007,22-Aug-2025,CUST2063,Isha Mehta,Male,38,Dehradun,North,P006,Laptop Backpack,Fashion,Bags,3,"?1,799.00",10%,"?4,857.30","?2,850.00","?2,007.30",UPI,Delivered,Mobile App,5.0
ORD102888,23-Aug-2025,CUST0896,Aarav Sharma,Male,30,Delhi,North,P022,Sunscreen SPF 50,Beauty,Skincare,1,?799.00,10%,?719.10,?360.00,?359.10,Debit Card,Delivered,Website,5.0
ORD100432,23-Aug-2025,CUST0155,Vansh Chopra,Male,32,Dehradun,North,P002,Bluetooth Speaker,Electronics,Audio,3,"?1,899.00",15%,"?4,842.45","?3,360.00","?1,482.45",Credit Card,Delivered,Mobile App,4.0
ORD100972,23-Aug-2025,CUST0376,Ishaan Malhotra,Female,35,Chennai,South,P011,Coffee Maker,Home & Kitchen,Kitchen,1,"?3,499.00",15%,"?2,974.15","?2,250.00",?724.15,Net Banking,Delivered,Mobile App,2.0
ORD103570,23-Aug-2025,CUST0234,Arjun Rao,Male,41,Kolkata,East,P001,Wireless Headphones,Electronics,Audio,4,"?2,499.00",30%,"?6,997.20","?6,200.00",?797.20,Debit Card,Delivered,Mobile App,3.0
ORD102445,23-Aug-2025,CUST0336,Mohit Sharma,Male,37,Kochi,South,P029,Programming Book,Books,Technology,1,"?1,299.00",15%,"?1,104.15",?610.00,?494.15,UPI,Delivered,Mobile App,4.0
ORD101958,23-Aug-2025,CUST1978,Rohan Rao,Male,30,Chennai,South,P011,Coffee Maker,Home & Kitchen,Kitchen,1,"?3,499.00",0%,"?3,499.00","?2,250.00","?1,249.00",Cash on Delivery,Cancelled,Mobile App,
ORD102770,23-Aug-2025,CUST1287,Nisha Saxena,Female,27,Lucknow,North,P019,Badminton Racket,Sports & Fitness,Sports,1,"?1,499.00",20%,"?1,199.20",?800.00,?399.20,Debit Card,Delivered,Mobile App,4.0
ORD103457,23-Aug-2025,CUST0761,Meera Singh,Male,30,Delhi,North,P018,Cricket Bat,Sports & Fitness,Sports,1,"?2,199.00",15%,"?1,869.15","?1,250.00",?619.15,UPI,Delivered,Mobile App,5.0
ORD102726,23-Aug-2025,CUST0580,Varun Jain,Male,31,Bhubaneswar,East,P025,Moisturizer,Beauty,Skincare,3,?699.00,10%,"?1,887.30",?930.00,?957.30,Credit Card,Delivered,Website,5.0
ORD103360,23-Aug-2025,CUST0239,Isha Mehta,Male,24,Guwahati,East,P018,Cricket Bat,Sports & Fitness,Sports,1,"?2,199.00",10%,"?1,979.10","?1,250.00",?729.10,Net Banking,Delivered,Website,4.0
ORD100574,24-Aug-2025,CUST1465,Meera Singh,Female,27,Amritsar,North,P018,Cricket Bat,Sports & Fitness,Sports,1,"?2,199.00",10%,"?1,979.10","?1,250.00",?729.10,UPI,Delivered,Website,5.0
ORD103674,24-Aug-2025,CUST1113,Meera Singh,Male,37,Mysuru,South,P030,Self Help Book,Books,Self Development,4,?599.00,0%,"?2,396.00","?1,040.00","?1,356.00",UPI,Delivered,Mobile App,5.0
ORD104921,24-Aug-2025,CUST0805,Akash Bansal,Female,45,Surat,West,P005,Power Bank 20000mAh,Electronics,Accessories,2,"?1,599.00",5%,"?3,038.10","?1,840.00","?1,198.10",UPI,Delivered,Mobile App,2.0
ORD101955,24-Aug-2025,CUST1485,Tanvi Patel,Male,18,Bengaluru,South,P026,Novel Collection,Books,Fiction,1,?899.00,15%,?764.15,?420.00,?344.15,UPI,Cancelled,Website,
ORD100751,24-Aug-2025,CUST1285,Akash Bansal,Male,28,Ranchi,East,P001,Wireless Headphones,Electronics,Audio,4,"?2,499.00",0%,"?9,996.00","?6,200.00","?3,796.00",Debit Card,Delivered,Website,5.0
ORD104675,24-Aug-2025,CUST1896,Sanya Malhotra,Male,18,Mysuru,South,P016,Yoga Mat,Sports & Fitness,Fitness,2,?999.00,10%,"?1,798.20","?1,040.00",?758.20,UPI,Delivered,Mobile App,5.0
ORD101322,24-Aug-2025,CUST1664,Aarav Sharma,Female,30,Amritsar,North,P005,Power Bank 20000mAh,Electronics,Accessories,1,"?1,599.00",10%,"?1,439.10",?920.00,?519.10,UPI,Cancelled,Website,
ORD102743,24-Aug-2025,CUST0043,Kiara Chopra,Female,31,Chennai,South,P020,Resistance Bands,Sports & Fitness,Fitness,4,?699.00,15%,"?2,376.60","?1,280.00","?1,096.60",Debit Card,Returned,Mobile App,4.0
ORD104108,25-Aug-2025,CUST0610,Manish Agarwal,Female,34,Bokaro,East,P027,Business Strategy Book,Books,Business,4,?699.00,10%,"?2,516.40","?1,200.00","?1,316.40",Credit Card,Delivered,Mobile App,3.0
ORD104874,25-Aug-2025,CUST0197,Akash Bansal,Male,41,Coimbatore,South,P020,Resistance Bands,Sports & Fitness,Fitness,1,?699.00,5%,?664.05,?320.00,?344.05,UPI,Returned,Website,4.0
ORD103766,25-Aug-2025,CUST1363,Anjali Verma,Female,40,Ranchi,East,P005,Power Bank 20000mAh,Electronics,Accessories,1,"?1,599.00",10%,"?1,439.10",?920.00,?519.10,Net Banking,Delivered,Mobile App,4.0
ORD104043,25-Aug-2025,CUST0934,Kabir Gupta,Male,24,Amritsar,North,P022,Sunscreen SPF 50,Beauty,Skincare,1,?799.00,15%,?679.15,?360.00,?319.15,Cash on Delivery,Delivered,Mobile App,5.0
ORD101429,25-Aug-2025,CUST0138,Arjun Rao,Female,40,Lucknow,North,P005,Power Bank 20000mAh,Electronics,Accessories,3,"?1,599.00",10%,"?4,317.30","?2,760.00","?1,557.30",Debit Card,Delivered,Website,4.0
ORD103227,25-Aug-2025,CUST1919,Shivam Mehta,Male,30,Lucknow,North,P011,Coffee Maker,Home & Kitchen,Kitchen,1,"?3,499.00",20%,"?2,799.20","?2,250.00",?549.20,Credit Card,Delivered,Mobile App,5.0
ORD103956,25-Aug-2025,CUST0567,Aditi Saxena,Female,41,Chennai,South,P015,Bedsheet Set,Home & Kitchen,Home Decor,2,"?1,599.00",10%,"?2,878.20","?1,700.00","?1,178.20",UPI,Returned,Mobile App,4.0
ORD103960,25-Aug-2025,CUST1988,Varun Jain,Female,35,Nagpur,West,P029,Programming Book,Books,Technology,4,"?1,299.00",15%,"?4,416.60","?2,440.00","?1,976.60",Debit Card,Delivered,Mobile App,5.0
ORD101710,25-Aug-2025,CUST2165,Pranav Bansal,Female,36,Ahmedabad,West,P010,Casual Hoodie,Fashion,Clothing,3,"?1,499.00",15%,"?3,822.45","?2,340.00","?1,482.45",UPI,Delivered,Mobile App,5.0
ORD100326,25-Aug-2025,CUST1628,Ananya Kumar,Male,34,Chandigarh,North,P010,Casual Hoodie,Fashion,Clothing,1,"?1,499.00",15%,"?1,274.15",?780.00,?494.15,Net Banking,Delivered,Website,2.0
ORD103833,25-Aug-2025,CUST0269,Tanvi Patel,Female,29,Coimbatore,South,P025,Moisturizer,Beauty,Skincare,1,?699.00,15%,?594.15,?310.00,?284.15,Net Banking,Returned,Mobile App,4.0
ORD104261,25-Aug-2025,CUST1373,Kavya Patel,Female,32,Kolkata,East,P028,Data Analytics Book,Books,Technology,1,"?1,099.00",10%,?989.10,?520.00,?469.10,Wallet,Delivered,Mobile App,4.0
ORD100967,25-Aug-2025,CUST1671,Nisha Saxena,Male,38,Chandigarh,North,P027,Business Strategy Book,Books,Business,5,?699.00,0%,"?3,495.00","?1,500.00","?1,995.00",Net Banking,Delivered,Mobile App,4.0
ORD103498,25-Aug-2025,CUST0601,Meera Singh,Male,28,Surat,West,P011,Coffee Maker,Home & Kitchen,Kitchen,2,"?3,499.00",10%,"?6,298.20","?4,500.00","?1,798.20",Cash on Delivery,Cancelled,Website,
ORD103708,26-Aug-2025,CUST0112,Mohit Sharma,Female,25,Chennai,South,P008,Cotton T-Shirt,Fashion,Clothing,2,?799.00,20%,"?1,278.40",?780.00,?498.40,Credit Card,Delivered,Mobile App,5.0
ORD102193,26-Aug-2025,CUST1232,Mohit Sharma,Female,46,Chandigarh,North,P008,Cotton T-Shirt,Fashion,Clothing,2,?799.00,15%,"?1,358.30",?780.00,?578.30,UPI,Delivered,Mobile App,5.0
ORD101771,26-Aug-2025,CUST0640,Aarav Sharma,Male,30,Jaipur,North,P006,Laptop Backpack,Fashion,Bags,1,"?1,799.00",15%,"?1,529.15",?950.00,?579.15,UPI,Delivered,Mobile App,5.0
ORD103812,26-Aug-2025,CUST0063,Shivam Mehta,Male,30,Surat,West,P024,Perfume,Beauty,Fragrance,1,"?1,799.00",20%,"?1,439.20",?900.00,?539.20,Credit Card,Delivered,Mobile App,4.0
ORD101954,26-Aug-2025,CUST2044,Ananya Kumar,Female,31,Bokaro,East,P020,Resistance Bands,Sports & Fitness,Fitness,1,?699.00,5%,?664.05,?320.00,?344.05,Net Banking,Delivered,Website,5.0
ORD101116,27-Aug-2025,CUST0624,Mohit Sharma,Male,29,Pune,West,P019,Badminton Racket,Sports & Fitness,Sports,1,"?1,499.00",10%,"?1,349.10",?800.00,?549.10,Credit Card,Delivered,Mobile App,5.0
ORD103389,27-Aug-2025,CUST0286,Pooja Kapoor,Female,25,Amritsar,North,P023,Shampoo,Beauty,Haircare,1,?649.00,5%,?616.55,?290.00,?326.55,Cash on Delivery,Delivered,Mobile App,5.0
ORD103641,27-Aug-2025,CUST0262,Kabir Gupta,Female,35,Chennai,South,P004,USB-C Charger,Electronics,Accessories,3,?899.00,10%,"?2,427.30","?1,440.00",?987.30,Credit Card,Delivered,Mobile App,5.0
ORD100537,27-Aug-2025,CUST0723,Anjali Verma,Male,38,Delhi,North,P019,Badminton Racket,Sports & Fitness,Sports,3,"?1,499.00",15%,"?3,822.45","?2,400.00","?1,422.45",UPI,Returned,Mobile App,1.0
ORD100639,27-Aug-2025,CUST1610,Arjun Rao,Male,32,Amritsar,North,P011,Coffee Maker,Home & Kitchen,Kitchen,3,"?3,499.00",0%,"?10,497.00","?6,750.00","?3,747.00",Cash on Delivery,Delivered,Website,4.0
ORD101747,27-Aug-2025,CUST0547,Riya Verma,Female,30,Lucknow,North,P013,Non-Stick Cookware Set,Home & Kitchen,Cookware,2,"?4,299.00",10%,"?7,738.20","?5,400.00","?2,338.20",Debit Card,Delivered,Mobile App,5.0
ORD100921,27-Aug-2025,CUST0654,Aditya Kapoor,Female,18,Bokaro,East,P021,Face Wash,Beauty,Skincare,2,?499.00,10%,?898.20,?440.00,?458.20,Wallet,Delivered,Website,4.0
ORD104191,27-Aug-2025,CUST1674,Arjun Rao,Female,27,Coimbatore,South,P006,Laptop Backpack,Fashion,Bags,1,"?1,799.00",10%,"?1,619.10",?950.00,?669.10,UPI,Delivered,Mobile App,5.0
ORD103513,27-Aug-2025,CUST1059,Riya Verma,Male,43,Bokaro,East,P009,Denim Jeans,Fashion,Clothing,3,"?1,999.00",10%,"?5,397.30","?3,150.00","?2,247.30",Credit Card,Delivered,Mobile App,4.0
ORD104141,27-Aug-2025,CUST1939,Anjali Verma,Female,38,Bokaro,East,P005,Power Bank 20000mAh,Electronics,Accessories,3,"?1,599.00",10%,"?4,317.30","?2,760.00","?1,557.30",Credit Card,Delivered,Mobile App,5.0
ORD103349,27-Aug-2025,CUST1487,Isha Mehta,Female,18,Ranchi,East,P018,Cricket Bat,Sports & Fitness,Sports,3,"?2,199.00",10%,"?5,937.30","?3,750.00","?2,187.30",Debit Card,Delivered,Mobile App,4.0
ORD103993,27-Aug-2025,CUST2098,Yash Agarwal,Male,37,Nagpur,West,P029,Programming Book,Books,Technology,2,"?1,299.00",20%,"?2,078.40","?1,220.00",?858.40,Debit Card,Delivered,Website,5.0
ORD102408,28-Aug-2025,CUST1357,Tanvi Patel,Female,37,Guwahati,East,P021,Face Wash,Beauty,Skincare,1,?499.00,10%,?449.10,?220.00,?229.10,UPI,Delivered,Mobile App,3.0
ORD103106,28-Aug-2025,CUST1572,Varun Jain,Female,33,Ahmedabad,West,P022,Sunscreen SPF 50,Beauty,Skincare,3,?799.00,0%,"?2,397.00","?1,080.00","?1,317.00",Debit Card,Delivered,Mobile App,4.0
ORD100109,29-Aug-2025,CUST1711,Isha Mehta,Female,28,Ranchi,East,P003,Smart Watch,Electronics,Wearables,4,"?3,299.00",5%,"?12,536.20","?8,400.00","?4,136.20",Credit Card,Delivered,Website,5.0
ORD102703,29-Aug-2025,CUST0610,Manish Agarwal,Female,32,Amritsar,North,P001,Wireless Headphones,Electronics,Audio,1,"?2,499.00",10%,"?2,249.10","?1,550.00",?699.10,Net Banking,Delivered,Mobile App,4.0
ORD104133,29-Aug-2025,CUST0785,Sakshi Mishra,Female,36,Delhi,North,P021,Face Wash,Beauty,Skincare,1,?499.00,10%,?449.10,?220.00,?229.10,UPI,Delivered,Website,5.0
ORD104725,29-Aug-2025,CUST0690,Yash Agarwal,Male,41,Surat,West,P029,Programming Book,Books,Technology,2,"?1,299.00",25%,"?1,948.50","?1,220.00",?728.50,UPI,Delivered,Mobile App,4.0
ORD101619,29-Aug-2025,CUST0897,Diya Mishra,Male,19,Bengaluru,South,P002,Bluetooth Speaker,Electronics,Audio,1,"?1,899.00",10%,"?1,709.10","?1,120.00",?589.10,Net Banking,Cancelled,Mobile App,
ORD100043,30-Aug-2025,CUST0324,Varun Jain,Male,28,Ahmedabad,West,P020,Resistance Bands,Sports & Fitness,Fitness,1,?699.00,20%,?559.20,?320.00,?239.20,Net Banking,Delivered,Mobile App,5.0
ORD101351,30-Aug-2025,CUST1765,Akash Bansal,Male,22,Ahmedabad,West,P012,Air Fryer,Home & Kitchen,Kitchen,1,"?5,999.00",0%,"?5,999.00","?3,900.00","?2,099.00",UPI,Delivered,Mobile App,5.0
ORD100529,30-Aug-2025,CUST0561,Sakshi Mishra,Female,33,Patna,East,P030,Self Help Book,Books,Self Development,1,?599.00,10%,?539.10,?260.00,?279.10,Credit Card,Delivered,Mobile App,1.0
ORD101648,30-Aug-2025,CUST0906,Arjun Rao,Female,19,Ahmedabad,West,P009,Denim Jeans,Fashion,Clothing,1,"?1,999.00",15%,"?1,699.15","?1,050.00",?649.15,Credit Card,Delivered,Mobile App,5.0
ORD103948,30-Aug-2025,CUST1668,Varun Jain,Male,43,Nagpur,West,P006,Laptop Backpack,Fashion,Bags,3,"?1,799.00",15%,"?4,587.45","?2,850.00","?1,737.45",UPI,Delivered,Mobile App,5.0
ORD102866,30-Aug-2025,CUST2023,Nisha Saxena,Male,34,Mumbai,West,P009,Denim Jeans,Fashion,Clothing,1,"?1,999.00",30%,"?1,399.30","?1,050.00",?349.30,Debit Card,Delivered,Mobile App,5.0
ORD103311,30-Aug-2025,CUST0006,Kabir Gupta,Female,27,Jaipur,North,P007,Running Shoes,Fashion,Footwear,3,"?2,899.00",10%,"?7,827.30","?5,100.00","?2,727.30",UPI,Delivered,Mobile App,1.0
ORD101869,30-Aug-2025,CUST0644,Varun Jain,Male,37,Delhi,North,P025,Moisturizer,Beauty,Skincare,1,?699.00,0%,?699.00,?310.00,?389.00,Debit Card,Delivered,Mobile App,5.0
ORD101252,30-Aug-2025,CUST0864,Aarav Sharma,Male,25,Jaipur,North,P007,Running Shoes,Fashion,Footwear,1,"?2,899.00",5%,"?2,754.05","?1,700.00","?1,054.05",Debit Card,Delivered,Mobile App,5.0
ORD101840,30-Aug-2025,CUST0355,Riya Verma,Female,37,Jaipur,North,P008,Cotton T-Shirt,Fashion,Clothing,5,?799.00,25%,"?2,996.25","?1,950.00","?1,046.25",Cash on Delivery,Delivered,Website,4.0
ORD101496,30-Aug-2025,CUST2033,Sakshi Mishra,Female,21,Chennai,South,P012,Air Fryer,Home & Kitchen,Kitchen,2,"?5,999.00",15%,"?10,198.30","?7,800.00","?2,398.30",UPI,Returned,Mobile App,5.0
ORD100119,31-Aug-2025,CUST1981,Kavya Patel,Male,33,Dehradun,North,P021,Face Wash,Beauty,Skincare,2,?499.00,5%,?948.10,?440.00,?508.10,UPI,Delivered,Website,2.0
ORD104365,31-Aug-2025,CUST0100,Varun Jain,Female,32,Dehradun,North,P018,Cricket Bat,Sports & Fitness,Sports,4,"?2,199.00",20%,"?7,036.80","?5,000.00","?2,036.80",UPI,Returned,Mobile App,5.0
ORD101145,31-Aug-2025,CUST1051,Vansh Chopra,Female,52,Nashik,West,P020,Resistance Bands,Sports & Fitness,Fitness,3,?699.00,0%,"?2,097.00",?960.00,"?1,137.00",Net Banking,Delivered,Website,5.0
ORD101394,31-Aug-2025,CUST1999,Isha Mehta,Male,27,Bokaro,East,P017,Dumbbell Set,Sports & Fitness,Fitness,1,"?2,499.00",15%,"?2,124.15","?1,450.00",?674.15,Debit Card,Delivered,Mobile App,4.0
ORD100708,31-Aug-2025,CUST2091,Kiara Chopra,Male,37,Kochi,South,P018,Cricket Bat,Sports & Fitness,Sports,2,"?2,199.00",15%,"?3,738.30","?2,500.00","?1,238.30",Debit Card,Delivered,Website,3.0
ORD102158,31-Aug-2025,CUST1847,Aditi Saxena,Female,18,Jaipur,North,P022,Sunscreen SPF 50,Beauty,Skincare,2,?799.00,15%,"?1,358.30",?720.00,?638.30,UPI,Delivered,Website,4.0
ORD101017,01-Sep-2025,CUST1702,Kabir Gupta,Female,34,Mumbai,West,P016,Yoga Mat,Sports & Fitness,Fitness,2,?999.00,0%,"?1,998.00","?1,040.00",?958.00,UPI,Delivered,Website,5.0
ORD101744,01-Sep-2025,CUST1409,Diya Mishra,Male,30,Jaipur,North,P006,Laptop Backpack,Fashion,Bags,1,"?1,799.00",15%,"?1,529.15",?950.00,?579.15,UPI,Delivered,Mobile App,4.0
ORD100033,01-Sep-2025,CUST0019,Anjali Verma,Female,44,Hyderabad,South,P002,Bluetooth Speaker,Electronics,Audio,1,"?1,899.00",20%,"?1,519.20","?1,120.00",?399.20,Net Banking,Delivered,Mobile App,2.0
ORD104443,01-Sep-2025,CUST1569,Diya Mishra,Female,41,Chennai,South,P001,Wireless Headphones,Electronics,Audio,2,"?2,499.00",10%,"?4,498.20","?3,100.00","?1,398.20",UPI,Delivered,Mobile App,4.0
ORD103870,01-Sep-2025,CUST0897,Diya Mishra,Female,45,Mumbai,West,P012,Air Fryer,Home & Kitchen,Kitchen,3,"?5,999.00",5%,"?17,097.15","?11,700.00","?5,397.15",Net Banking,Delivered,Website,4.0
ORD100855,01-Sep-2025,CUST1405,Kavya Patel,Male,31,Bengaluru,South,P002,Bluetooth Speaker,Electronics,Audio,1,"?1,899.00",20%,"?1,519.20","?1,120.00",?399.20,Cash on Delivery,Delivered,Mobile App,4.0
ORD104224,02-Sep-2025,CUST2055,Nisha Saxena,Male,39,Bhubaneswar,East,P022,Sunscreen SPF 50,Beauty,Skincare,3,?799.00,5%,"?2,277.15","?1,080.00","?1,197.15",Wallet,Delivered,Mobile App,4.0
ORD103077,02-Sep-2025,CUST1678,Aditya Kapoor,Female,42,Kochi,South,P015,Bedsheet Set,Home & Kitchen,Home Decor,1,"?1,599.00",5%,"?1,519.05",?850.00,?669.05,Cash on Delivery,Delivered,Mobile App,3.0
ORD104328,02-Sep-2025,CUST1064,Sanya Malhotra,Male,33,Surat,West,P029,Programming Book,Books,Technology,1,"?1,299.00",20%,"?1,039.20",?610.00,?429.20,Debit Card,Delivered,Website,3.0
ORD101113,02-Sep-2025,CUST0621,Tanvi Patel,Female,26,Bokaro,East,P003,Smart Watch,Electronics,Wearables,4,"?3,299.00",15%,"?11,216.60","?8,400.00","?2,816.60",UPI,Cancelled,Website,
ORD103999,02-Sep-2025,CUST0713,Zoya Singh,Male,22,Pune,West,P008,Cotton T-Shirt,Fashion,Clothing,3,?799.00,15%,"?2,037.45","?1,170.00",?867.45,Net Banking,Delivered,Mobile App,5.0
ORD102511,02-Sep-2025,CUST1546,Arjun Rao,Male,27,Jaipur,North,P026,Novel Collection,Books,Fiction,4,?899.00,15%,"?3,056.60","?1,680.00","?1,376.60",UPI,Delivered,Mobile App,5.0
ORD102911,02-Sep-2025,CUST0437,Pranav Bansal,Female,37,Nagpur,West,P013,Non-Stick Cookware Set,Home & Kitchen,Cookware,2,"?4,299.00",5%,"?8,168.10","?5,400.00","?2,768.10",UPI,Delivered,Mobile App,4.0
ORD103392,02-Sep-2025,CUST0430,Aditya Kapoor,Female,28,Bokaro,East,P009,Denim Jeans,Fashion,Clothing,2,"?1,999.00",0%,"?3,998.00","?2,100.00","?1,898.00",Debit Card,Delivered,Mobile App,5.0
ORD104700,02-Sep-2025,CUST1081,Meera Singh,Female,30,Lucknow,North,P030,Self Help Book,Books,Self Development,2,?599.00,5%,"?1,138.10",?520.00,?618.10,Wallet,Delivered,Mobile App,3.0
ORD100278,03-Sep-2025,CUST0816,Mohit Sharma,Male,38,Patna,East,P027,Business Strategy Book,Books,Business,5,?699.00,0%,"?3,495.00","?1,500.00","?1,995.00",Credit Card,Returned,Mobile App,4.0
ORD102568,03-Sep-2025,CUST1083,Vansh Chopra,Female,39,Lucknow,North,P030,Self Help Book,Books,Self Development,2,?599.00,30%,?838.60,?520.00,?318.60,UPI,Delivered,Mobile App,5.0
ORD103928,03-Sep-2025,CUST0393,Zoya Singh,Male,27,Bengaluru,South,P017,Dumbbell Set,Sports & Fitness,Fitness,2,"?2,499.00",15%,"?4,248.30","?2,900.00","?1,348.30",UPI,Delivered,Website,5.0
ORD104517,03-Sep-2025,CUST2029,Tanvi Patel,Male,37,Bengaluru,South,P007,Running Shoes,Fashion,Footwear,1,"?2,899.00",10%,"?2,609.10","?1,700.00",?909.10,Credit Card,Delivered,Mobile App,3.0
ORD101834,03-Sep-2025,CUST0887,Aditi Saxena,Female,22,Ahmedabad,West,P028,Data Analytics Book,Books,Technology,3,"?1,099.00",10%,"?2,967.30","?1,560.00","?1,407.30",UPI,Delivered,Website,5.0
ORD104260,03-Sep-2025,CUST0885,Pranav Bansal,Female,24,Delhi,North,P006,Laptop Backpack,Fashion,Bags,1,"?1,799.00",15%,"?1,529.15",?950.00,?579.15,Cash on Delivery,Delivered,Website,5.0
ORD101427,03-Sep-2025,CUST2129,Sakshi Mishra,Male,29,Mumbai,West,P009,Denim Jeans,Fashion,Clothing,3,"?1,999.00",15%,"?5,097.45","?3,150.00","?1,947.45",Debit Card,Delivered,Website,5.0
ORD104442,03-Sep-2025,CUST2077,Kavya Patel,Male,36,Guwahati,East,P001,Wireless Headphones,Electronics,Audio,5,"?2,499.00",10%,"?11,245.50","?7,750.00","?3,495.50",UPI,Delivered,Website,5.0
ORD103368,04-Sep-2025,CUST1594,Rohan Rao,Female,37,Bhubaneswar,East,P010,Casual Hoodie,Fashion,Clothing,1,"?1,499.00",15%,"?1,274.15",?780.00,?494.15,Wallet,Delivered,Mobile App,5.0
ORD103354,04-Sep-2025,CUST1207,Aditi Saxena,Female,45,Bhubaneswar,East,P029,Programming Book,Books,Technology,1,"?1,299.00",15%,"?1,104.15",?610.00,?494.15,UPI,Delivered,Mobile App,4.0
ORD103769,04-Sep-2025,CUST1306,Rohan Rao,Female,18,Ranchi,East,P001,Wireless Headphones,Electronics,Audio,1,"?2,499.00",0%,"?2,499.00","?1,550.00",?949.00,Wallet,Delivered,Website,4.0
ORD104343,04-Sep-2025,CUST2037,Pranav Bansal,Male,31,Jaipur,North,P018,Cricket Bat,Sports & Fitness,Sports,1,"?2,199.00",15%,"?1,869.15","?1,250.00",?619.15,Credit Card,Delivered,Website,5.0
ORD100330,04-Sep-2025,CUST1388,Rahul Kumar,Male,35,Ahmedabad,West,P007,Running Shoes,Fashion,Footwear,2,"?2,899.00",10%,"?5,218.20","?3,400.00","?1,818.20",UPI,Delivered,Website,4.0
ORD100161,04-Sep-2025,CUST0365,Tanvi Patel,Female,39,Dehradun,North,P030,Self Help Book,Books,Self Development,1,?599.00,10%,?539.10,?260.00,?279.10,Credit Card,Delivered,Website,4.0
ORD102913,04-Sep-2025,CUST1774,Aditya Kapoor,Female,22,Coimbatore,South,P003,Smart Watch,Electronics,Wearables,3,"?3,299.00",10%,"?8,907.30","?6,300.00","?2,607.30",Credit Card,Delivered,Mobile App,2.0
ORD103880,04-Sep-2025,CUST0586,Arjun Rao,Female,25,Guwahati,East,P017,Dumbbell Set,Sports & Fitness,Fitness,4,"?2,499.00",0%,"?9,996.00","?5,800.00","?4,196.00",UPI,Delivered,Mobile App,4.0
ORD104771,04-Sep-2025,CUST0765,Kavya Patel,Male,31,Pune,West,P002,Bluetooth Speaker,Electronics,Audio,1,"?1,899.00",20%,"?1,519.20","?1,120.00",?399.20,UPI,Delivered,Website,5.0
ORD102221,04-Sep-2025,CUST0768,Aarav Sharma,Female,32,Hyderabad,South,P009,Denim Jeans,Fashion,Clothing,2,"?1,999.00",5%,"?3,798.10","?2,100.00","?1,698.10",Credit Card,Delivered,Mobile App,5.0
ORD103715,04-Sep-2025,CUST1426,Yash Agarwal,Female,21,Surat,West,P019,Badminton Racket,Sports & Fitness,Sports,1,"?1,499.00",10%,"?1,349.10",?800.00,?549.10,Wallet,Returned,Mobile App,4.0
ORD103971,04-Sep-2025,CUST0641,Diya Mishra,Female,40,Guwahati,East,P027,Business Strategy Book,Books,Business,1,?699.00,15%,?594.15,?300.00,?294.15,Cash on Delivery,Delivered,Mobile App,5.0
ORD102944,04-Sep-2025,CUST1433,Meera Singh,Female,32,Bhubaneswar,East,P024,Perfume,Beauty,Fragrance,1,"?1,799.00",0%,"?1,799.00",?900.00,?899.00,Debit Card,Delivered,Mobile App,4.0
ORD104910,04-Sep-2025,CUST1437,Kavya Patel,Male,26,Chennai,South,P006,Laptop Backpack,Fashion,Bags,2,"?1,799.00",25%,"?2,698.50","?1,900.00",?798.50,Debit Card,Returned,Mobile App,5.0
ORD103006,05-Sep-2025,CUST1733,Akash Bansal,Female,27,Hyderabad,South,P017,Dumbbell Set,Sports & Fitness,Fitness,1,"?2,499.00",0%,"?2,499.00","?1,450.00","?1,049.00",UPI,Delivered,Website,5.0
ORD102870,05-Sep-2025,CUST1434,Rohan Rao,Male,39,Nagpur,West,P024,Perfume,Beauty,Fragrance,3,"?1,799.00",10%,"?4,857.30","?2,700.00","?2,157.30",Cash on Delivery,Delivered,Mobile App,5.0
ORD103214,05-Sep-2025,CUST1772,Rahul Kumar,Male,25,Surat,West,P023,Shampoo,Beauty,Haircare,1,?649.00,10%,?584.10,?290.00,?294.10,UPI,Delivered,Mobile App,4.0
ORD104109,05-Sep-2025,CUST0917,Pranav Bansal,Female,45,Ranchi,East,P012,Air Fryer,Home & Kitchen,Kitchen,1,"?5,999.00",15%,"?5,099.15","?3,900.00","?1,199.15",Cash on Delivery,Delivered,Mobile App,4.0
ORD103243,05-Sep-2025,CUST0503,Aditi Saxena,Male,44,Nashik,West,P026,Novel Collection,Books,Fiction,2,?899.00,10%,"?1,618.20",?840.00,?778.20,UPI,Delivered,Website,5.0
ORD105000,05-Sep-2025,CUST2123,Kiara Chopra,Male,30,Chandigarh,North,P026,Novel Collection,Books,Fiction,1,?899.00,25%,?674.25,?420.00,?254.25,Credit Card,Delivered,Mobile App,3.0
ORD101715,05-Sep-2025,CUST1542,Kabir Gupta,Female,39,Dehradun,North,P001,Wireless Headphones,Electronics,Audio,1,"?2,499.00",25%,"?1,874.25","?1,550.00",?324.25,Net Banking,Delivered,Mobile App,4.0
ORD102261,05-Sep-2025,CUST2101,Pranav Bansal,Male,35,Delhi,North,P008,Cotton T-Shirt,Fashion,Clothing,1,?799.00,20%,?639.20,?390.00,?249.20,Cash on Delivery,Delivered,Mobile App,3.0
ORD100590,06-Sep-2025,CUST0111,Isha Mehta,Female,40,Ahmedabad,West,P019,Badminton Racket,Sports & Fitness,Sports,4,"?1,499.00",5%,"?5,696.20","?3,200.00","?2,496.20",UPI,Delivered,Mobile App,5.0
ORD100635,06-Sep-2025,CUST1603,Riya Verma,Female,34,Bhubaneswar,East,P007,Running Shoes,Fashion,Footwear,1,"?2,899.00",10%,"?2,609.10","?1,700.00",?909.10,Net Banking,Delivered,Mobile App,5.0
ORD104627,06-Sep-2025,CUST0955,Vansh Chopra,Male,30,Chennai,South,P024,Perfume,Beauty,Fragrance,2,"?1,799.00",20%,"?2,878.40","?1,800.00","?1,078.40",UPI,Delivered,Mobile App,4.0
ORD104011,06-Sep-2025,CUST0665,Meera Singh,Female,30,Lucknow,North,P018,Cricket Bat,Sports & Fitness,Sports,2,"?2,199.00",15%,"?3,738.30","?2,500.00","?1,238.30",UPI,Delivered,Website,4.0
ORD104717,06-Sep-2025,CUST0741,Akash Bansal,Female,35,Mumbai,West,P021,Face Wash,Beauty,Skincare,1,?499.00,0%,?499.00,?220.00,?279.00,Debit Card,Delivered,Mobile App,5.0
ORD102108,07-Sep-2025,CUST1604,Varun Jain,Male,24,Bhubaneswar,East,P012,Air Fryer,Home & Kitchen,Kitchen,1,"?5,999.00",25%,"?4,499.25","?3,900.00",?599.25,Cash on Delivery,Delivered,Website,2.0
ORD103469,07-Sep-2025,CUST2170,Rohan Rao,Female,31,Kochi,South,P003,Smart Watch,Electronics,Wearables,1,"?3,299.00",10%,"?2,969.10","?2,100.00",?869.10,Debit Card,Delivered,Website,5.0
ORD101067,07-Sep-2025,CUST1165,Tanvi Patel,Male,47,Chandigarh,North,P007,Running Shoes,Fashion,Footwear,1,"?2,899.00",30%,"?2,029.30","?1,700.00",?329.30,UPI,Delivered,Website,5.0
ORD103937,07-Sep-2025,CUST0862,Pooja Kapoor,Female,33,Ahmedabad,West,P024,Perfume,Beauty,Fragrance,3,"?1,799.00",20%,"?4,317.60","?2,700.00","?1,617.60",UPI,Delivered,Mobile App,2.0
ORD100568,07-Sep-2025,CUST2075,Vansh Chopra,Female,30,Mysuru,South,P023,Shampoo,Beauty,Haircare,1,?649.00,20%,?519.20,?290.00,?229.20,Credit Card,Delivered,Mobile App,4.0
ORD101419,07-Sep-2025,CUST0950,Simran Gupta,Male,41,Nagpur,West,P023,Shampoo,Beauty,Haircare,1,?649.00,20%,?519.20,?290.00,?229.20,Wallet,Delivered,Website,4.0
ORD103900,07-Sep-2025,CUST1961,Zoya Singh,Male,44,Chandigarh,North,P027,Business Strategy Book,Books,Business,1,?699.00,15%,?594.15,?300.00,?294.15,Credit Card,Delivered,Mobile App,4.0
ORD102411,07-Sep-2025,CUST0565,Pranav Bansal,Male,28,Kochi,South,P016,Yoga Mat,Sports & Fitness,Fitness,2,?999.00,10%,"?1,798.20","?1,040.00",?758.20,Credit Card,Delivered,Website,5.0
ORD103409,08-Sep-2025,CUST0923,Vansh Chopra,Female,62,Kochi,South,P016,Yoga Mat,Sports & Fitness,Fitness,3,?999.00,20%,"?2,397.60","?1,560.00",?837.60,UPI,Returned,Mobile App,5.0
ORD101376,08-Sep-2025,CUST1686,Simran Gupta,Male,37,Delhi,North,P013,Non-Stick Cookware Set,Home & Kitchen,Cookware,1,"?4,299.00",5%,"?4,084.05","?2,700.00","?1,384.05",UPI,Delivered,Mobile App,5.0
ORD102283,08-Sep-2025,CUST1993,Zoya Singh,Female,36,Delhi,North,P029,Programming Book,Books,Technology,1,"?1,299.00",25%,?974.25,?610.00,?364.25,Credit Card,Delivered,Website,5.0
ORD101105,08-Sep-2025,CUST1948,Ananya Kumar,Female,45,Mumbai,West,P001,Wireless Headphones,Electronics,Audio,3,"?2,499.00",20%,"?5,997.60","?4,650.00","?1,347.60",Net Banking,Delivered,Mobile App,2.0
ORD104561,08-Sep-2025,CUST0490,Arjun Rao,Male,25,Kolkata,East,P019,Badminton Racket,Sports & Fitness,Sports,2,"?1,499.00",15%,"?2,548.30","?1,600.00",?948.30,Debit Card,Delivered,Website,4.0
ORD104098,08-Sep-2025,CUST0376,Ishaan Malhotra,Male,33,Bengaluru,South,P016,Yoga Mat,Sports & Fitness,Fitness,3,?999.00,15%,"?2,547.45","?1,560.00",?987.45,UPI,Delivered,Mobile App,4.0
ORD104335,08-Sep-2025,CUST2003,Anjali Verma,Male,27,Ranchi,East,P026,Novel Collection,Books,Fiction,1,?899.00,20%,?719.20,?420.00,?299.20,Credit Card,Delivered,Mobile App,5.0
ORD101187,08-Sep-2025,CUST0136,Sanya Malhotra,Male,23,Dehradun,North,P019,Badminton Racket,Sports & Fitness,Sports,1,"?1,499.00",10%,"?1,349.10",?800.00,?549.10,Credit Card,Delivered,Mobile App,5.0
ORD101479,08-Sep-2025,CUST1174,Simran Gupta,Female,32,Chandigarh,North,P019,Badminton Racket,Sports & Fitness,Sports,2,"?1,499.00",15%,"?2,548.30","?1,600.00",?948.30,UPI,Delivered,Mobile App,5.0
ORD100530,08-Sep-2025,CUST2111,Shivam Mehta,Female,48,Surat,West,P029,Programming Book,Books,Technology,1,"?1,299.00",5%,"?1,234.05",?610.00,?624.05,Credit Card,Delivered,Mobile App,5.0
ORD101498,08-Sep-2025,CUST0030,Pooja Kapoor,Female,40,Delhi,North,P008,Cotton T-Shirt,Fashion,Clothing,1,?799.00,15%,?679.15,?390.00,?289.15,UPI,Delivered,Website,4.0
ORD104964,08-Sep-2025,CUST1656,Ishaan Malhotra,Female,28,Ahmedabad,West,P024,Perfume,Beauty,Fragrance,2,"?1,799.00",10%,"?3,238.20","?1,800.00","?1,438.20",UPI,Delivered,Website,4.0
ORD103290,09-Sep-2025,CUST2188,Rahul Kumar,Male,18,Coimbatore,South,P015,Bedsheet Set,Home & Kitchen,Home Decor,1,"?1,599.00",15%,"?1,359.15",?850.00,?509.15,UPI,Delivered,Mobile App,5.0
ORD102769,09-Sep-2025,CUST1232,Mohit Sharma,Female,39,Coimbatore,South,P025,Moisturizer,Beauty,Skincare,3,?699.00,5%,"?1,992.15",?930.00,"?1,062.15",Debit Card,Delivered,Website,4.0
ORD103884,09-Sep-2025,CUST1403,Vansh Chopra,Male,34,Lucknow,North,P004,USB-C Charger,Electronics,Accessories,2,?899.00,5%,"?1,708.10",?960.00,?748.10,UPI,Delivered,Website,5.0
ORD100459,09-Sep-2025,CUST0916,Karan Jain,Female,34,Mysuru,South,P028,Data Analytics Book,Books,Technology,1,"?1,099.00",10%,?989.10,?520.00,?469.10,Credit Card,Delivered,Mobile App,4.0
ORD100066,09-Sep-2025,CUST1597,Kavya Patel,Male,40,Delhi,North,P020,Resistance Bands,Sports & Fitness,Fitness,1,?699.00,25%,?524.25,?320.00,?204.25,Net Banking,Delivered,Website,5.0
ORD102896,09-Sep-2025,CUST1800,Sanya Malhotra,Male,38,Bengaluru,South,P004,USB-C Charger,Electronics,Accessories,1,?899.00,20%,?719.20,?480.00,?239.20,UPI,Delivered,Website,2.0
ORD100436,10-Sep-2025,CUST2116,Varun Jain,Male,30,Nashik,West,P008,Cotton T-Shirt,Fashion,Clothing,3,?799.00,10%,"?2,157.30","?1,170.00",?987.30,Net Banking,Delivered,Mobile App,1.0
ORD104898,10-Sep-2025,CUST2090,Arjun Rao,Female,37,Surat,West,P024,Perfume,Beauty,Fragrance,4,"?1,799.00",25%,"?5,397.00","?3,600.00","?1,797.00",Net Banking,Cancelled,Website,
ORD100524,10-Sep-2025,CUST0668,Ananya Kumar,Male,26,Mysuru,South,P024,Perfume,Beauty,Fragrance,1,"?1,799.00",10%,"?1,619.10",?900.00,?719.10,Cash on Delivery,Delivered,Mobile App,5.0
ORD100265,10-Sep-2025,CUST1383,Nisha Saxena,Female,59,Nashik,West,P028,Data Analytics Book,Books,Technology,2,"?1,099.00",0%,"?2,198.00","?1,040.00","?1,158.00",UPI,Delivered,Mobile App,4.0
ORD100027,10-Sep-2025,CUST0950,Simran Gupta,Male,33,Pune,West,P023,Shampoo,Beauty,Haircare,3,?649.00,15%,"?1,654.95",?870.00,?784.95,Cash on Delivery,Delivered,Website,4.0
ORD104660,10-Sep-2025,CUST1063,Nisha Saxena,Female,33,Nagpur,West,P017,Dumbbell Set,Sports & Fitness,Fitness,2,"?2,499.00",15%,"?4,248.30","?2,900.00","?1,348.30",Cash on Delivery,Delivered,Mobile App,5.0
ORD101765,10-Sep-2025,CUST0664,Ishaan Malhotra,Female,21,Amritsar,North,P006,Laptop Backpack,Fashion,Bags,1,"?1,799.00",20%,"?1,439.20",?950.00,?489.20,Credit Card,Delivered,Mobile App,4.0
ORD103557,10-Sep-2025,CUST1796,Varun Jain,Male,28,Bokaro,East,P024,Perfume,Beauty,Fragrance,2,"?1,799.00",20%,"?2,878.40","?1,800.00","?1,078.40",UPI,Delivered,Mobile App,5.0
ORD104501,10-Sep-2025,CUST0484,Varun Jain,Male,25,Ahmedabad,West,P009,Denim Jeans,Fashion,Clothing,1,"?1,999.00",0%,"?1,999.00","?1,050.00",?949.00,UPI,Returned,Mobile App,4.0
ORD101799,10-Sep-2025,CUST1472,Aarav Sharma,Female,37,Kolkata,East,P026,Novel Collection,Books,Fiction,3,?899.00,5%,"?2,562.15","?1,260.00","?1,302.15",UPI,Delivered,Mobile App,4.0
ORD100648,10-Sep-2025,CUST0401,Sakshi Mishra,Male,36,Chennai,South,P008,Cotton T-Shirt,Fashion,Clothing,1,?799.00,5%,?759.05,?390.00,?369.05,Credit Card,Delivered,Website,4.0
ORD100374,10-Sep-2025,CUST0949,Pranav Bansal,Male,33,Amritsar,North,P024,Perfume,Beauty,Fragrance,1,"?1,799.00",10%,"?1,619.10",?900.00,?719.10,Net Banking,Delivered,Mobile App,5.0
ORD104154,10-Sep-2025,CUST0268,Rahul Kumar,Male,23,Kolkata,East,P008,Cotton T-Shirt,Fashion,Clothing,2,?799.00,20%,"?1,278.40",?780.00,?498.40,Debit Card,Delivered,Mobile App,4.0
ORD103008,11-Sep-2025,CUST0916,Karan Jain,Male,29,Lucknow,North,P018,Cricket Bat,Sports & Fitness,Sports,1,"?2,199.00",30%,"?1,539.30","?1,250.00",?289.30,Debit Card,Delivered,Mobile App,5.0
ORD100210,11-Sep-2025,CUST1739,Kiara Chopra,Female,24,Bokaro,East,P009,Denim Jeans,Fashion,Clothing,1,"?1,999.00",10%,"?1,799.10","?1,050.00",?749.10,Debit Card,Delivered,Mobile App,4.0
ORD100347,11-Sep-2025,CUST0530,Yash Agarwal,Male,25,Chennai,South,P029,Programming Book,Books,Technology,1,"?1,299.00",10%,"?1,169.10",?610.00,?559.10,Net Banking,Delivered,Website,3.0
ORD100194,11-Sep-2025,CUST1758,Pooja Kapoor,Male,26,Amritsar,North,P013,Non-Stick Cookware Set,Home & Kitchen,Cookware,1,"?4,299.00",5%,"?4,084.05","?2,700.00","?1,384.05",UPI,Delivered,Mobile App,5.0
ORD102082,11-Sep-2025,CUST1440,Aarav Sharma,Male,48,Guwahati,East,P004,USB-C Charger,Electronics,Accessories,2,?899.00,5%,"?1,708.10",?960.00,?748.10,Credit Card,Delivered,Mobile App,5.0
ORD103046,11-Sep-2025,CUST1668,Varun Jain,Female,26,Dehradun,North,P003,Smart Watch,Electronics,Wearables,3,"?3,299.00",0%,"?9,897.00","?6,300.00","?3,597.00",UPI,Delivered,Website,4.0
ORD100819,11-Sep-2025,CUST1677,Tanvi Patel,Male,28,Dehradun,North,P017,Dumbbell Set,Sports & Fitness,Fitness,3,"?2,499.00",5%,"?7,122.15","?4,350.00","?2,772.15",Credit Card,Delivered,Mobile App,5.0
ORD101790,11-Sep-2025,CUST1849,Meera Singh,Male,25,Kochi,South,P023,Shampoo,Beauty,Haircare,1,?649.00,30%,?454.30,?290.00,?164.30,Cash on Delivery,Delivered,Website,5.0
ORD101660,11-Sep-2025,CUST1643,Kiara Chopra,Female,40,Kolkata,East,P020,Resistance Bands,Sports & Fitness,Fitness,2,?699.00,25%,"?1,048.50",?640.00,?408.50,Credit Card,Delivered,Website,4.0
ORD100798,11-Sep-2025,CUST1987,Riya Verma,Female,35,Bengaluru,South,P019,Badminton Racket,Sports & Fitness,Sports,1,"?1,499.00",5%,"?1,424.05",?800.00,?624.05,Credit Card,Delivered,Mobile App,5.0
ORD102175,11-Sep-2025,CUST2195,Anjali Verma,Female,38,Jaipur,North,P026,Novel Collection,Books,Fiction,3,?899.00,15%,"?2,292.45","?1,260.00","?1,032.45",UPI,Delivered,Website,5.0
ORD103779,12-Sep-2025,CUST1173,Pranav Bansal,Female,22,Chandigarh,North,P018,Cricket Bat,Sports & Fitness,Sports,1,"?2,199.00",15%,"?1,869.15","?1,250.00",?619.15,Credit Card,Delivered,Mobile App,3.0
ORD102932,12-Sep-2025,CUST0805,Akash Bansal,Male,34,Coimbatore,South,P009,Denim Jeans,Fashion,Clothing,2,"?1,999.00",20%,"?3,198.40","?2,100.00","?1,098.40",Debit Card,Delivered,Mobile App,5.0
ORD102322,12-Sep-2025,CUST0112,Mohit Sharma,Female,35,Bokaro,East,P008,Cotton T-Shirt,Fashion,Clothing,1,?799.00,15%,?679.15,?390.00,?289.15,Net Banking,Delivered,Mobile App,2.0
ORD104499,12-Sep-2025,CUST1316,Varun Jain,Female,24,Chandigarh,North,P027,Business Strategy Book,Books,Business,2,?699.00,10%,"?1,258.20",?600.00,?658.20,Credit Card,Delivered,Mobile App,5.0
ORD104105,13-Sep-2025,CUST1848,Ishaan Malhotra,Female,45,Bokaro,East,P011,Coffee Maker,Home & Kitchen,Kitchen,1,"?3,499.00",10%,"?3,149.10","?2,250.00",?899.10,Debit Card,Delivered,Website,5.0
ORD100267,13-Sep-2025,CUST1278,Pooja Kapoor,Female,37,Nashik,West,P026,Novel Collection,Books,Fiction,4,?899.00,10%,"?3,236.40","?1,680.00","?1,556.40",Credit Card,Delivered,Website,2.0
ORD100526,13-Sep-2025,CUST2179,Riya Verma,Female,35,Bokaro,East,P029,Programming Book,Books,Technology,2,"?1,299.00",10%,"?2,338.20","?1,220.00","?1,118.20",UPI,Delivered,Mobile App,2.0
ORD102969,13-Sep-2025,CUST1446,Kabir Gupta,Female,33,Kolkata,East,P008,Cotton T-Shirt,Fashion,Clothing,3,?799.00,15%,"?2,037.45","?1,170.00",?867.45,Debit Card,Delivered,Mobile App,5.0
ORD104915,13-Sep-2025,CUST0457,Zoya Singh,Female,27,Mumbai,West,P023,Shampoo,Beauty,Haircare,1,?649.00,30%,?454.30,?290.00,?164.30,Credit Card,Delivered,Mobile App,5.0
ORD100953,13-Sep-2025,CUST1643,Kiara Chopra,Female,32,Mumbai,West,P012,Air Fryer,Home & Kitchen,Kitchen,1,"?5,999.00",15%,"?5,099.15","?3,900.00","?1,199.15",UPI,Delivered,Mobile App,4.0
ORD103300,13-Sep-2025,CUST1084,Ananya Kumar,Female,32,Chennai,South,P001,Wireless Headphones,Electronics,Audio,1,"?2,499.00",20%,"?1,999.20","?1,550.00",?449.20,Credit Card,Delivered,Mobile App,3.0
ORD103646,13-Sep-2025,CUST1726,Pooja Kapoor,Female,23,Surat,West,P002,Bluetooth Speaker,Electronics,Audio,2,"?1,899.00",5%,"?3,608.10","?2,240.00","?1,368.10",UPI,Delivered,Website,4.0
ORD103459,13-Sep-2025,CUST1905,Sakshi Mishra,Female,25,Pune,West,P008,Cotton T-Shirt,Fashion,Clothing,1,?799.00,20%,?639.20,?390.00,?249.20,Credit Card,Delivered,Website,5.0
ORD101957,13-Sep-2025,CUST1305,Meera Singh,Male,40,Guwahati,East,P026,Novel Collection,Books,Fiction,1,?899.00,0%,?899.00,?420.00,?479.00,Net Banking,Delivered,Website,4.0
ORD100646,14-Sep-2025,CUST0907,Kiara Chopra,Male,22,Bengaluru,South,P008,Cotton T-Shirt,Fashion,Clothing,2,?799.00,0%,"?1,598.00",?780.00,?818.00,Credit Card,Delivered,Website,3.0
ORD101298,14-Sep-2025,CUST1773,Tanvi Patel,Male,30,Delhi,North,P021,Face Wash,Beauty,Skincare,1,?499.00,15%,?424.15,?220.00,?204.15,UPI,Delivered,Website,4.0
ORD102630,14-Sep-2025,CUST0755,Anjali Verma,Female,35,Bokaro,East,P020,Resistance Bands,Sports & Fitness,Fitness,1,?699.00,10%,?629.10,?320.00,?309.10,Debit Card,Delivered,Mobile App,2.0
ORD104502,14-Sep-2025,CUST0016,Mohit Sharma,Female,18,Chandigarh,North,P008,Cotton T-Shirt,Fashion,Clothing,1,?799.00,0%,?799.00,?390.00,?409.00,Wallet,Delivered,Mobile App,4.0
ORD101465,14-Sep-2025,CUST0304,Mohit Sharma,Female,28,Chandigarh,North,P015,Bedsheet Set,Home & Kitchen,Home Decor,2,"?1,599.00",25%,"?2,398.50","?1,700.00",?698.50,Debit Card,Delivered,Mobile App,5.0
ORD101226,15-Sep-2025,CUST0522,Arjun Rao,Female,38,Delhi,North,P017,Dumbbell Set,Sports & Fitness,Fitness,1,"?2,499.00",5%,"?2,374.05","?1,450.00",?924.05,UPI,Delivered,Mobile App,5.0
ORD104129,15-Sep-2025,CUST1487,Isha Mehta,Female,33,Delhi,North,P026,Novel Collection,Books,Fiction,1,?899.00,20%,?719.20,?420.00,?299.20,UPI,Cancelled,Website,
ORD100359,15-Sep-2025,CUST2004,Karan Jain,Male,44,Bhubaneswar,East,P027,Business Strategy Book,Books,Business,3,?699.00,10%,"?1,887.30",?900.00,?987.30,Wallet,Delivered,Mobile App,3.0
ORD102441,15-Sep-2025,CUST2081,Diya Mishra,Male,30,Guwahati,East,P006,Laptop Backpack,Fashion,Bags,1,"?1,799.00",15%,"?1,529.15",?950.00,?579.15,UPI,Delivered,Mobile App,5.0
ORD103206,15-Sep-2025,CUST1601,Diya Mishra,Female,30,Amritsar,North,P022,Sunscreen SPF 50,Beauty,Skincare,1,?799.00,10%,?719.10,?360.00,?359.10,Debit Card,Delivered,Mobile App,5.0
ORD103543,15-Sep-2025,CUST0778,Arjun Rao,Female,34,Ahmedabad,West,P014,Table Lamp,Home & Kitchen,Home Decor,1,"?1,299.00",15%,"?1,104.15",?690.00,?414.15,UPI,Delivered,Website,5.0
ORD102201,16-Sep-2025,CUST0722,Yash Agarwal,Male,41,Amritsar,North,P029,Programming Book,Books,Technology,2,"?1,299.00",20%,"?2,078.40","?1,220.00",?858.40,Debit Card,Delivered,Website,5.0
ORD100739,16-Sep-2025,CUST0889,Meera Singh,Male,36,Coimbatore,South,P018,Cricket Bat,Sports & Fitness,Sports,1,"?2,199.00",30%,"?1,539.30","?1,250.00",?289.30,Cash on Delivery,Delivered,Website,5.0
ORD100133,16-Sep-2025,CUST1825,Diya Mishra,Male,33,Amritsar,North,P010,Casual Hoodie,Fashion,Clothing,1,"?1,499.00",5%,"?1,424.05",?780.00,?644.05,UPI,Delivered,Website,5.0
ORD101688,16-Sep-2025,CUST1603,Riya Verma,Female,46,Delhi,North,P025,Moisturizer,Beauty,Skincare,3,?699.00,20%,"?1,677.60",?930.00,?747.60,Cash on Delivery,Delivered,Website,4.0
ORD100505,16-Sep-2025,CUST0052,Karan Jain,Female,30,Jaipur,North,P025,Moisturizer,Beauty,Skincare,1,?699.00,20%,?559.20,?310.00,?249.20,Credit Card,Delivered,Website,4.0
ORD101153,16-Sep-2025,CUST1253,Akash Bansal,Female,36,Chennai,South,P001,Wireless Headphones,Electronics,Audio,2,"?2,499.00",20%,"?3,998.40","?3,100.00",?898.40,Credit Card,Returned,Website,5.0
ORD104526,16-Sep-2025,CUST1487,Isha Mehta,Female,45,Bengaluru,South,P007,Running Shoes,Fashion,Footwear,4,"?2,899.00",15%,"?9,856.60","?6,800.00","?3,056.60",UPI,Delivered,Mobile App,3.0
ORD102208,17-Sep-2025,CUST0948,Karan Jain,Female,35,Patna,East,P010,Casual Hoodie,Fashion,Clothing,1,"?1,499.00",10%,"?1,349.10",?780.00,?569.10,UPI,Delivered,Mobile App,3.0
ORD104464,17-Sep-2025,CUST1410,Manish Agarwal,Male,33,Guwahati,East,P018,Cricket Bat,Sports & Fitness,Sports,1,"?2,199.00",10%,"?1,979.10","?1,250.00",?729.10,Debit Card,Delivered,Mobile App,3.0
ORD104411,17-Sep-2025,CUST0999,Nisha Saxena,Male,25,Nagpur,West,P029,Programming Book,Books,Technology,1,"?1,299.00",10%,"?1,169.10",?610.00,?559.10,Net Banking,Delivered,Website,5.0
ORD104484,17-Sep-2025,CUST2115,Riya Verma,Female,25,Bokaro,East,P009,Denim Jeans,Fashion,Clothing,1,"?1,999.00",10%,"?1,799.10","?1,050.00",?749.10,Net Banking,Delivered,Mobile App,4.0
ORD101813,17-Sep-2025,CUST1360,Mohit Sharma,Male,24,Delhi,North,P006,Laptop Backpack,Fashion,Bags,2,"?1,799.00",0%,"?3,598.00","?1,900.00","?1,698.00",Debit Card,Delivered,Mobile App,5.0
ORD102090,17-Sep-2025,CUST0966,Kabir Gupta,Male,21,Nagpur,West,P028,Data Analytics Book,Books,Technology,1,"?1,099.00",15%,?934.15,?520.00,?414.15,UPI,Delivered,Mobile App,5.0
ORD102218,17-Sep-2025,CUST1346,Manish Agarwal,Male,21,Amritsar,North,P025,Moisturizer,Beauty,Skincare,1,?699.00,5%,?664.05,?310.00,?354.05,Credit Card,Delivered,Website,5.0
ORD104971,17-Sep-2025,CUST1666,Manish Agarwal,Female,31,Guwahati,East,P010,Casual Hoodie,Fashion,Clothing,1,"?1,499.00",5%,"?1,424.05",?780.00,?644.05,UPI,Delivered,Mobile App,5.0
ORD102070,17-Sep-2025,CUST0035,Riya Verma,Female,31,Ranchi,East,P024,Perfume,Beauty,Fragrance,2,"?1,799.00",25%,"?2,698.50","?1,800.00",?898.50,UPI,Delivered,Website,2.0
ORD103607,17-Sep-2025,CUST0493,Tanvi Patel,Female,26,Delhi,North,P027,Business Strategy Book,Books,Business,1,?699.00,10%,?629.10,?300.00,?329.10,Debit Card,Delivered,Website,4.0
ORD102907,17-Sep-2025,CUST0449,Diya Mishra,Female,26,Coimbatore,South,P020,Resistance Bands,Sports & Fitness,Fitness,2,?699.00,5%,"?1,328.10",?640.00,?688.10,Net Banking,Delivered,Mobile App,4.0
ORD102693,17-Sep-2025,CUST0739,Riya Verma,Female,30,Delhi,North,P014,Table Lamp,Home & Kitchen,Home Decor,4,"?1,299.00",10%,"?4,676.40","?2,760.00","?1,916.40",UPI,Delivered,Mobile App,5.0
ORD102636,17-Sep-2025,CUST1591,Aditi Saxena,Male,35,Chandigarh,North,P024,Perfume,Beauty,Fragrance,4,"?1,799.00",10%,"?6,476.40","?3,600.00","?2,876.40",Net Banking,Delivered,Website,5.0
ORD100808,18-Sep-2025,CUST1505,Diya Mishra,Male,27,Coimbatore,South,P013,Non-Stick Cookware Set,Home & Kitchen,Cookware,1,"?4,299.00",0%,"?4,299.00","?2,700.00","?1,599.00",UPI,Delivered,Website,5.0
ORD101454,18-Sep-2025,CUST0316,Ananya Kumar,Male,53,Kolkata,East,P027,Business Strategy Book,Books,Business,1,?699.00,5%,?664.05,?300.00,?364.05,Debit Card,Delivered,Website,4.0
ORD100741,18-Sep-2025,CUST1259,Kiara Chopra,Male,28,Hyderabad,South,P015,Bedsheet Set,Home & Kitchen,Home Decor,3,"?1,599.00",5%,"?4,557.15","?2,550.00","?2,007.15",UPI,Delivered,Mobile App,1.0
ORD103340,18-Sep-2025,CUST0754,Yash Agarwal,Male,28,Surat,West,P003,Smart Watch,Electronics,Wearables,3,"?3,299.00",5%,"?9,402.15","?6,300.00","?3,102.15",Debit Card,Delivered,Website,4.0
ORD101181,18-Sep-2025,CUST1297,Sakshi Mishra,Male,56,Nashik,West,P030,Self Help Book,Books,Self Development,1,?599.00,10%,?539.10,?260.00,?279.10,Debit Card,Delivered,Mobile App,3.0
ORD100952,18-Sep-2025,CUST0735,Shivam Mehta,Male,51,Hyderabad,South,P020,Resistance Bands,Sports & Fitness,Fitness,2,?699.00,10%,"?1,258.20",?640.00,?618.20,UPI,Delivered,Website,5.0
ORD101990,18-Sep-2025,CUST1612,Rahul Kumar,Male,27,Coimbatore,South,P005,Power Bank 20000mAh,Electronics,Accessories,2,"?1,599.00",5%,"?3,038.10","?1,840.00","?1,198.10",UPI,Delivered,Website,4.0
ORD102088,18-Sep-2025,CUST0042,Arjun Rao,Female,35,Ahmedabad,West,P007,Running Shoes,Fashion,Footwear,2,"?2,899.00",0%,"?5,798.00","?3,400.00","?2,398.00",UPI,Delivered,Website,4.0
ORD101903,18-Sep-2025,CUST0517,Akash Bansal,Male,43,Bengaluru,South,P008,Cotton T-Shirt,Fashion,Clothing,1,?799.00,0%,?799.00,?390.00,?409.00,UPI,Delivered,Mobile App,1.0
ORD104772,18-Sep-2025,CUST1221,Akash Bansal,Female,31,Delhi,North,P009,Denim Jeans,Fashion,Clothing,1,"?1,999.00",10%,"?1,799.10","?1,050.00",?749.10,Debit Card,Delivered,Website,4.0
ORD102368,19-Sep-2025,CUST1621,Pranav Bansal,Male,24,Coimbatore,South,P024,Perfume,Beauty,Fragrance,2,"?1,799.00",10%,"?3,238.20","?1,800.00","?1,438.20",UPI,Delivered,Mobile App,4.0
ORD103074,19-Sep-2025,CUST0620,Rahul Kumar,Male,35,Bengaluru,South,P021,Face Wash,Beauty,Skincare,2,?499.00,10%,?898.20,?440.00,?458.20,UPI,Delivered,Mobile App,3.0
ORD102370,19-Sep-2025,CUST1324,Rahul Kumar,Male,34,Lucknow,North,P003,Smart Watch,Electronics,Wearables,2,"?3,299.00",10%,"?5,938.20","?4,200.00","?1,738.20",Credit Card,Delivered,Mobile App,5.0
ORD102509,19-Sep-2025,CUST0770,Manish Agarwal,Male,22,Bhubaneswar,East,P027,Business Strategy Book,Books,Business,1,?699.00,10%,?629.10,?300.00,?329.10,UPI,Delivered,Mobile App,4.0
ORD103229,19-Sep-2025,CUST1406,Pooja Kapoor,Male,27,Bhubaneswar,East,P017,Dumbbell Set,Sports & Fitness,Fitness,1,"?2,499.00",15%,"?2,124.15","?1,450.00",?674.15,Credit Card,Delivered,Website,5.0
ORD101737,19-Sep-2025,CUST0910,Aditya Kapoor,Male,32,Ahmedabad,West,P001,Wireless Headphones,Electronics,Audio,1,"?2,499.00",10%,"?2,249.10","?1,550.00",?699.10,UPI,Delivered,Website,4.0
ORD101203,19-Sep-2025,CUST1869,Tanvi Patel,Female,33,Surat,West,P003,Smart Watch,Electronics,Wearables,2,"?3,299.00",10%,"?5,938.20","?4,200.00","?1,738.20",Cash on Delivery,Delivered,Mobile App,3.0
ORD104137,19-Sep-2025,CUST0781,Tanvi Patel,Male,48,Kochi,South,P008,Cotton T-Shirt,Fashion,Clothing,1,?799.00,0%,?799.00,?390.00,?409.00,Credit Card,Delivered,Website,4.0
ORD102757,20-Sep-2025,CUST0185,Meera Singh,Male,33,Ranchi,East,P005,Power Bank 20000mAh,Electronics,Accessories,3,"?1,599.00",15%,"?4,077.45","?2,760.00","?1,317.45",Debit Card,Delivered,Website,5.0
ORD100189,20-Sep-2025,CUST0899,Riya Verma,Male,42,Guwahati,East,P029,Programming Book,Books,Technology,1,"?1,299.00",25%,?974.25,?610.00,?364.25,Credit Card,Delivered,Website,3.0
ORD101662,20-Sep-2025,CUST0849,Sakshi Mishra,Male,36,Surat,West,P013,Non-Stick Cookware Set,Home & Kitchen,Cookware,1,"?4,299.00",0%,"?4,299.00","?2,700.00","?1,599.00",Debit Card,Delivered,Website,5.0
ORD104400,20-Sep-2025,CUST1155,Riya Verma,Male,37,Mysuru,South,P020,Resistance Bands,Sports & Fitness,Fitness,3,?699.00,10%,"?1,887.30",?960.00,?927.30,UPI,Delivered,Mobile App,5.0
ORD101810,20-Sep-2025,CUST1196,Rahul Kumar,Female,30,Dehradun,North,P025,Moisturizer,Beauty,Skincare,2,?699.00,20%,"?1,118.40",?620.00,?498.40,Cash on Delivery,Delivered,Website,4.0
ORD101613,20-Sep-2025,CUST1498,Rohan Rao,Female,27,Amritsar,North,P020,Resistance Bands,Sports & Fitness,Fitness,2,?699.00,10%,"?1,258.20",?640.00,?618.20,UPI,Delivered,Mobile App,3.0
ORD104149,20-Sep-2025,CUST1086,Pooja Kapoor,Female,18,Ahmedabad,West,P023,Shampoo,Beauty,Haircare,1,?649.00,10%,?584.10,?290.00,?294.10,Credit Card,Delivered,Website,4.0
ORD103654,21-Sep-2025,CUST0319,Shivam Mehta,Male,25,Hyderabad,South,P010,Casual Hoodie,Fashion,Clothing,2,"?1,499.00",10%,"?2,698.20","?1,560.00","?1,138.20",Net Banking,Delivered,Website,4.0
ORD102616,21-Sep-2025,CUST1630,Pooja Kapoor,Male,21,Delhi,North,P010,Casual Hoodie,Fashion,Clothing,1,"?1,499.00",10%,"?1,349.10",?780.00,?569.10,UPI,Delivered,Website,5.0
ORD100905,21-Sep-2025,CUST1384,Sanya Malhotra,Female,35,Ranchi,East,P002,Bluetooth Speaker,Electronics,Audio,1,"?1,899.00",0%,"?1,899.00","?1,120.00",?779.00,UPI,Delivered,Mobile App,5.0
ORD101371,21-Sep-2025,CUST0616,Sanya Malhotra,Female,30,Mumbai,West,P005,Power Bank 20000mAh,Electronics,Accessories,3,"?1,599.00",5%,"?4,557.15","?2,760.00","?1,797.15",Wallet,Delivered,Mobile App,5.0
ORD100924,21-Sep-2025,CUST1127,Nisha Saxena,Female,26,Mysuru,South,P026,Novel Collection,Books,Fiction,2,?899.00,20%,"?1,438.40",?840.00,?598.40,UPI,Delivered,Mobile App,4.0
ORD100304,21-Sep-2025,CUST0592,Mohit Sharma,Male,38,Mumbai,West,P008,Cotton T-Shirt,Fashion,Clothing,1,?799.00,20%,?639.20,?390.00,?249.20,Cash on Delivery,Delivered,Mobile App,4.0
ORD101696,21-Sep-2025,CUST0962,Manish Agarwal,Female,38,Delhi,North,P004,USB-C Charger,Electronics,Accessories,2,?899.00,5%,"?1,708.10",?960.00,?748.10,UPI,Returned,Website,5.0
ORD103544,21-Sep-2025,CUST0360,Sanya Malhotra,Female,34,Surat,West,P012,Air Fryer,Home & Kitchen,Kitchen,3,"?5,999.00",15%,"?15,297.45","?11,700.00","?3,597.45",Cash on Delivery,Delivered,Mobile App,5.0
ORD102634,22-Sep-2025,CUST1431,Aditi Saxena,Male,24,Lucknow,North,P018,Cricket Bat,Sports & Fitness,Sports,2,"?2,199.00",5%,"?4,178.10","?2,500.00","?1,678.10",Cash on Delivery,Cancelled,Website,
ORD104552,22-Sep-2025,CUST1524,Karan Jain,Male,35,Mumbai,West,P011,Coffee Maker,Home & Kitchen,Kitchen,1,"?3,499.00",0%,"?3,499.00","?2,250.00","?1,249.00",Credit Card,Delivered,Website,4.0
ORD102230,22-Sep-2025,CUST1486,Aditya Kapoor,Female,36,Mumbai,West,P002,Bluetooth Speaker,Electronics,Audio,1,"?1,899.00",5%,"?1,804.05","?1,120.00",?684.05,Wallet,Delivered,Mobile App,5.0
ORD104958,22-Sep-2025,CUST1492,Karan Jain,Male,25,Bhubaneswar,East,P005,Power Bank 20000mAh,Electronics,Accessories,3,"?1,599.00",25%,"?3,597.75","?2,760.00",?837.75,UPI,Delivered,Mobile App,5.0
ORD103482,22-Sep-2025,CUST0050,Yash Agarwal,Female,24,Hyderabad,South,P020,Resistance Bands,Sports & Fitness,Fitness,2,?699.00,10%,"?1,258.20",?640.00,?618.20,Net Banking,Delivered,Mobile App,3.0
ORD100409,22-Sep-2025,CUST1199,Isha Mehta,Male,38,Coimbatore,South,P001,Wireless Headphones,Electronics,Audio,1,"?2,499.00",0%,"?2,499.00","?1,550.00",?949.00,Net Banking,Delivered,Mobile App,5.0
ORD102942,22-Sep-2025,CUST0459,Kiara Chopra,Male,20,Delhi,North,P009,Denim Jeans,Fashion,Clothing,1,"?1,999.00",5%,"?1,899.05","?1,050.00",?849.05,Net Banking,Delivered,Mobile App,4.0
ORD103830,22-Sep-2025,CUST0111,Isha Mehta,Male,24,Nagpur,West,P025,Moisturizer,Beauty,Skincare,1,?699.00,5%,?664.05,?310.00,?354.05,UPI,Delivered,Website,5.0
ORD102311,22-Sep-2025,CUST0754,Yash Agarwal,Female,18,Lucknow,North,P008,Cotton T-Shirt,Fashion,Clothing,1,?799.00,10%,?719.10,?390.00,?329.10,Debit Card,Delivered,Website,4.0
ORD104595,23-Sep-2025,CUST0082,Yash Agarwal,Male,34,Jaipur,North,P011,Coffee Maker,Home & Kitchen,Kitchen,1,"?3,499.00",10%,"?3,149.10","?2,250.00",?899.10,Credit Card,Delivered,Mobile App,3.0
ORD102430,23-Sep-2025,CUST0511,Shivam Mehta,Male,23,Delhi,North,P027,Business Strategy Book,Books,Business,1,?699.00,10%,?629.10,?300.00,?329.10,UPI,Delivered,Mobile App,3.0
ORD103705,23-Sep-2025,CUST0151,Aditi Saxena,Male,30,Mumbai,West,P004,USB-C Charger,Electronics,Accessories,1,?899.00,10%,?809.10,?480.00,?329.10,Cash on Delivery,Returned,Mobile App,4.0
ORD101118,23-Sep-2025,CUST2110,Pooja Kapoor,Female,36,Kochi,South,P029,Programming Book,Books,Technology,1,"?1,299.00",10%,"?1,169.10",?610.00,?559.10,UPI,Delivered,Mobile App,3.0
ORD103211,23-Sep-2025,CUST1366,Simran Gupta,Male,30,Guwahati,East,P018,Cricket Bat,Sports & Fitness,Sports,2,"?2,199.00",5%,"?4,178.10","?2,500.00","?1,678.10",Debit Card,Delivered,Website,5.0
ORD102961,23-Sep-2025,CUST1797,Akash Bansal,Female,35,Kolkata,East,P021,Face Wash,Beauty,Skincare,2,?499.00,5%,?948.10,?440.00,?508.10,Cash on Delivery,Delivered,Mobile App,4.0
ORD101763,23-Sep-2025,CUST0046,Aditya Kapoor,Female,32,Nagpur,West,P007,Running Shoes,Fashion,Footwear,1,"?2,899.00",0%,"?2,899.00","?1,700.00","?1,199.00",UPI,Delivered,Mobile App,3.0
ORD104785,24-Sep-2025,CUST1589,Pranav Bansal,Male,37,Bengaluru,South,P007,Running Shoes,Fashion,Footwear,2,"?2,899.00",15%,"?4,928.30","?3,400.00","?1,528.30",Credit Card,Delivered,Mobile App,5.0
ORD101570,24-Sep-2025,CUST0156,Ananya Kumar,Male,21,Jaipur,North,P009,Denim Jeans,Fashion,Clothing,2,"?1,999.00",15%,"?3,398.30","?2,100.00","?1,298.30",UPI,Delivered,Mobile App,3.0
ORD104401,24-Sep-2025,CUST0069,Akash Bansal,Male,35,Nagpur,West,P022,Sunscreen SPF 50,Beauty,Skincare,1,?799.00,5%,?759.05,?360.00,?399.05,Net Banking,Delivered,Website,5.0
ORD101171,24-Sep-2025,CUST0093,Kavya Patel,Male,18,Mysuru,South,P006,Laptop Backpack,Fashion,Bags,2,"?1,799.00",0%,"?3,598.00","?1,900.00","?1,698.00",Credit Card,Delivered,Mobile App,2.0
ORD102566,24-Sep-2025,CUST0634,Rohan Rao,Male,36,Coimbatore,South,P001,Wireless Headphones,Electronics,Audio,1,"?2,499.00",5%,"?2,374.05","?1,550.00",?824.05,Cash on Delivery,Delivered,Mobile App,5.0
ORD102853,24-Sep-2025,CUST0516,Varun Jain,Male,27,Mysuru,South,P029,Programming Book,Books,Technology,1,"?1,299.00",5%,"?1,234.05",?610.00,?624.05,UPI,Delivered,Website,5.0
ORD103492,24-Sep-2025,CUST0032,Aarav Sharma,Female,29,Coimbatore,South,P001,Wireless Headphones,Electronics,Audio,1,"?2,499.00",5%,"?2,374.05","?1,550.00",?824.05,Debit Card,Delivered,Website,3.0
ORD103836,25-Sep-2025,CUST0598,Simran Gupta,Female,24,Chennai,South,P004,USB-C Charger,Electronics,Accessories,1,?899.00,0%,?899.00,?480.00,?419.00,Credit Card,Delivered,Mobile App,4.0
ORD100992,25-Sep-2025,CUST0460,Rahul Kumar,Female,18,Chandigarh,North,P002,Bluetooth Speaker,Electronics,Audio,1,"?1,899.00",5%,"?1,804.05","?1,120.00",?684.05,Cash on Delivery,Delivered,Website,5.0
ORD101059,25-Sep-2025,CUST0807,Nisha Saxena,Female,28,Kolkata,East,P022,Sunscreen SPF 50,Beauty,Skincare,1,?799.00,20%,?639.20,?360.00,?279.20,Credit Card,Delivered,Mobile App,4.0
ORD103660,25-Sep-2025,CUST0830,Pooja Kapoor,Female,38,Mysuru,South,P016,Yoga Mat,Sports & Fitness,Fitness,2,?999.00,5%,"?1,898.10","?1,040.00",?858.10,UPI,Delivered,Website,5.0
ORD100146,25-Sep-2025,CUST1895,Nisha Saxena,Male,20,Guwahati,East,P007,Running Shoes,Fashion,Footwear,1,"?2,899.00",15%,"?2,464.15","?1,700.00",?764.15,UPI,Delivered,Website,5.0
ORD102185,25-Sep-2025,CUST0975,Isha Mehta,Male,39,Bokaro,East,P001,Wireless Headphones,Electronics,Audio,3,"?2,499.00",25%,"?5,622.75","?4,650.00",?972.75,Credit Card,Delivered,Website,2.0
ORD104791,25-Sep-2025,CUST1374,Pooja Kapoor,Male,35,Kochi,South,P022,Sunscreen SPF 50,Beauty,Skincare,2,?799.00,10%,"?1,438.20",?720.00,?718.20,Cash on Delivery,Delivered,Website,5.0
ORD102327,25-Sep-2025,CUST0253,Kavya Patel,Female,24,Kochi,South,P015,Bedsheet Set,Home & Kitchen,Home Decor,1,"?1,599.00",5%,"?1,519.05",?850.00,?669.05,Credit Card,Delivered,Website,5.0
ORD100572,25-Sep-2025,CUST1131,Kiara Chopra,Male,28,Nashik,West,P028,Data Analytics Book,Books,Technology,1,"?1,099.00",5%,"?1,044.05",?520.00,?524.05,UPI,Delivered,Website,4.0
ORD102198,25-Sep-2025,CUST1121,Diya Mishra,Female,34,Pune,West,P028,Data Analytics Book,Books,Technology,1,"?1,099.00",10%,?989.10,?520.00,?469.10,UPI,Delivered,Mobile App,4.0
ORD100366,25-Sep-2025,CUST0484,Varun Jain,Male,37,Kolkata,East,P026,Novel Collection,Books,Fiction,3,?899.00,10%,"?2,427.30","?1,260.00","?1,167.30",Cash on Delivery,Delivered,Mobile App,4.0
ORD101428,25-Sep-2025,CUST0927,Shivam Mehta,Male,44,Mumbai,West,P024,Perfume,Beauty,Fragrance,1,"?1,799.00",10%,"?1,619.10",?900.00,?719.10,Credit Card,Delivered,Website,3.0
ORD102406,25-Sep-2025,CUST0267,Kiara Chopra,Male,44,Nashik,West,P001,Wireless Headphones,Electronics,Audio,1,"?2,499.00",10%,"?2,249.10","?1,550.00",?699.10,UPI,Delivered,Website,4.0
ORD104495,25-Sep-2025,CUST0828,Ananya Kumar,Male,29,Nashik,West,P025,Moisturizer,Beauty,Skincare,1,?699.00,15%,?594.15,?310.00,?284.15,Net Banking,Delivered,Mobile App,3.0
ORD102443,25-Sep-2025,CUST0049,Sakshi Mishra,Male,35,Bengaluru,South,P024,Perfume,Beauty,Fragrance,1,"?1,799.00",15%,"?1,529.15",?900.00,?629.15,Credit Card,Delivered,Mobile App,4.0
ORD103491,26-Sep-2025,CUST1156,Varun Jain,Male,34,Guwahati,East,P030,Self Help Book,Books,Self Development,1,?599.00,15%,?509.15,?260.00,?249.15,UPI,Delivered,Website,4.0
ORD103875,26-Sep-2025,CUST1771,Kiara Chopra,Male,25,Kochi,South,P007,Running Shoes,Fashion,Footwear,1,"?2,899.00",5%,"?2,754.05","?1,700.00","?1,054.05",Net Banking,Delivered,Website,1.0
ORD103398,26-Sep-2025,CUST1373,Kavya Patel,Male,31,Nashik,West,P020,Resistance Bands,Sports & Fitness,Fitness,3,?699.00,10%,"?1,887.30",?960.00,?927.30,Net Banking,Delivered,Website,5.0
ORD103997,26-Sep-2025,CUST0813,Tanvi Patel,Female,27,Nashik,West,P029,Programming Book,Books,Technology,1,"?1,299.00",15%,"?1,104.15",?610.00,?494.15,Debit Card,Delivered,Mobile App,3.0
ORD100311,26-Sep-2025,CUST0398,Aditya Kapoor,Female,22,Nagpur,West,P019,Badminton Racket,Sports & Fitness,Sports,1,"?1,499.00",20%,"?1,199.20",?800.00,?399.20,Wallet,Delivered,Mobile App,5.0
ORD104633,26-Sep-2025,CUST0147,Anjali Verma,Male,38,Jaipur,North,P010,Casual Hoodie,Fashion,Clothing,1,"?1,499.00",5%,"?1,424.05",?780.00,?644.05,Credit Card,Delivered,Mobile App,4.0
ORD102216,26-Sep-2025,CUST1657,Meera Singh,Female,33,Mumbai,West,P024,Perfume,Beauty,Fragrance,1,"?1,799.00",5%,"?1,709.05",?900.00,?809.05,Wallet,Delivered,Mobile App,2.0
ORD104407,26-Sep-2025,CUST1768,Sanya Malhotra,Male,36,Surat,West,P017,Dumbbell Set,Sports & Fitness,Fitness,3,"?2,499.00",15%,"?6,372.45","?4,350.00","?2,022.45",Net Banking,Delivered,Website,5.0
ORD102103,27-Sep-2025,CUST1183,Shivam Mehta,Female,21,Hyderabad,South,P022,Sunscreen SPF 50,Beauty,Skincare,2,?799.00,10%,"?1,438.20",?720.00,?718.20,Credit Card,Delivered,Mobile App,3.0
ORD102294,27-Sep-2025,CUST1986,Manish Agarwal,Female,34,Nashik,West,P004,USB-C Charger,Electronics,Accessories,3,?899.00,5%,"?2,562.15","?1,440.00","?1,122.15",Cash on Delivery,Delivered,Mobile App,3.0
ORD104827,27-Sep-2025,CUST0984,Ishaan Malhotra,Female,28,Nashik,West,P011,Coffee Maker,Home & Kitchen,Kitchen,1,"?3,499.00",15%,"?2,974.15","?2,250.00",?724.15,Credit Card,Delivered,Mobile App,4.0
ORD103096,27-Sep-2025,CUST1124,Varun Jain,Female,43,Pune,West,P001,Wireless Headphones,Electronics,Audio,2,"?2,499.00",0%,"?4,998.00","?3,100.00","?1,898.00",UPI,Delivered,Mobile App,2.0
ORD104895,27-Sep-2025,CUST1920,Aarav Sharma,Male,18,Jaipur,North,P020,Resistance Bands,Sports & Fitness,Fitness,3,?699.00,10%,"?1,887.30",?960.00,?927.30,Credit Card,Delivered,Website,5.0
ORD103753,27-Sep-2025,CUST0736,Aarav Sharma,Female,18,Surat,West,P001,Wireless Headphones,Electronics,Audio,1,"?2,499.00",5%,"?2,374.05","?1,550.00",?824.05,Debit Card,Delivered,Mobile App,4.0
ORD104094,27-Sep-2025,CUST1716,Karan Jain,Female,36,Jaipur,North,P021,Face Wash,Beauty,Skincare,3,?499.00,10%,"?1,347.30",?660.00,?687.30,UPI,Delivered,Website,4.0
ORD101263,27-Sep-2025,CUST0279,Aditi Saxena,Female,18,Dehradun,North,P011,Coffee Maker,Home & Kitchen,Kitchen,1,"?3,499.00",5%,"?3,324.05","?2,250.00","?1,074.05",UPI,Delivered,Website,4.0
ORD100062,27-Sep-2025,CUST2186,Arjun Rao,Female,18,Nashik,West,P018,Cricket Bat,Sports & Fitness,Sports,1,"?2,199.00",10%,"?1,979.10","?1,250.00",?729.10,UPI,Delivered,Mobile App,5.0
ORD101463,27-Sep-2025,CUST1965,Tanvi Patel,Female,29,Amritsar,North,P017,Dumbbell Set,Sports & Fitness,Fitness,2,"?2,499.00",5%,"?4,748.10","?2,900.00","?1,848.10",UPI,Delivered,Website,5.0
ORD100761,27-Sep-2025,CUST1416,Sanya Malhotra,Male,28,Nashik,West,P010,Casual Hoodie,Fashion,Clothing,1,"?1,499.00",20%,"?1,199.20",?780.00,?419.20,UPI,Delivered,Mobile App,5.0
ORD104909,28-Sep-2025,CUST1905,Sakshi Mishra,Female,30,Kolkata,East,P016,Yoga Mat,Sports & Fitness,Fitness,1,?999.00,15%,?849.15,?520.00,?329.15,UPI,Delivered,Mobile App,5.0
ORD103240,28-Sep-2025,CUST1177,Meera Singh,Female,19,Pune,West,P025,Moisturizer,Beauty,Skincare,1,?699.00,10%,?629.10,?310.00,?319.10,Debit Card,Delivered,Website,4.0
ORD103727,28-Sep-2025,CUST1274,Rohan Rao,Female,26,Lucknow,North,P015,Bedsheet Set,Home & Kitchen,Home Decor,2,"?1,599.00",10%,"?2,878.20","?1,700.00","?1,178.20",Credit Card,Delivered,Mobile App,3.0
ORD104522,28-Sep-2025,CUST1718,Simran Gupta,Female,34,Mysuru,South,P029,Programming Book,Books,Technology,2,"?1,299.00",10%,"?2,338.20","?1,220.00","?1,118.20",Credit Card,Delivered,Mobile App,4.0
ORD102991,28-Sep-2025,CUST1811,Anjali Verma,Male,36,Bengaluru,South,P022,Sunscreen SPF 50,Beauty,Skincare,1,?799.00,10%,?719.10,?360.00,?359.10,Credit Card,Delivered,Mobile App,4.0
ORD103913,28-Sep-2025,CUST1714,Yash Agarwal,Male,39,Coimbatore,South,P030,Self Help Book,Books,Self Development,1,?599.00,15%,?509.15,?260.00,?249.15,Debit Card,Delivered,Mobile App,2.0
ORD101282,28-Sep-2025,CUST1608,Sanya Malhotra,Female,44,Bhubaneswar,East,P005,Power Bank 20000mAh,Electronics,Accessories,2,"?1,599.00",15%,"?2,718.30","?1,840.00",?878.30,UPI,Delivered,Mobile App,5.0
ORD101303,28-Sep-2025,CUST0847,Isha Mehta,Male,28,Pune,West,P015,Bedsheet Set,Home & Kitchen,Home Decor,1,"?1,599.00",5%,"?1,519.05",?850.00,?669.05,Debit Card,Delivered,Website,4.0
ORD100003,28-Sep-2025,CUST0208,Mohit Sharma,Male,30,Mumbai,West,P018,Cricket Bat,Sports & Fitness,Sports,1,"?2,199.00",15%,"?1,869.15","?1,250.00",?619.15,Debit Card,Delivered,Website,4.0
ORD100063,28-Sep-2025,CUST1232,Mohit Sharma,Male,27,Jaipur,North,P030,Self Help Book,Books,Self Development,3,?599.00,5%,"?1,707.15",?780.00,?927.15,Wallet,Cancelled,Mobile App,
ORD104768,29-Sep-2025,CUST0276,Karan Jain,Female,43,Mysuru,South,P015,Bedsheet Set,Home & Kitchen,Home Decor,1,"?1,599.00",15%,"?1,359.15",?850.00,?509.15,Credit Card,Delivered,Mobile App,5.0
ORD102258,29-Sep-2025,CUST1332,Karan Jain,Female,25,Patna,East,P014,Table Lamp,Home & Kitchen,Home Decor,1,"?1,299.00",30%,?909.30,?690.00,?219.30,Debit Card,Delivered,Mobile App,5.0
ORD102895,29-Sep-2025,CUST1898,Arjun Rao,Male,36,Guwahati,East,P008,Cotton T-Shirt,Fashion,Clothing,2,?799.00,10%,"?1,438.20",?780.00,?658.20,UPI,Delivered,Website,5.0
ORD100327,29-Sep-2025,CUST1216,Aarav Sharma,Female,33,Pune,West,P018,Cricket Bat,Sports & Fitness,Sports,1,"?2,199.00",5%,"?2,089.05","?1,250.00",?839.05,Cash on Delivery,Delivered,Mobile App,4.0
ORD103041,29-Sep-2025,CUST1877,Pranav Bansal,Female,26,Ranchi,East,P011,Coffee Maker,Home & Kitchen,Kitchen,2,"?3,499.00",20%,"?5,598.40","?4,500.00","?1,098.40",Debit Card,Delivered,Website,3.0
ORD103806,29-Sep-2025,CUST0156,Ananya Kumar,Female,39,Amritsar,North,P013,Non-Stick Cookware Set,Home & Kitchen,Cookware,1,"?4,299.00",20%,"?3,439.20","?2,700.00",?739.20,Credit Card,Delivered,Website,1.0
ORD101114,29-Sep-2025,CUST0247,Aditi Saxena,Male,27,Surat,West,P008,Cotton T-Shirt,Fashion,Clothing,2,?799.00,5%,"?1,518.10",?780.00,?738.10,UPI,Cancelled,Website,
ORD103793,30-Sep-2025,CUST0711,Nisha Saxena,Female,35,Dehradun,North,P026,Novel Collection,Books,Fiction,1,?899.00,15%,?764.15,?420.00,?344.15,Net Banking,Delivered,Website,5.0
ORD100399,30-Sep-2025,CUST0419,Riya Verma,Male,34,Chennai,South,P007,Running Shoes,Fashion,Footwear,2,"?2,899.00",30%,"?4,058.60","?3,400.00",?658.60,Net Banking,Delivered,Website,3.0
ORD101079,30-Sep-2025,CUST1401,Meera Singh,Female,26,Chennai,South,P012,Air Fryer,Home & Kitchen,Kitchen,1,"?5,999.00",20%,"?4,799.20","?3,900.00",?899.20,UPI,Delivered,Mobile App,4.0
ORD104944,30-Sep-2025,CUST1965,Tanvi Patel,Male,28,Ranchi,East,P011,Coffee Maker,Home & Kitchen,Kitchen,4,"?3,499.00",10%,"?12,596.40","?9,000.00","?3,596.40",Debit Card,Delivered,Mobile App,3.0
ORD103842,30-Sep-2025,CUST0426,Arjun Rao,Male,34,Guwahati,East,P028,Data Analytics Book,Books,Technology,1,"?1,099.00",15%,?934.15,?520.00,?414.15,UPI,Delivered,Mobile App,5.0
ORD102554,30-Sep-2025,CUST2171,Vansh Chopra,Female,35,Guwahati,East,P020,Resistance Bands,Sports & Fitness,Fitness,1,?699.00,10%,?629.10,?320.00,?309.10,Wallet,Delivered,Mobile App,4.0
ORD101321,30-Sep-2025,CUST0580,Varun Jain,Male,36,Ranchi,East,P008,Cotton T-Shirt,Fashion,Clothing,1,?799.00,10%,?719.10,?390.00,?329.10,Credit Card,Delivered,Mobile App,5.0
ORD103862,30-Sep-2025,CUST1272,Ishaan Malhotra,Male,32,Ahmedabad,West,P021,Face Wash,Beauty,Skincare,1,?499.00,10%,?449.10,?220.00,?229.10,UPI,Delivered,Mobile App,4.0
ORD100671,30-Sep-2025,CUST0973,Tanvi Patel,Female,38,Nashik,West,P022,Sunscreen SPF 50,Beauty,Skincare,3,?799.00,25%,"?1,797.75","?1,080.00",?717.75,Credit Card,Delivered,Website,1.0
ORD104433,30-Sep-2025,CUST1964,Rahul Kumar,Male,26,Kolkata,East,P015,Bedsheet Set,Home & Kitchen,Home Decor,2,"?1,599.00",25%,"?2,398.50","?1,700.00",?698.50,UPI,Delivered,Mobile App,5.0
ORD102256,30-Sep-2025,CUST0956,Ananya Kumar,Male,25,Kolkata,East,P028,Data Analytics Book,Books,Technology,3,"?1,099.00",15%,"?2,802.45","?1,560.00","?1,242.45",Net Banking,Delivered,Mobile App,3.0
ORD104837,30-Sep-2025,CUST0395,Kiara Chopra,Female,38,Coimbatore,South,P020,Resistance Bands,Sports & Fitness,Fitness,1,?699.00,10%,?629.10,?320.00,?309.10,Credit Card,Returned,Mobile App,2.0
ORD101933,30-Sep-2025,CUST1446,Kabir Gupta,Male,32,Amritsar,North,P016,Yoga Mat,Sports & Fitness,Fitness,1,?999.00,0%,?999.00,?520.00,?479.00,Credit Card,Delivered,Website,4.0
ORD102033,30-Sep-2025,CUST1885,Kavya Patel,Male,18,Bhubaneswar,East,P025,Moisturizer,Beauty,Skincare,1,?699.00,15%,?594.15,?310.00,?284.15,Debit Card,Delivered,Website,4.0
ORD102910,30-Sep-2025,CUST0794,Rohan Rao,Female,33,Lucknow,North,P026,Novel Collection,Books,Fiction,2,?899.00,20%,"?1,438.40",?840.00,?598.40,UPI,Returned,Mobile App,4.0
ORD102758,01-Oct-2025,CUST0728,Ishaan Malhotra,Female,24,Chennai,South,P012,Air Fryer,Home & Kitchen,Kitchen,1,"?5,999.00",10%,"?5,399.10","?3,900.00","?1,499.10",Cash on Delivery,Delivered,Mobile App,4.0
ORD101331,01-Oct-2025,CUST1467,Vansh Chopra,Male,27,Dehradun,North,P023,Shampoo,Beauty,Haircare,1,?649.00,5%,?616.55,?290.00,?326.55,UPI,Delivered,Website,4.0
ORD100039,01-Oct-2025,CUST2160,Mohit Sharma,Male,23,Ranchi,East,P021,Face Wash,Beauty,Skincare,1,?499.00,25%,?374.25,?220.00,?154.25,Credit Card,Delivered,Mobile App,2.0
ORD102902,01-Oct-2025,CUST0768,Aarav Sharma,Male,25,Jaipur,North,P026,Novel Collection,Books,Fiction,1,?899.00,0%,?899.00,?420.00,?479.00,Debit Card,Delivered,Mobile App,5.0
ORD101107,01-Oct-2025,CUST1191,Nisha Saxena,Male,39,Bengaluru,South,P007,Running Shoes,Fashion,Footwear,3,"?2,899.00",10%,"?7,827.30","?5,100.00","?2,727.30",Credit Card,Delivered,Website,5.0
ORD104755,01-Oct-2025,CUST0665,Meera Singh,Female,32,Bhubaneswar,East,P019,Badminton Racket,Sports & Fitness,Sports,1,"?1,499.00",30%,"?1,049.30",?800.00,?249.30,Net Banking,Delivered,Mobile App,5.0
ORD104525,01-Oct-2025,CUST1525,Pranav Bansal,Male,38,Kolkata,East,P011,Coffee Maker,Home & Kitchen,Kitchen,1,"?3,499.00",30%,"?2,449.30","?2,250.00",?199.30,Credit Card,Delivered,Mobile App,4.0
ORD100664,01-Oct-2025,CUST1372,Ananya Kumar,Female,40,Dehradun,North,P030,Self Help Book,Books,Self Development,2,?599.00,10%,"?1,078.20",?520.00,?558.20,Credit Card,Delivered,Mobile App,4.0
ORD102952,01-Oct-2025,CUST1353,Zoya Singh,Female,27,Ahmedabad,West,P022,Sunscreen SPF 50,Beauty,Skincare,4,?799.00,0%,"?3,196.00","?1,440.00","?1,756.00",UPI,Delivered,Mobile App,5.0
ORD101043,02-Oct-2025,CUST0476,Ananya Kumar,Female,45,Mumbai,West,P009,Denim Jeans,Fashion,Clothing,1,"?1,999.00",5%,"?1,899.05","?1,050.00",?849.05,Cash on Delivery,Returned,Mobile App,3.0
ORD104655,02-Oct-2025,CUST0419,Riya Verma,Female,18,Kochi,South,P025,Moisturizer,Beauty,Skincare,1,?699.00,10%,?629.10,?310.00,?319.10,Credit Card,Delivered,Website,5.0
ORD104391,02-Oct-2025,CUST1062,Kabir Gupta,Male,29,Lucknow,North,P004,USB-C Charger,Electronics,Accessories,1,?899.00,20%,?719.20,?480.00,?239.20,UPI,Delivered,Website,3.0
ORD102298,02-Oct-2025,CUST2183,Nisha Saxena,Male,32,Delhi,North,P020,Resistance Bands,Sports & Fitness,Fitness,2,?699.00,10%,"?1,258.20",?640.00,?618.20,UPI,Delivered,Website,4.0
ORD103271,02-Oct-2025,CUST0008,Sanya Malhotra,Male,38,Patna,East,P010,Casual Hoodie,Fashion,Clothing,2,"?1,499.00",10%,"?2,698.20","?1,560.00","?1,138.20",UPI,Delivered,Mobile App,5.0
ORD103789,03-Oct-2025,CUST1463,Aditi Saxena,Male,33,Delhi,North,P020,Resistance Bands,Sports & Fitness,Fitness,1,?699.00,25%,?524.25,?320.00,?204.25,UPI,Delivered,Mobile App,4.0
ORD102333,03-Oct-2025,CUST1858,Manish Agarwal,Female,43,Chennai,South,P022,Sunscreen SPF 50,Beauty,Skincare,2,?799.00,15%,"?1,358.30",?720.00,?638.30,Credit Card,Delivered,Mobile App,5.0
ORD103657,03-Oct-2025,CUST1058,Manish Agarwal,Male,24,Dehradun,North,P006,Laptop Backpack,Fashion,Bags,3,"?1,799.00",0%,"?5,397.00","?2,850.00","?2,547.00",Credit Card,Delivered,Mobile App,3.0
ORD101495,03-Oct-2025,CUST1156,Varun Jain,Female,22,Kochi,South,P005,Power Bank 20000mAh,Electronics,Accessories,5,"?1,599.00",5%,"?7,595.25","?4,600.00","?2,995.25",Credit Card,Delivered,Mobile App,3.0
ORD103668,03-Oct-2025,CUST1256,Sanya Malhotra,Male,23,Ahmedabad,West,P014,Table Lamp,Home & Kitchen,Home Decor,1,"?1,299.00",15%,"?1,104.15",?690.00,?414.15,Net Banking,Delivered,Mobile App,3.0
ORD101467,03-Oct-2025,CUST1974,Simran Gupta,Male,26,Chandigarh,North,P029,Programming Book,Books,Technology,2,"?1,299.00",5%,"?2,468.10","?1,220.00","?1,248.10",UPI,Delivered,Mobile App,4.0
ORD103548,03-Oct-2025,CUST2060,Rahul Kumar,Male,35,Amritsar,North,P021,Face Wash,Beauty,Skincare,1,?499.00,25%,?374.25,?220.00,?154.25,Wallet,Returned,Mobile App,3.0
ORD103585,03-Oct-2025,CUST0806,Kabir Gupta,Female,51,Surat,West,P028,Data Analytics Book,Books,Technology,1,"?1,099.00",30%,?769.30,?520.00,?249.30,Debit Card,Delivered,Mobile App,4.0
ORD104363,03-Oct-2025,CUST0341,Pranav Bansal,Female,18,Coimbatore,South,P005,Power Bank 20000mAh,Electronics,Accessories,2,"?1,599.00",5%,"?3,038.10","?1,840.00","?1,198.10",Net Banking,Delivered,Website,5.0
ORD103600,04-Oct-2025,CUST0766,Pooja Kapoor,Female,48,Bokaro,East,P015,Bedsheet Set,Home & Kitchen,Home Decor,1,"?1,599.00",25%,"?1,199.25",?850.00,?349.25,Net Banking,Delivered,Mobile App,5.0
ORD102456,04-Oct-2025,CUST0653,Tanvi Patel,Male,34,Dehradun,North,P019,Badminton Racket,Sports & Fitness,Sports,4,"?1,499.00",0%,"?5,996.00","?3,200.00","?2,796.00",Credit Card,Delivered,Website,4.0
ORD103322,04-Oct-2025,CUST0625,Sakshi Mishra,Female,31,Patna,East,P020,Resistance Bands,Sports & Fitness,Fitness,2,?699.00,10%,"?1,258.20",?640.00,?618.20,UPI,Delivered,Mobile App,4.0
ORD100221,04-Oct-2025,CUST1680,Mohit Sharma,Female,24,Patna,East,P029,Programming Book,Books,Technology,1,"?1,299.00",5%,"?1,234.05",?610.00,?624.05,UPI,Delivered,Website,4.0
ORD100022,04-Oct-2025,CUST1018,Rohan Rao,Male,32,Kolkata,East,P009,Denim Jeans,Fashion,Clothing,3,"?1,999.00",30%,"?4,197.90","?3,150.00","?1,047.90",Net Banking,Delivered,Website,5.0
ORD100239,04-Oct-2025,CUST0972,Rahul Kumar,Female,30,Chandigarh,North,P008,Cotton T-Shirt,Fashion,Clothing,3,?799.00,20%,"?1,917.60","?1,170.00",?747.60,Debit Card,Delivered,Mobile App,2.0
ORD100387,04-Oct-2025,CUST1725,Kavya Patel,Female,22,Patna,East,P008,Cotton T-Shirt,Fashion,Clothing,3,?799.00,5%,"?2,277.15","?1,170.00","?1,107.15",Debit Card,Delivered,Mobile App,5.0
ORD102874,04-Oct-2025,CUST0975,Isha Mehta,Female,50,Delhi,North,P003,Smart Watch,Electronics,Wearables,1,"?3,299.00",15%,"?2,804.15","?2,100.00",?704.15,UPI,Delivered,Website,5.0
ORD102161,04-Oct-2025,CUST1176,Ishaan Malhotra,Male,48,Hyderabad,South,P006,Laptop Backpack,Fashion,Bags,1,"?1,799.00",0%,"?1,799.00",?950.00,?849.00,Credit Card,Delivered,Website,5.0
ORD101891,04-Oct-2025,CUST0608,Aarav Sharma,Female,38,Bokaro,East,P005,Power Bank 20000mAh,Electronics,Accessories,1,"?1,599.00",0%,"?1,599.00",?920.00,?679.00,Credit Card,Delivered,Mobile App,3.0
ORD100701,04-Oct-2025,CUST0200,Sanya Malhotra,Female,27,Bhubaneswar,East,P024,Perfume,Beauty,Fragrance,3,"?1,799.00",10%,"?4,857.30","?2,700.00","?2,157.30",UPI,Delivered,Mobile App,5.0
ORD101631,04-Oct-2025,CUST1621,Pranav Bansal,Female,19,Nagpur,West,P018,Cricket Bat,Sports & Fitness,Sports,1,"?2,199.00",0%,"?2,199.00","?1,250.00",?949.00,Debit Card,Delivered,Mobile App,5.0
ORD102607,04-Oct-2025,CUST0795,Vansh Chopra,Male,27,Mumbai,West,P020,Resistance Bands,Sports & Fitness,Fitness,1,?699.00,20%,?559.20,?320.00,?239.20,Credit Card,Delivered,Website,3.0
ORD102243,04-Oct-2025,CUST0856,Ishaan Malhotra,Female,25,Bengaluru,South,P008,Cotton T-Shirt,Fashion,Clothing,1,?799.00,10%,?719.10,?390.00,?329.10,UPI,Delivered,Mobile App,5.0
ORD102839,05-Oct-2025,CUST1453,Tanvi Patel,Male,38,Hyderabad,South,P006,Laptop Backpack,Fashion,Bags,3,"?1,799.00",20%,"?4,317.60","?2,850.00","?1,467.60",UPI,Delivered,Mobile App,4.0
ORD102527,05-Oct-2025,CUST0504,Ishaan Malhotra,Male,38,Bhubaneswar,East,P018,Cricket Bat,Sports & Fitness,Sports,3,"?2,199.00",5%,"?6,267.15","?3,750.00","?2,517.15",Debit Card,Delivered,Mobile App,3.0
ORD104491,05-Oct-2025,CUST0115,Anjali Verma,Male,28,Mysuru,South,P026,Novel Collection,Books,Fiction,1,?899.00,5%,?854.05,?420.00,?434.05,Debit Card,Delivered,Mobile App,3.0
ORD104960,05-Oct-2025,CUST1067,Kiara Chopra,Female,49,Hyderabad,South,P017,Dumbbell Set,Sports & Fitness,Fitness,1,"?2,499.00",25%,"?1,874.25","?1,450.00",?424.25,UPI,Delivered,Mobile App,5.0
ORD104451,05-Oct-2025,CUST2046,Pooja Kapoor,Male,30,Bengaluru,South,P021,Face Wash,Beauty,Skincare,1,?499.00,5%,?474.05,?220.00,?254.05,Credit Card,Delivered,Mobile App,1.0
ORD102967,05-Oct-2025,CUST1644,Rahul Kumar,Female,20,Kochi,South,P028,Data Analytics Book,Books,Technology,1,"?1,099.00",5%,"?1,044.05",?520.00,?524.05,Net Banking,Delivered,Mobile App,5.0
ORD101249,05-Oct-2025,CUST1448,Sanya Malhotra,Female,30,Surat,West,P025,Moisturizer,Beauty,Skincare,1,?699.00,25%,?524.25,?310.00,?214.25,Credit Card,Delivered,Mobile App,5.0
ORD101972,05-Oct-2025,CUST0063,Shivam Mehta,Female,37,Jaipur,North,P010,Casual Hoodie,Fashion,Clothing,2,"?1,499.00",15%,"?2,548.30","?1,560.00",?988.30,Credit Card,Delivered,Mobile App,5.0
ORD103974,05-Oct-2025,CUST1983,Shivam Mehta,Female,29,Amritsar,North,P028,Data Analytics Book,Books,Technology,3,"?1,099.00",30%,"?2,307.90","?1,560.00",?747.90,Debit Card,Delivered,Mobile App,5.0
ORD100971,05-Oct-2025,CUST0217,Meera Singh,Female,20,Ahmedabad,West,P021,Face Wash,Beauty,Skincare,1,?499.00,10%,?449.10,?220.00,?229.10,UPI,Delivered,Website,4.0
ORD104200,05-Oct-2025,CUST0068,Varun Jain,Male,29,Chandigarh,North,P020,Resistance Bands,Sports & Fitness,Fitness,1,?699.00,10%,?629.10,?320.00,?309.10,Debit Card,Delivered,Website,3.0
ORD102254,06-Oct-2025,CUST0590,Aditya Kapoor,Female,33,Surat,West,P006,Laptop Backpack,Fashion,Bags,1,"?1,799.00",15%,"?1,529.15",?950.00,?579.15,Wallet,Delivered,Website,5.0
ORD101556,06-Oct-2025,CUST1328,Mohit Sharma,Female,45,Surat,West,P010,Casual Hoodie,Fashion,Clothing,3,"?1,499.00",15%,"?3,822.45","?2,340.00","?1,482.45",Net Banking,Delivered,Website,3.0
ORD103007,06-Oct-2025,CUST1246,Pooja Kapoor,Male,33,Hyderabad,South,P028,Data Analytics Book,Books,Technology,1,"?1,099.00",10%,?989.10,?520.00,?469.10,Wallet,Delivered,Website,5.0
ORD101711,06-Oct-2025,CUST0280,Ishaan Malhotra,Male,36,Pune,West,P015,Bedsheet Set,Home & Kitchen,Home Decor,5,"?1,599.00",10%,"?7,195.50","?4,250.00","?2,945.50",UPI,Delivered,Mobile App,5.0
ORD100397,06-Oct-2025,CUST1481,Zoya Singh,Female,27,Chennai,South,P023,Shampoo,Beauty,Haircare,3,?649.00,20%,"?1,557.60",?870.00,?687.60,Debit Card,Cancelled,Mobile App,
ORD102452,06-Oct-2025,CUST0756,Karan Jain,Male,39,Lucknow,North,P002,Bluetooth Speaker,Electronics,Audio,3,"?1,899.00",20%,"?4,557.60","?3,360.00","?1,197.60",Credit Card,Delivered,Mobile App,4.0
ORD103797,06-Oct-2025,CUST0039,Nisha Saxena,Male,36,Ahmedabad,West,P021,Face Wash,Beauty,Skincare,1,?499.00,10%,?449.10,?220.00,?229.10,UPI,Delivered,Mobile App,3.0
ORD100168,07-Oct-2025,CUST1871,Isha Mehta,Female,26,Coimbatore,South,P022,Sunscreen SPF 50,Beauty,Skincare,1,?799.00,15%,?679.15,?360.00,?319.15,UPI,Delivered,Website,5.0
ORD100959,07-Oct-2025,CUST2198,Simran Gupta,Female,36,Mumbai,West,P005,Power Bank 20000mAh,Electronics,Accessories,1,"?1,599.00",15%,"?1,359.15",?920.00,?439.15,Debit Card,Delivered,Mobile App,3.0
ORD100257,07-Oct-2025,CUST0072,Sanya Malhotra,Female,45,Mysuru,South,P022,Sunscreen SPF 50,Beauty,Skincare,1,?799.00,15%,?679.15,?360.00,?319.15,Debit Card,Delivered,Mobile App,3.0
ORD101666,07-Oct-2025,CUST1818,Rohan Rao,Female,43,Kolkata,East,P020,Resistance Bands,Sports & Fitness,Fitness,1,?699.00,10%,?629.10,?320.00,?309.10,Cash on Delivery,Returned,Website,5.0
ORD104292,07-Oct-2025,CUST1520,Mohit Sharma,Male,32,Coimbatore,South,P020,Resistance Bands,Sports & Fitness,Fitness,1,?699.00,5%,?664.05,?320.00,?344.05,UPI,Delivered,Website,4.0
ORD102994,07-Oct-2025,CUST0942,Aditya Kapoor,Female,23,Jaipur,North,P021,Face Wash,Beauty,Skincare,5,?499.00,10%,"?2,245.50","?1,100.00","?1,145.50",UPI,Delivered,Mobile App,5.0
ORD102548,07-Oct-2025,CUST1374,Pooja Kapoor,Male,18,Nashik,West,P029,Programming Book,Books,Technology,2,"?1,299.00",10%,"?2,338.20","?1,220.00","?1,118.20",Credit Card,Delivered,Mobile App,5.0
ORD102292,08-Oct-2025,CUST2152,Sanya Malhotra,Male,45,Hyderabad,South,P025,Moisturizer,Beauty,Skincare,2,?699.00,0%,"?1,398.00",?620.00,?778.00,Credit Card,Delivered,Mobile App,5.0
ORD100968,08-Oct-2025,CUST1416,Sanya Malhotra,Female,29,Mysuru,South,P025,Moisturizer,Beauty,Skincare,1,?699.00,5%,?664.05,?310.00,?354.05,Credit Card,Delivered,Mobile App,1.0
ORD102674,08-Oct-2025,CUST1279,Shivam Mehta,Female,36,Ahmedabad,West,P026,Novel Collection,Books,Fiction,2,?899.00,5%,"?1,708.10",?840.00,?868.10,Net Banking,Delivered,Website,5.0
ORD104107,08-Oct-2025,CUST1309,Kavya Patel,Male,42,Mumbai,West,P003,Smart Watch,Electronics,Wearables,1,"?3,299.00",0%,"?3,299.00","?2,100.00","?1,199.00",UPI,Delivered,Website,4.0
ORD101982,08-Oct-2025,CUST1978,Rohan Rao,Male,41,Kochi,South,P028,Data Analytics Book,Books,Technology,1,"?1,099.00",5%,"?1,044.05",?520.00,?524.05,Wallet,Delivered,Website,4.0
ORD104178,08-Oct-2025,CUST0481,Diya Mishra,Female,25,Pune,West,P022,Sunscreen SPF 50,Beauty,Skincare,3,?799.00,15%,"?2,037.45","?1,080.00",?957.45,Credit Card,Delivered,Mobile App,5.0
ORD100616,08-Oct-2025,CUST1133,Tanvi Patel,Male,52,Mumbai,West,P003,Smart Watch,Electronics,Wearables,1,"?3,299.00",20%,"?2,639.20","?2,100.00",?539.20,Wallet,Delivered,Mobile App,1.0
ORD103395,09-Oct-2025,CUST0603,Vansh Chopra,Male,20,Hyderabad,South,P002,Bluetooth Speaker,Electronics,Audio,3,"?1,899.00",10%,"?5,127.30","?3,360.00","?1,767.30",Cash on Delivery,Delivered,Mobile App,5.0
ORD103917,09-Oct-2025,CUST0601,Meera Singh,Female,18,Ahmedabad,West,P002,Bluetooth Speaker,Electronics,Audio,1,"?1,899.00",10%,"?1,709.10","?1,120.00",?589.10,Debit Card,Delivered,Mobile App,5.0
ORD102971,09-Oct-2025,CUST1669,Akash Bansal,Male,34,Mumbai,West,P023,Shampoo,Beauty,Haircare,1,?649.00,10%,?584.10,?290.00,?294.10,Wallet,Delivered,Website,3.0
ORD101484,09-Oct-2025,CUST0253,Kavya Patel,Female,41,Ranchi,East,P017,Dumbbell Set,Sports & Fitness,Fitness,1,"?2,499.00",25%,"?1,874.25","?1,450.00",?424.25,Debit Card,Delivered,Website,4.0
ORD103903,09-Oct-2025,CUST0563,Anjali Verma,Male,40,Bengaluru,South,P011,Coffee Maker,Home & Kitchen,Kitchen,4,"?3,499.00",25%,"?10,497.00","?9,000.00","?1,497.00",UPI,Delivered,Website,5.0
ORD100694,09-Oct-2025,CUST1761,Diya Mishra,Female,36,Ahmedabad,West,P030,Self Help Book,Books,Self Development,1,?599.00,10%,?539.10,?260.00,?279.10,Cash on Delivery,Delivered,Website,5.0
ORD100539,09-Oct-2025,CUST0614,Kabir Gupta,Female,32,Bengaluru,South,P006,Laptop Backpack,Fashion,Bags,1,"?1,799.00",5%,"?1,709.05",?950.00,?759.05,Wallet,Delivered,Mobile App,4.0
ORD102371,10-Oct-2025,CUST1386,Arjun Rao,Male,33,Nagpur,West,P016,Yoga Mat,Sports & Fitness,Fitness,3,?999.00,0%,"?2,997.00","?1,560.00","?1,437.00",UPI,Delivered,Website,4.0
ORD103319,10-Oct-2025,CUST1111,Aditi Saxena,Female,18,Kochi,South,P022,Sunscreen SPF 50,Beauty,Skincare,1,?799.00,10%,?719.10,?360.00,?359.10,UPI,Delivered,Mobile App,4.0
ORD101966,10-Oct-2025,CUST2082,Manish Agarwal,Male,47,Coimbatore,South,P018,Cricket Bat,Sports & Fitness,Sports,1,"?2,199.00",5%,"?2,089.05","?1,250.00",?839.05,UPI,Delivered,Mobile App,5.0
ORD104876,10-Oct-2025,CUST0632,Ishaan Malhotra,Male,39,Guwahati,East,P002,Bluetooth Speaker,Electronics,Audio,1,"?1,899.00",10%,"?1,709.10","?1,120.00",?589.10,Net Banking,Delivered,Website,5.0
ORD104147,10-Oct-2025,CUST0741,Akash Bansal,Female,27,Delhi,North,P027,Business Strategy Book,Books,Business,3,?699.00,0%,"?2,097.00",?900.00,"?1,197.00",Wallet,Delivered,Website,3.0
ORD104474,10-Oct-2025,CUST1597,Kavya Patel,Female,35,Pune,West,P023,Shampoo,Beauty,Haircare,2,?649.00,15%,"?1,103.30",?580.00,?523.30,Credit Card,Delivered,Mobile App,2.0
ORD104974,10-Oct-2025,CUST1734,Kabir Gupta,Male,18,Jaipur,North,P026,Novel Collection,Books,Fiction,1,?899.00,10%,?809.10,?420.00,?389.10,UPI,Cancelled,Website,
ORD100816,10-Oct-2025,CUST1950,Pooja Kapoor,Female,39,Amritsar,North,P003,Smart Watch,Electronics,Wearables,4,"?3,299.00",5%,"?12,536.20","?8,400.00","?4,136.20",Credit Card,Delivered,Mobile App,4.0
ORD102995,10-Oct-2025,CUST0528,Mohit Sharma,Female,22,Kochi,South,P018,Cricket Bat,Sports & Fitness,Sports,3,"?2,199.00",10%,"?5,937.30","?3,750.00","?2,187.30",UPI,Delivered,Website,5.0
ORD103910,10-Oct-2025,CUST0185,Meera Singh,Male,24,Nagpur,West,P023,Shampoo,Beauty,Haircare,1,?649.00,10%,?584.10,?290.00,?294.10,Credit Card,Delivered,Mobile App,3.0
ORD103102,10-Oct-2025,CUST0093,Kavya Patel,Male,36,Coimbatore,South,P004,USB-C Charger,Electronics,Accessories,3,?899.00,20%,"?2,157.60","?1,440.00",?717.60,Net Banking,Delivered,Mobile App,3.0
ORD102202,10-Oct-2025,CUST2164,Karan Jain,Male,26,Jaipur,North,P021,Face Wash,Beauty,Skincare,3,?499.00,10%,"?1,347.30",?660.00,?687.30,UPI,Delivered,Mobile App,1.0
ORD100236,10-Oct-2025,CUST0137,Zoya Singh,Female,55,Ahmedabad,West,P005,Power Bank 20000mAh,Electronics,Accessories,5,"?1,599.00",10%,"?7,195.50","?4,600.00","?2,595.50",UPI,Delivered,Website,5.0
ORD103131,10-Oct-2025,CUST0639,Shivam Mehta,Male,30,Patna,East,P022,Sunscreen SPF 50,Beauty,Skincare,1,?799.00,10%,?719.10,?360.00,?359.10,Credit Card,Delivered,Mobile App,4.0
ORD103197,10-Oct-2025,CUST1137,Sakshi Mishra,Female,22,Ranchi,East,P019,Badminton Racket,Sports & Fitness,Sports,1,"?1,499.00",10%,"?1,349.10",?800.00,?549.10,Net Banking,Delivered,Website,4.0
ORD104266,10-Oct-2025,CUST0480,Aarav Sharma,Male,38,Guwahati,East,P029,Programming Book,Books,Technology,1,"?1,299.00",30%,?909.30,?610.00,?299.30,UPI,Delivered,Website,5.0
ORD100132,10-Oct-2025,CUST1571,Riya Verma,Female,32,Guwahati,East,P028,Data Analytics Book,Books,Technology,1,"?1,099.00",15%,?934.15,?520.00,?414.15,Credit Card,Delivered,Mobile App,4.0
ORD102299,11-Oct-2025,CUST0374,Simran Gupta,Male,38,Nagpur,West,P023,Shampoo,Beauty,Haircare,2,?649.00,20%,"?1,038.40",?580.00,?458.40,Credit Card,Returned,Website,5.0
ORD104855,11-Oct-2025,CUST1544,Sanya Malhotra,Female,24,Ranchi,East,P026,Novel Collection,Books,Fiction,3,?899.00,20%,"?2,157.60","?1,260.00",?897.60,Cash on Delivery,Delivered,Mobile App,5.0
ORD100240,11-Oct-2025,CUST0662,Simran Gupta,Female,37,Mysuru,South,P026,Novel Collection,Books,Fiction,2,?899.00,20%,"?1,438.40",?840.00,?598.40,Credit Card,Delivered,Website,5.0
ORD104042,11-Oct-2025,CUST0260,Varun Jain,Male,46,Patna,East,P021,Face Wash,Beauty,Skincare,1,?499.00,20%,?399.20,?220.00,?179.20,Cash on Delivery,Delivered,Website,5.0
ORD102560,11-Oct-2025,CUST1934,Aditya Kapoor,Male,35,Dehradun,North,P016,Yoga Mat,Sports & Fitness,Fitness,1,?999.00,5%,?949.05,?520.00,?429.05,Credit Card,Delivered,Mobile App,5.0
ORD103217,11-Oct-2025,CUST1144,Ishaan Malhotra,Male,48,Chennai,South,P002,Bluetooth Speaker,Electronics,Audio,2,"?1,899.00",20%,"?3,038.40","?2,240.00",?798.40,UPI,Delivered,Website,2.0
ORD104978,11-Oct-2025,CUST1269,Pranav Bansal,Male,38,Ahmedabad,West,P019,Badminton Racket,Sports & Fitness,Sports,1,"?1,499.00",30%,"?1,049.30",?800.00,?249.30,Net Banking,Delivered,Website,4.0
ORD101871,11-Oct-2025,CUST0217,Meera Singh,Female,38,Kolkata,East,P004,USB-C Charger,Electronics,Accessories,1,?899.00,10%,?809.10,?480.00,?329.10,Debit Card,Delivered,Mobile App,4.0
ORD101470,11-Oct-2025,CUST0878,Aditya Kapoor,Female,36,Patna,East,P005,Power Bank 20000mAh,Electronics,Accessories,1,"?1,599.00",15%,"?1,359.15",?920.00,?439.15,Credit Card,Delivered,Website,4.0
ORD100370,12-Oct-2025,CUST0589,Tanvi Patel,Male,26,Nagpur,West,P006,Laptop Backpack,Fashion,Bags,1,"?1,799.00",15%,"?1,529.15",?950.00,?579.15,Credit Card,Delivered,Mobile App,5.0
ORD103348,12-Oct-2025,CUST0849,Sakshi Mishra,Female,31,Bhubaneswar,East,P030,Self Help Book,Books,Self Development,1,?599.00,15%,?509.15,?260.00,?249.15,Credit Card,Delivered,Mobile App,4.0
ORD104846,12-Oct-2025,CUST0387,Riya Verma,Male,25,Lucknow,North,P016,Yoga Mat,Sports & Fitness,Fitness,1,?999.00,15%,?849.15,?520.00,?329.15,Debit Card,Delivered,Mobile App,5.0
ORD100335,12-Oct-2025,CUST0371,Anjali Verma,Female,44,Coimbatore,South,P016,Yoga Mat,Sports & Fitness,Fitness,2,?999.00,10%,"?1,798.20","?1,040.00",?758.20,UPI,Cancelled,Mobile App,
ORD100871,12-Oct-2025,CUST0362,Arjun Rao,Female,34,Jaipur,North,P001,Wireless Headphones,Electronics,Audio,1,"?2,499.00",15%,"?2,124.15","?1,550.00",?574.15,UPI,Delivered,Mobile App,5.0
ORD100889,12-Oct-2025,CUST1623,Aditi Saxena,Female,37,Mumbai,West,P001,Wireless Headphones,Electronics,Audio,1,"?2,499.00",20%,"?1,999.20","?1,550.00",?449.20,Debit Card,Delivered,Mobile App,4.0
ORD101264,12-Oct-2025,CUST0111,Isha Mehta,Male,40,Kochi,South,P002,Bluetooth Speaker,Electronics,Audio,2,"?1,899.00",10%,"?3,418.20","?2,240.00","?1,178.20",UPI,Cancelled,Mobile App,
ORD104286,12-Oct-2025,CUST1888,Aarav Sharma,Male,43,Dehradun,North,P023,Shampoo,Beauty,Haircare,1,?649.00,10%,?584.10,?290.00,?294.10,Debit Card,Delivered,Mobile App,5.0
ORD101276,12-Oct-2025,CUST1712,Mohit Sharma,Female,38,Hyderabad,South,P010,Casual Hoodie,Fashion,Clothing,3,"?1,499.00",15%,"?3,822.45","?2,340.00","?1,482.45",Wallet,Delivered,Mobile App,4.0
ORD104177,12-Oct-2025,CUST1390,Aditya Kapoor,Male,25,Bhubaneswar,East,P001,Wireless Headphones,Electronics,Audio,3,"?2,499.00",30%,"?5,247.90","?4,650.00",?597.90,Cash on Delivery,Delivered,Website,5.0
ORD100943,12-Oct-2025,CUST2132,Karan Jain,Male,32,Bengaluru,South,P019,Badminton Racket,Sports & Fitness,Sports,2,"?1,499.00",0%,"?2,998.00","?1,600.00","?1,398.00",Cash on Delivery,Delivered,Mobile App,5.0
ORD103809,13-Oct-2025,CUST2117,Akash Bansal,Female,39,Delhi,North,P001,Wireless Headphones,Electronics,Audio,1,"?2,499.00",0%,"?2,499.00","?1,550.00",?949.00,UPI,Cancelled,Mobile App,
ORD101718,13-Oct-2025,CUST1923,Riya Verma,Female,48,Ranchi,East,P021,Face Wash,Beauty,Skincare,1,?499.00,25%,?374.25,?220.00,?154.25,UPI,Delivered,Website,5.0
ORD102310,13-Oct-2025,CUST0065,Diya Mishra,Female,37,Guwahati,East,P007,Running Shoes,Fashion,Footwear,1,"?2,899.00",10%,"?2,609.10","?1,700.00",?909.10,Credit Card,Returned,Mobile App,4.0
ORD102610,13-Oct-2025,CUST2195,Anjali Verma,Female,18,Nashik,West,P010,Casual Hoodie,Fashion,Clothing,1,"?1,499.00",20%,"?1,199.20",?780.00,?419.20,Net Banking,Delivered,Website,4.0
ORD100893,13-Oct-2025,CUST1458,Yash Agarwal,Male,30,Bhubaneswar,East,P006,Laptop Backpack,Fashion,Bags,4,"?1,799.00",5%,"?6,836.20","?3,800.00","?3,036.20",Cash on Delivery,Delivered,Mobile App,2.0
ORD103895,14-Oct-2025,CUST1290,Arjun Rao,Male,35,Lucknow,North,P005,Power Bank 20000mAh,Electronics,Accessories,1,"?1,599.00",0%,"?1,599.00",?920.00,?679.00,Net Banking,Delivered,Mobile App,4.0
ORD101460,14-Oct-2025,CUST0389,Akash Bansal,Female,21,Nagpur,West,P007,Running Shoes,Fashion,Footwear,1,"?2,899.00",5%,"?2,754.05","?1,700.00","?1,054.05",Credit Card,Cancelled,Mobile App,
ORD101700,14-Oct-2025,CUST1912,Ishaan Malhotra,Male,20,Dehradun,North,P004,USB-C Charger,Electronics,Accessories,2,?899.00,10%,"?1,618.20",?960.00,?658.20,Debit Card,Delivered,Mobile App,5.0
ORD103783,14-Oct-2025,CUST0221,Kavya Patel,Male,34,Kochi,South,P029,Programming Book,Books,Technology,1,"?1,299.00",5%,"?1,234.05",?610.00,?624.05,Debit Card,Delivered,Mobile App,4.0
ORD104752,14-Oct-2025,CUST1799,Nisha Saxena,Male,36,Guwahati,East,P001,Wireless Headphones,Electronics,Audio,1,"?2,499.00",10%,"?2,249.10","?1,550.00",?699.10,Credit Card,Delivered,Website,5.0
ORD100990,14-Oct-2025,CUST2034,Yash Agarwal,Male,36,Dehradun,North,P011,Coffee Maker,Home & Kitchen,Kitchen,1,"?3,499.00",15%,"?2,974.15","?2,250.00",?724.15,Debit Card,Delivered,Website,2.0
ORD101538,14-Oct-2025,CUST1319,Nisha Saxena,Female,32,Bokaro,East,P001,Wireless Headphones,Electronics,Audio,3,"?2,499.00",10%,"?6,747.30","?4,650.00","?2,097.30",Credit Card,Delivered,Mobile App,3.0
ORD101794,14-Oct-2025,CUST1804,Rahul Kumar,Male,36,Jaipur,North,P017,Dumbbell Set,Sports & Fitness,Fitness,2,"?2,499.00",10%,"?4,498.20","?2,900.00","?1,598.20",Cash on Delivery,Cancelled,Mobile App,
ORD102600,14-Oct-2025,CUST0562,Yash Agarwal,Male,29,Kochi,South,P017,Dumbbell Set,Sports & Fitness,Fitness,1,"?2,499.00",15%,"?2,124.15","?1,450.00",?674.15,Credit Card,Delivered,Mobile App,5.0
ORD104329,14-Oct-2025,CUST0182,Simran Gupta,Female,38,Bengaluru,South,P002,Bluetooth Speaker,Electronics,Audio,1,"?1,899.00",10%,"?1,709.10","?1,120.00",?589.10,Credit Card,Delivered,Website,4.0
ORD104045,14-Oct-2025,CUST1565,Kavya Patel,Male,33,Patna,East,P004,USB-C Charger,Electronics,Accessories,1,?899.00,15%,?764.15,?480.00,?284.15,Net Banking,Delivered,Website,5.0
ORD103877,15-Oct-2025,CUST2122,Arjun Rao,Male,18,Chandigarh,North,P029,Programming Book,Books,Technology,1,"?1,299.00",20%,"?1,039.20",?610.00,?429.20,Credit Card,Delivered,Website,3.0
ORD101671,15-Oct-2025,CUST1139,Anjali Verma,Male,32,Kochi,South,P010,Casual Hoodie,Fashion,Clothing,1,"?1,499.00",5%,"?1,424.05",?780.00,?644.05,Net Banking,Delivered,Mobile App,5.0
ORD101940,15-Oct-2025,CUST1529,Meera Singh,Male,18,Chennai,South,P023,Shampoo,Beauty,Haircare,3,?649.00,10%,"?1,752.30",?870.00,?882.30,Wallet,Delivered,Website,4.0
ORD104196,15-Oct-2025,CUST0460,Rahul Kumar,Female,36,Guwahati,East,P030,Self Help Book,Books,Self Development,2,?599.00,15%,"?1,018.30",?520.00,?498.30,Cash on Delivery,Delivered,Mobile App,5.0
ORD104214,15-Oct-2025,CUST0969,Zoya Singh,Male,39,Delhi,North,P010,Casual Hoodie,Fashion,Clothing,2,"?1,499.00",15%,"?2,548.30","?1,560.00",?988.30,Credit Card,Delivered,Mobile App,4.0
ORD100929,15-Oct-2025,CUST1204,Karan Jain,Male,43,Coimbatore,South,P013,Non-Stick Cookware Set,Home & Kitchen,Cookware,3,"?4,299.00",20%,"?10,317.60","?8,100.00","?2,217.60",Net Banking,Returned,Mobile App,5.0
ORD101063,15-Oct-2025,CUST2064,Mohit Sharma,Male,35,Chandigarh,North,P004,USB-C Charger,Electronics,Accessories,2,?899.00,10%,"?1,618.20",?960.00,?658.20,Debit Card,Delivered,Mobile App,5.0
ORD100272,15-Oct-2025,CUST1284,Varun Jain,Male,26,Coimbatore,South,P020,Resistance Bands,Sports & Fitness,Fitness,2,?699.00,20%,"?1,118.40",?640.00,?478.40,Wallet,Delivered,Website,5.0
ORD101929,15-Oct-2025,CUST0652,Rahul Kumar,Male,20,Coimbatore,South,P025,Moisturizer,Beauty,Skincare,2,?699.00,10%,"?1,258.20",?620.00,?638.20,Net Banking,Delivered,Mobile App,4.0
ORD103595,15-Oct-2025,CUST0790,Simran Gupta,Male,35,Patna,East,P002,Bluetooth Speaker,Electronics,Audio,3,"?1,899.00",10%,"?5,127.30","?3,360.00","?1,767.30",Credit Card,Delivered,Mobile App,3.0
ORD101928,15-Oct-2025,CUST1095,Nisha Saxena,Female,37,Mysuru,South,P021,Face Wash,Beauty,Skincare,3,?499.00,10%,"?1,347.30",?660.00,?687.30,Debit Card,Delivered,Website,5.0
ORD104069,15-Oct-2025,CUST0727,Aditi Saxena,Male,34,Dehradun,North,P014,Table Lamp,Home & Kitchen,Home Decor,2,"?1,299.00",10%,"?2,338.20","?1,380.00",?958.20,UPI,Delivered,Website,3.0
ORD101399,15-Oct-2025,CUST0831,Shivam Mehta,Male,35,Kochi,South,P004,USB-C Charger,Electronics,Accessories,1,?899.00,0%,?899.00,?480.00,?419.00,Debit Card,Delivered,Website,5.0
ORD100087,16-Oct-2025,CUST0582,Kabir Gupta,Male,51,Mumbai,West,P011,Coffee Maker,Home & Kitchen,Kitchen,3,"?3,499.00",10%,"?9,447.30","?6,750.00","?2,697.30",UPI,Delivered,Website,4.0
ORD103147,16-Oct-2025,CUST0954,Rohan Rao,Male,28,Nagpur,West,P025,Moisturizer,Beauty,Skincare,1,?699.00,20%,?559.20,?310.00,?249.20,UPI,Cancelled,Website,
ORD100346,16-Oct-2025,CUST1573,Akash Bansal,Female,35,Chandigarh,North,P018,Cricket Bat,Sports & Fitness,Sports,1,"?2,199.00",20%,"?1,759.20","?1,250.00",?509.20,Debit Card,Delivered,Mobile App,3.0
ORD103378,16-Oct-2025,CUST2095,Isha Mehta,Female,49,Hyderabad,South,P008,Cotton T-Shirt,Fashion,Clothing,1,?799.00,15%,?679.15,?390.00,?289.15,Credit Card,Delivered,Mobile App,5.0
ORD101014,16-Oct-2025,CUST0731,Vansh Chopra,Male,30,Ahmedabad,West,P018,Cricket Bat,Sports & Fitness,Sports,3,"?2,199.00",10%,"?5,937.30","?3,750.00","?2,187.30",Net Banking,Delivered,Mobile App,4.0
ORD100699,16-Oct-2025,CUST0013,Tanvi Patel,Male,25,Kochi,South,P010,Casual Hoodie,Fashion,Clothing,1,"?1,499.00",10%,"?1,349.10",?780.00,?569.10,UPI,Delivered,Mobile App,4.0
ORD100789,16-Oct-2025,CUST0583,Nisha Saxena,Female,25,Patna,East,P020,Resistance Bands,Sports & Fitness,Fitness,2,?699.00,5%,"?1,328.10",?640.00,?688.10,Debit Card,Delivered,Website,4.0
ORD103358,16-Oct-2025,CUST1654,Simran Gupta,Male,31,Ahmedabad,West,P008,Cotton T-Shirt,Fashion,Clothing,1,?799.00,15%,?679.15,?390.00,?289.15,UPI,Delivered,Mobile App,5.0
ORD102257,16-Oct-2025,CUST1144,Ishaan Malhotra,Female,37,Kolkata,East,P008,Cotton T-Shirt,Fashion,Clothing,1,?799.00,10%,?719.10,?390.00,?329.10,UPI,Delivered,Website,4.0
ORD100797,16-Oct-2025,CUST0240,Mohit Sharma,Female,18,Ahmedabad,West,P017,Dumbbell Set,Sports & Fitness,Fitness,1,"?2,499.00",5%,"?2,374.05","?1,450.00",?924.05,Credit Card,Delivered,Mobile App,4.0
ORD104658,16-Oct-2025,CUST1872,Mohit Sharma,Female,24,Pune,West,P005,Power Bank 20000mAh,Electronics,Accessories,2,"?1,599.00",20%,"?2,558.40","?1,840.00",?718.40,Credit Card,Delivered,Website,4.0
ORD101766,16-Oct-2025,CUST0573,Kavya Patel,Female,30,Delhi,North,P001,Wireless Headphones,Electronics,Audio,2,"?2,499.00",10%,"?4,498.20","?3,100.00","?1,398.20",UPI,Delivered,Mobile App,3.0
ORD101202,16-Oct-2025,CUST1605,Akash Bansal,Female,49,Mumbai,West,P009,Denim Jeans,Fashion,Clothing,2,"?1,999.00",5%,"?3,798.10","?2,100.00","?1,698.10",Credit Card,Delivered,Website,5.0
ORD102137,16-Oct-2025,CUST1794,Manish Agarwal,Female,38,Bengaluru,South,P007,Running Shoes,Fashion,Footwear,3,"?2,899.00",5%,"?8,262.15","?5,100.00","?3,162.15",Credit Card,Delivered,Mobile App,5.0
ORD102661,17-Oct-2025,CUST1877,Pranav Bansal,Female,37,Mumbai,West,P025,Moisturizer,Beauty,Skincare,1,?699.00,0%,?699.00,?310.00,?389.00,Debit Card,Delivered,Mobile App,4.0
ORD102699,17-Oct-2025,CUST0717,Tanvi Patel,Male,32,Nagpur,West,P028,Data Analytics Book,Books,Technology,2,"?1,099.00",0%,"?2,198.00","?1,040.00","?1,158.00",Net Banking,Delivered,Mobile App,4.0
ORD103002,17-Oct-2025,CUST0360,Sanya Malhotra,Female,29,Delhi,North,P022,Sunscreen SPF 50,Beauty,Skincare,2,?799.00,20%,"?1,278.40",?720.00,?558.40,UPI,Delivered,Website,1.0
ORD102477,17-Oct-2025,CUST0287,Shivam Mehta,Female,43,Surat,West,P015,Bedsheet Set,Home & Kitchen,Home Decor,1,"?1,599.00",15%,"?1,359.15",?850.00,?509.15,Cash on Delivery,Delivered,Website,4.0
ORD102642,17-Oct-2025,CUST1249,Diya Mishra,Male,31,Mumbai,West,P023,Shampoo,Beauty,Haircare,2,?649.00,10%,"?1,168.20",?580.00,?588.20,UPI,Delivered,Website,1.0
ORD104940,18-Oct-2025,CUST2047,Shivam Mehta,Female,27,Lucknow,North,P017,Dumbbell Set,Sports & Fitness,Fitness,1,"?2,499.00",15%,"?2,124.15","?1,450.00",?674.15,Debit Card,Delivered,Mobile App,5.0
ORD104086,18-Oct-2025,CUST0633,Meera Singh,Male,21,Surat,West,P027,Business Strategy Book,Books,Business,3,?699.00,0%,"?2,097.00",?900.00,"?1,197.00",UPI,Returned,Website,5.0
ORD100762,18-Oct-2025,CUST1653,Pranav Bansal,Female,36,Guwahati,East,P013,Non-Stick Cookware Set,Home & Kitchen,Cookware,1,"?4,299.00",5%,"?4,084.05","?2,700.00","?1,384.05",Net Banking,Delivered,Mobile App,4.0
ORD104471,18-Oct-2025,CUST1843,Anjali Verma,Female,23,Ranchi,East,P007,Running Shoes,Fashion,Footwear,2,"?2,899.00",0%,"?5,798.00","?3,400.00","?2,398.00",Debit Card,Delivered,Mobile App,5.0
ORD101604,18-Oct-2025,CUST1492,Karan Jain,Male,29,Bengaluru,South,P005,Power Bank 20000mAh,Electronics,Accessories,1,"?1,599.00",10%,"?1,439.10",?920.00,?519.10,Net Banking,Delivered,Website,5.0
ORD104336,18-Oct-2025,CUST1185,Diya Mishra,Female,33,Coimbatore,South,P028,Data Analytics Book,Books,Technology,3,"?1,099.00",15%,"?2,802.45","?1,560.00","?1,242.45",UPI,Delivered,Mobile App,4.0
ORD102380,18-Oct-2025,CUST1345,Diya Mishra,Female,31,Patna,East,P010,Casual Hoodie,Fashion,Clothing,1,"?1,499.00",15%,"?1,274.15",?780.00,?494.15,Credit Card,Delivered,Mobile App,4.0
ORD101568,18-Oct-2025,CUST1613,Tanvi Patel,Male,35,Pune,West,P009,Denim Jeans,Fashion,Clothing,1,"?1,999.00",5%,"?1,899.05","?1,050.00",?849.05,Cash on Delivery,Delivered,Mobile App,5.0
ORD103438,19-Oct-2025,CUST2181,Akash Bansal,Male,21,Ahmedabad,West,P003,Smart Watch,Electronics,Wearables,2,"?3,299.00",0%,"?6,598.00","?4,200.00","?2,398.00",Net Banking,Cancelled,Mobile App,
ORD104473,19-Oct-2025,CUST0010,Arjun Rao,Male,18,Nagpur,West,P028,Data Analytics Book,Books,Technology,3,"?1,099.00",10%,"?2,967.30","?1,560.00","?1,407.30",Debit Card,Delivered,Website,5.0
ORD102622,19-Oct-2025,CUST0500,Karan Jain,Male,22,Bokaro,East,P013,Non-Stick Cookware Set,Home & Kitchen,Cookware,3,"?4,299.00",15%,"?10,962.45","?8,100.00","?2,862.45",Net Banking,Delivered,Website,3.0
ORD100815,19-Oct-2025,CUST0373,Pranav Bansal,Male,38,Coimbatore,South,P025,Moisturizer,Beauty,Skincare,3,?699.00,10%,"?1,887.30",?930.00,?957.30,Debit Card,Delivered,Website,4.0
ORD100998,19-Oct-2025,CUST1638,Kabir Gupta,Male,22,Surat,West,P007,Running Shoes,Fashion,Footwear,3,"?2,899.00",5%,"?8,262.15","?5,100.00","?3,162.15",Credit Card,Delivered,Mobile App,4.0
ORD102734,20-Oct-2025,CUST1965,Tanvi Patel,Male,33,Bhubaneswar,East,P006,Laptop Backpack,Fashion,Bags,3,"?1,799.00",10%,"?4,857.30","?2,850.00","?2,007.30",UPI,Delivered,Mobile App,5.0
ORD104166,20-Oct-2025,CUST0035,Riya Verma,Female,23,Jaipur,North,P006,Laptop Backpack,Fashion,Bags,2,"?1,799.00",20%,"?2,878.40","?1,900.00",?978.40,Net Banking,Returned,Mobile App,2.0
ORD101440,20-Oct-2025,CUST1565,Kavya Patel,Female,28,Chandigarh,North,P020,Resistance Bands,Sports & Fitness,Fitness,4,?699.00,5%,"?2,656.20","?1,280.00","?1,376.20",UPI,Returned,Website,5.0
ORD101482,20-Oct-2025,CUST1144,Ishaan Malhotra,Male,36,Hyderabad,South,P013,Non-Stick Cookware Set,Home & Kitchen,Cookware,1,"?4,299.00",20%,"?3,439.20","?2,700.00",?739.20,UPI,Delivered,Mobile App,3.0
ORD103868,20-Oct-2025,CUST0954,Rohan Rao,Male,44,Surat,West,P018,Cricket Bat,Sports & Fitness,Sports,1,"?2,199.00",10%,"?1,979.10","?1,250.00",?729.10,Net Banking,Delivered,Mobile App,3.0
ORD101581,20-Oct-2025,CUST0587,Kiara Chopra,Male,31,Nashik,West,P026,Novel Collection,Books,Fiction,1,?899.00,0%,?899.00,?420.00,?479.00,Debit Card,Delivered,Website,5.0
ORD101640,20-Oct-2025,CUST0408,Ishaan Malhotra,Male,30,Nashik,West,P010,Casual Hoodie,Fashion,Clothing,1,"?1,499.00",30%,"?1,049.30",?780.00,?269.30,UPI,Delivered,Website,5.0
ORD101128,20-Oct-2025,CUST1162,Arjun Rao,Female,18,Surat,West,P030,Self Help Book,Books,Self Development,2,?599.00,15%,"?1,018.30",?520.00,?498.30,UPI,Delivered,Website,4.0
ORD104308,21-Oct-2025,CUST1139,Anjali Verma,Male,27,Ahmedabad,West,P019,Badminton Racket,Sports & Fitness,Sports,1,"?1,499.00",10%,"?1,349.10",?800.00,?549.10,Credit Card,Cancelled,Website,
ORD100167,21-Oct-2025,CUST1275,Vansh Chopra,Female,30,Patna,East,P018,Cricket Bat,Sports & Fitness,Sports,1,"?2,199.00",5%,"?2,089.05","?1,250.00",?839.05,Cash on Delivery,Delivered,Website,5.0
ORD102157,21-Oct-2025,CUST1872,Mohit Sharma,Male,18,Dehradun,North,P021,Face Wash,Beauty,Skincare,1,?499.00,10%,?449.10,?220.00,?229.10,Cash on Delivery,Delivered,Website,5.0
ORD102706,21-Oct-2025,CUST1336,Ishaan Malhotra,Female,19,Bhubaneswar,East,P012,Air Fryer,Home & Kitchen,Kitchen,1,"?5,999.00",10%,"?5,399.10","?3,900.00","?1,499.10",UPI,Delivered,Website,4.0
ORD101510,21-Oct-2025,CUST1089,Diya Mishra,Female,36,Kochi,South,P001,Wireless Headphones,Electronics,Audio,1,"?2,499.00",15%,"?2,124.15","?1,550.00",?574.15,UPI,Delivered,Mobile App,3.0
ORD102877,21-Oct-2025,CUST1217,Diya Mishra,Male,24,Patna,East,P016,Yoga Mat,Sports & Fitness,Fitness,2,?999.00,5%,"?1,898.10","?1,040.00",?858.10,UPI,Delivered,Website,4.0
ORD103935,21-Oct-2025,CUST1043,Anjali Verma,Female,27,Kolkata,East,P003,Smart Watch,Electronics,Wearables,1,"?3,299.00",25%,"?2,474.25","?2,100.00",?374.25,Net Banking,Delivered,Mobile App,4.0
ORD102455,21-Oct-2025,CUST0890,Rohan Rao,Male,30,Mumbai,West,P020,Resistance Bands,Sports & Fitness,Fitness,2,?699.00,25%,"?1,048.50",?640.00,?408.50,Credit Card,Delivered,Website,3.0
ORD104668,21-Oct-2025,CUST0660,Karan Jain,Female,35,Nashik,West,P022,Sunscreen SPF 50,Beauty,Skincare,1,?799.00,5%,?759.05,?360.00,?399.05,UPI,Delivered,Mobile App,4.0
ORD104570,21-Oct-2025,CUST1551,Isha Mehta,Female,35,Dehradun,North,P024,Perfume,Beauty,Fragrance,1,"?1,799.00",10%,"?1,619.10",?900.00,?719.10,Credit Card,Delivered,Mobile App,4.0
ORD103282,22-Oct-2025,CUST1394,Yash Agarwal,Female,21,Kochi,South,P003,Smart Watch,Electronics,Wearables,1,"?3,299.00",0%,"?3,299.00","?2,100.00","?1,199.00",Wallet,Delivered,Website,4.0
ORD101228,22-Oct-2025,CUST0355,Riya Verma,Female,32,Mumbai,West,P010,Casual Hoodie,Fashion,Clothing,1,"?1,499.00",5%,"?1,424.05",?780.00,?644.05,UPI,Delivered,Website,3.0
ORD102662,22-Oct-2025,CUST1318,Kabir Gupta,Female,45,Bengaluru,South,P005,Power Bank 20000mAh,Electronics,Accessories,1,"?1,599.00",20%,"?1,279.20",?920.00,?359.20,UPI,Delivered,Mobile App,4.0
ORD100773,22-Oct-2025,CUST2068,Karan Jain,Male,27,Mysuru,South,P026,Novel Collection,Books,Fiction,2,?899.00,5%,"?1,708.10",?840.00,?868.10,Debit Card,Cancelled,Mobile App,
ORD103394,22-Oct-2025,CUST0031,Shivam Mehta,Female,21,Lucknow,North,P011,Coffee Maker,Home & Kitchen,Kitchen,1,"?3,499.00",15%,"?2,974.15","?2,250.00",?724.15,UPI,Delivered,Mobile App,4.0
ORD102091,22-Oct-2025,CUST1916,Ananya Kumar,Female,41,Nashik,West,P011,Coffee Maker,Home & Kitchen,Kitchen,2,"?3,499.00",15%,"?5,948.30","?4,500.00","?1,448.30",UPI,Returned,Mobile App,2.0
ORD103184,22-Oct-2025,CUST0619,Kiara Chopra,Male,31,Chandigarh,North,P004,USB-C Charger,Electronics,Accessories,4,?899.00,10%,"?3,236.40","?1,920.00","?1,316.40",UPI,Returned,Website,2.0
ORD104993,22-Oct-2025,CUST0034,Manish Agarwal,Female,31,Kochi,South,P028,Data Analytics Book,Books,Technology,1,"?1,099.00",10%,?989.10,?520.00,?469.10,UPI,Delivered,Mobile App,4.0
ORD101424,22-Oct-2025,CUST0771,Riya Verma,Female,22,Surat,West,P008,Cotton T-Shirt,Fashion,Clothing,1,?799.00,10%,?719.10,?390.00,?329.10,Credit Card,Delivered,Mobile App,4.0
ORD103620,23-Oct-2025,CUST1554,Yash Agarwal,Female,30,Bhubaneswar,East,P014,Table Lamp,Home & Kitchen,Home Decor,1,"?1,299.00",25%,?974.25,?690.00,?284.25,UPI,Delivered,Website,3.0
ORD100772,23-Oct-2025,CUST0180,Karan Jain,Male,33,Coimbatore,South,P005,Power Bank 20000mAh,Electronics,Accessories,2,"?1,599.00",10%,"?2,878.20","?1,840.00","?1,038.20",UPI,Delivered,Website,4.0
ORD100757,23-Oct-2025,CUST0538,Rohan Rao,Male,31,Guwahati,East,P007,Running Shoes,Fashion,Footwear,1,"?2,899.00",15%,"?2,464.15","?1,700.00",?764.15,Debit Card,Delivered,Mobile App,4.0
ORD100839,23-Oct-2025,CUST1756,Ananya Kumar,Male,33,Bokaro,East,P001,Wireless Headphones,Electronics,Audio,1,"?2,499.00",10%,"?2,249.10","?1,550.00",?699.10,UPI,Returned,Website,5.0
ORD101027,23-Oct-2025,CUST1842,Yash Agarwal,Female,37,Hyderabad,South,P008,Cotton T-Shirt,Fashion,Clothing,2,?799.00,0%,"?1,598.00",?780.00,?818.00,Net Banking,Cancelled,Website,
ORD104241,23-Oct-2025,CUST1370,Rohan Rao,Male,36,Ahmedabad,West,P001,Wireless Headphones,Electronics,Audio,2,"?2,499.00",10%,"?4,498.20","?3,100.00","?1,398.20",Debit Card,Delivered,Mobile App,5.0
ORD101002,23-Oct-2025,CUST0269,Tanvi Patel,Male,39,Surat,West,P004,USB-C Charger,Electronics,Accessories,5,?899.00,5%,"?4,270.25","?2,400.00","?1,870.25",Debit Card,Delivered,Mobile App,4.0
ORD103673,23-Oct-2025,CUST0884,Karan Jain,Male,38,Dehradun,North,P008,Cotton T-Shirt,Fashion,Clothing,2,?799.00,10%,"?1,438.20",?780.00,?658.20,UPI,Delivered,Website,1.0
ORD100067,23-Oct-2025,CUST0266,Arjun Rao,Male,50,Bhubaneswar,East,P024,Perfume,Beauty,Fragrance,2,"?1,799.00",0%,"?3,598.00","?1,800.00","?1,798.00",Cash on Delivery,Delivered,Mobile App,4.0
ORD103260,23-Oct-2025,CUST0531,Anjali Verma,Female,30,Nagpur,West,P010,Casual Hoodie,Fashion,Clothing,2,"?1,499.00",10%,"?2,698.20","?1,560.00","?1,138.20",Debit Card,Delivered,Website,5.0
ORD104704,23-Oct-2025,CUST1984,Aarav Sharma,Male,31,Mysuru,South,P020,Resistance Bands,Sports & Fitness,Fitness,2,?699.00,25%,"?1,048.50",?640.00,?408.50,Cash on Delivery,Delivered,Mobile App,5.0
ORD102440,23-Oct-2025,CUST1269,Pranav Bansal,Male,34,Bengaluru,South,P012,Air Fryer,Home & Kitchen,Kitchen,2,"?5,999.00",5%,"?11,398.10","?7,800.00","?3,598.10",Cash on Delivery,Delivered,Mobile App,5.0
ORD103635,23-Oct-2025,CUST0363,Kiara Chopra,Male,32,Kolkata,East,P014,Table Lamp,Home & Kitchen,Home Decor,1,"?1,299.00",5%,"?1,234.05",?690.00,?544.05,Net Banking,Delivered,Mobile App,2.0
ORD102189,24-Oct-2025,CUST0142,Aditya Kapoor,Male,41,Bengaluru,South,P025,Moisturizer,Beauty,Skincare,2,?699.00,0%,"?1,398.00",?620.00,?778.00,Debit Card,Delivered,Mobile App,4.0
ORD100840,24-Oct-2025,CUST1966,Aditya Kapoor,Male,37,Chennai,South,P022,Sunscreen SPF 50,Beauty,Skincare,1,?799.00,15%,?679.15,?360.00,?319.15,Credit Card,Delivered,Mobile App,2.0
ORD104714,24-Oct-2025,CUST1768,Sanya Malhotra,Male,33,Bengaluru,South,P027,Business Strategy Book,Books,Business,2,?699.00,0%,"?1,398.00",?600.00,?798.00,Debit Card,Delivered,Mobile App,4.0
ORD104788,25-Oct-2025,CUST0427,Kiara Chopra,Male,53,Kochi,South,P013,Non-Stick Cookware Set,Home & Kitchen,Cookware,1,"?4,299.00",20%,"?3,439.20","?2,700.00",?739.20,UPI,Returned,Website,4.0
ORD104143,25-Oct-2025,CUST0376,Ishaan Malhotra,Male,30,Mysuru,South,P002,Bluetooth Speaker,Electronics,Audio,2,"?1,899.00",5%,"?3,608.10","?2,240.00","?1,368.10",Wallet,Delivered,Website,4.0
ORD101435,25-Oct-2025,CUST1484,Rahul Kumar,Male,35,Kochi,South,P007,Running Shoes,Fashion,Footwear,2,"?2,899.00",20%,"?4,638.40","?3,400.00","?1,238.40",Credit Card,Cancelled,Mobile App,
ORD101621,25-Oct-2025,CUST1794,Manish Agarwal,Female,29,Bokaro,East,P029,Programming Book,Books,Technology,4,"?1,299.00",10%,"?4,676.40","?2,440.00","?2,236.40",Cash on Delivery,Delivered,Website,2.0
ORD104255,25-Oct-2025,CUST0294,Kabir Gupta,Female,30,Amritsar,North,P010,Casual Hoodie,Fashion,Clothing,1,"?1,499.00",10%,"?1,349.10",?780.00,?569.10,UPI,Delivered,Mobile App,4.0
ORD100188,25-Oct-2025,CUST1733,Akash Bansal,Male,18,Hyderabad,South,P024,Perfume,Beauty,Fragrance,3,"?1,799.00",20%,"?4,317.60","?2,700.00","?1,617.60",UPI,Delivered,Mobile App,5.0
ORD104883,25-Oct-2025,CUST0159,Shivam Mehta,Female,25,Bokaro,East,P011,Coffee Maker,Home & Kitchen,Kitchen,4,"?3,499.00",10%,"?12,596.40","?9,000.00","?3,596.40",UPI,Delivered,Mobile App,4.0
ORD104378,26-Oct-2025,CUST0830,Pooja Kapoor,Male,29,Chennai,South,P023,Shampoo,Beauty,Haircare,5,?649.00,10%,"?2,920.50","?1,450.00","?1,470.50",Credit Card,Delivered,Mobile App,5.0
ORD103873,26-Oct-2025,CUST2166,Simran Gupta,Male,22,Guwahati,East,P011,Coffee Maker,Home & Kitchen,Kitchen,1,"?3,499.00",15%,"?2,974.15","?2,250.00",?724.15,Net Banking,Delivered,Mobile App,4.0
ORD103259,26-Oct-2025,CUST1512,Sanya Malhotra,Female,31,Chennai,South,P020,Resistance Bands,Sports & Fitness,Fitness,1,?699.00,10%,?629.10,?320.00,?309.10,Cash on Delivery,Delivered,Website,5.0
ORD103549,26-Oct-2025,CUST1099,Kiara Chopra,Female,33,Guwahati,East,P011,Coffee Maker,Home & Kitchen,Kitchen,1,"?3,499.00",5%,"?3,324.05","?2,250.00","?1,074.05",UPI,Delivered,Website,4.0
ORD102543,27-Oct-2025,CUST1047,Aditi Saxena,Female,24,Nagpur,West,P016,Yoga Mat,Sports & Fitness,Fitness,1,?999.00,25%,?749.25,?520.00,?229.25,Credit Card,Delivered,Mobile App,3.0
ORD104201,27-Oct-2025,CUST1237,Pranav Bansal,Female,43,Pune,West,P020,Resistance Bands,Sports & Fitness,Fitness,1,?699.00,15%,?594.15,?320.00,?274.15,Debit Card,Delivered,Mobile App,5.0
ORD101582,27-Oct-2025,CUST0329,Zoya Singh,Male,37,Lucknow,North,P019,Badminton Racket,Sports & Fitness,Sports,1,"?1,499.00",5%,"?1,424.05",?800.00,?624.05,Debit Card,Delivered,Website,5.0
ORD103500,27-Oct-2025,CUST1585,Sakshi Mishra,Female,28,Chandigarh,North,P008,Cotton T-Shirt,Fashion,Clothing,1,?799.00,10%,?719.10,?390.00,?329.10,Wallet,Delivered,Mobile App,1.0
ORD100726,27-Oct-2025,CUST1482,Arjun Rao,Male,40,Coimbatore,South,P015,Bedsheet Set,Home & Kitchen,Home Decor,1,"?1,599.00",15%,"?1,359.15",?850.00,?509.15,Credit Card,Delivered,Website,2.0
ORD102851,28-Oct-2025,CUST1436,Ananya Kumar,Female,33,Hyderabad,South,P024,Perfume,Beauty,Fragrance,1,"?1,799.00",0%,"?1,799.00",?900.00,?899.00,Debit Card,Delivered,Mobile App,5.0
ORD101458,28-Oct-2025,CUST1300,Karan Jain,Female,40,Ranchi,East,P026,Novel Collection,Books,Fiction,1,?899.00,10%,?809.10,?420.00,?389.10,UPI,Delivered,Mobile App,4.0
ORD103219,28-Oct-2025,CUST0807,Nisha Saxena,Female,19,Nashik,West,P007,Running Shoes,Fashion,Footwear,1,"?2,899.00",30%,"?2,029.30","?1,700.00",?329.30,UPI,Delivered,Website,5.0
ORD101339,28-Oct-2025,CUST1243,Vansh Chopra,Male,26,Coimbatore,South,P002,Bluetooth Speaker,Electronics,Audio,2,"?1,899.00",15%,"?3,228.30","?2,240.00",?988.30,Debit Card,Delivered,Mobile App,5.0
ORD101393,28-Oct-2025,CUST1869,Tanvi Patel,Male,42,Delhi,North,P020,Resistance Bands,Sports & Fitness,Fitness,1,?699.00,30%,?489.30,?320.00,?169.30,UPI,Delivered,Mobile App,5.0
ORD100456,28-Oct-2025,CUST2105,Meera Singh,Female,24,Ranchi,East,P014,Table Lamp,Home & Kitchen,Home Decor,1,"?1,299.00",5%,"?1,234.05",?690.00,?544.05,UPI,Delivered,Mobile App,4.0
ORD101194,28-Oct-2025,CUST0209,Sakshi Mishra,Female,38,Amritsar,North,P010,Casual Hoodie,Fashion,Clothing,3,"?1,499.00",30%,"?3,147.90","?2,340.00",?807.90,Cash on Delivery,Delivered,Website,4.0
ORD102342,28-Oct-2025,CUST0626,Yash Agarwal,Male,39,Coimbatore,South,P006,Laptop Backpack,Fashion,Bags,1,"?1,799.00",5%,"?1,709.05",?950.00,?759.05,UPI,Delivered,Mobile App,5.0
ORD102409,28-Oct-2025,CUST1023,Shivam Mehta,Male,40,Mumbai,West,P016,Yoga Mat,Sports & Fitness,Fitness,1,?999.00,5%,?949.05,?520.00,?429.05,UPI,Delivered,Mobile App,4.0
ORD101667,29-Oct-2025,CUST0633,Meera Singh,Female,24,Amritsar,North,P030,Self Help Book,Books,Self Development,2,?599.00,10%,"?1,078.20",?520.00,?558.20,Debit Card,Delivered,Mobile App,5.0
ORD102000,29-Oct-2025,CUST1620,Karan Jain,Female,27,Bhubaneswar,East,P028,Data Analytics Book,Books,Technology,2,"?1,099.00",5%,"?2,088.10","?1,040.00","?1,048.10",Credit Card,Delivered,Mobile App,4.0
ORD102276,29-Oct-2025,CUST1076,Karan Jain,Female,27,Nagpur,West,P020,Resistance Bands,Sports & Fitness,Fitness,2,?699.00,20%,"?1,118.40",?640.00,?478.40,Credit Card,Delivered,Website,1.0
ORD101138,29-Oct-2025,CUST0097,Diya Mishra,Male,19,Jaipur,North,P005,Power Bank 20000mAh,Electronics,Accessories,1,"?1,599.00",10%,"?1,439.10",?920.00,?519.10,UPI,Delivered,Website,4.0
ORD103699,29-Oct-2025,CUST2019,Riya Verma,Male,36,Ahmedabad,West,P007,Running Shoes,Fashion,Footwear,2,"?2,899.00",20%,"?4,638.40","?3,400.00","?1,238.40",Cash on Delivery,Delivered,Mobile App,4.0
ORD102084,29-Oct-2025,CUST1280,Aarav Sharma,Male,32,Chennai,South,P002,Bluetooth Speaker,Electronics,Audio,2,"?1,899.00",5%,"?3,608.10","?2,240.00","?1,368.10",Cash on Delivery,Delivered,Website,5.0
ORD103938,29-Oct-2025,CUST1877,Pranav Bansal,Female,34,Kolkata,East,P023,Shampoo,Beauty,Haircare,2,?649.00,15%,"?1,103.30",?580.00,?523.30,UPI,Delivered,Mobile App,3.0
ORD102880,29-Oct-2025,CUST0923,Vansh Chopra,Female,53,Patna,East,P002,Bluetooth Speaker,Electronics,Audio,1,"?1,899.00",10%,"?1,709.10","?1,120.00",?589.10,Debit Card,Delivered,Mobile App,1.0
ORD100823,29-Oct-2025,CUST1636,Varun Jain,Female,24,Mysuru,South,P020,Resistance Bands,Sports & Fitness,Fitness,2,?699.00,0%,"?1,398.00",?640.00,?758.00,UPI,Delivered,Website,5.0
ORD102383,29-Oct-2025,CUST0613,Akash Bansal,Female,35,Bokaro,East,P026,Novel Collection,Books,Fiction,2,?899.00,0%,"?1,798.00",?840.00,?958.00,Credit Card,Returned,Mobile App,5.0
ORD104222,29-Oct-2025,CUST0924,Ananya Kumar,Male,37,Jaipur,North,P007,Running Shoes,Fashion,Footwear,1,"?2,899.00",20%,"?2,319.20","?1,700.00",?619.20,UPI,Delivered,Website,4.0
ORD100373,29-Oct-2025,CUST2059,Kiara Chopra,Male,20,Mumbai,West,P023,Shampoo,Beauty,Haircare,3,?649.00,20%,"?1,557.60",?870.00,?687.60,Credit Card,Delivered,Mobile App,4.0
ORD101952,29-Oct-2025,CUST0288,Aarav Sharma,Male,33,Patna,East,P008,Cotton T-Shirt,Fashion,Clothing,1,?799.00,10%,?719.10,?390.00,?329.10,Debit Card,Delivered,Mobile App,5.0
ORD100260,29-Oct-2025,CUST1360,Mohit Sharma,Female,18,Jaipur,North,P011,Coffee Maker,Home & Kitchen,Kitchen,1,"?3,499.00",5%,"?3,324.05","?2,250.00","?1,074.05",Credit Card,Delivered,Website,4.0
ORD102065,30-Oct-2025,CUST2123,Kiara Chopra,Male,34,Jaipur,North,P028,Data Analytics Book,Books,Technology,2,"?1,099.00",10%,"?1,978.20","?1,040.00",?938.20,UPI,Delivered,Mobile App,5.0
ORD101701,30-Oct-2025,CUST0035,Riya Verma,Female,27,Jaipur,North,P001,Wireless Headphones,Electronics,Audio,1,"?2,499.00",15%,"?2,124.15","?1,550.00",?574.15,Net Banking,Delivered,Website,4.0
ORD102612,30-Oct-2025,CUST1543,Nisha Saxena,Female,36,Surat,West,P006,Laptop Backpack,Fashion,Bags,2,"?1,799.00",10%,"?3,238.20","?1,900.00","?1,338.20",Credit Card,Delivered,Website,5.0
ORD100577,30-Oct-2025,CUST0096,Aarav Sharma,Male,23,Nashik,West,P024,Perfume,Beauty,Fragrance,2,"?1,799.00",5%,"?3,418.10","?1,800.00","?1,618.10",Debit Card,Delivered,Mobile App,4.0
ORD102975,30-Oct-2025,CUST0933,Akash Bansal,Female,28,Coimbatore,South,P009,Denim Jeans,Fashion,Clothing,2,"?1,999.00",5%,"?3,798.10","?2,100.00","?1,698.10",UPI,Delivered,Mobile App,5.0
ORD101293,30-Oct-2025,CUST1657,Meera Singh,Male,38,Dehradun,North,P006,Laptop Backpack,Fashion,Bags,1,"?1,799.00",5%,"?1,709.05",?950.00,?759.05,Credit Card,Delivered,Website,4.0
ORD104258,30-Oct-2025,CUST1040,Mohit Sharma,Male,35,Coimbatore,South,P017,Dumbbell Set,Sports & Fitness,Fitness,1,"?2,499.00",20%,"?1,999.20","?1,450.00",?549.20,Debit Card,Delivered,Mobile App,4.0
ORD103313,30-Oct-2025,CUST0148,Karan Jain,Male,55,Nagpur,West,P025,Moisturizer,Beauty,Skincare,1,?699.00,30%,?489.30,?310.00,?179.30,Wallet,Delivered,Website,2.0
ORD104692,30-Oct-2025,CUST2032,Mohit Sharma,Male,27,Dehradun,North,P020,Resistance Bands,Sports & Fitness,Fitness,1,?699.00,10%,?629.10,?320.00,?309.10,UPI,Delivered,Mobile App,4.0
ORD101459,30-Oct-2025,CUST1954,Manish Agarwal,Female,30,Bokaro,East,P028,Data Analytics Book,Books,Technology,4,"?1,099.00",15%,"?3,736.60","?2,080.00","?1,656.60",UPI,Delivered,Mobile App,4.0
ORD103943,30-Oct-2025,CUST1623,Aditi Saxena,Female,25,Mysuru,South,P027,Business Strategy Book,Books,Business,1,?699.00,10%,?629.10,?300.00,?329.10,Cash on Delivery,Delivered,Website,3.0
ORD101534,30-Oct-2025,CUST1790,Pooja Kapoor,Female,39,Mysuru,South,P006,Laptop Backpack,Fashion,Bags,1,"?1,799.00",15%,"?1,529.15",?950.00,?579.15,UPI,Delivered,Mobile App,3.0
ORD100649,30-Oct-2025,CUST0950,Simran Gupta,Female,53,Nagpur,West,P003,Smart Watch,Electronics,Wearables,2,"?3,299.00",25%,"?4,948.50","?4,200.00",?748.50,UPI,Delivered,Mobile App,5.0
ORD102740,30-Oct-2025,CUST0562,Yash Agarwal,Female,40,Patna,East,P018,Cricket Bat,Sports & Fitness,Sports,2,"?2,199.00",20%,"?3,518.40","?2,500.00","?1,018.40",Credit Card,Delivered,Mobile App,2.0
ORD102737,31-Oct-2025,CUST1918,Pooja Kapoor,Female,24,Bokaro,East,P019,Badminton Racket,Sports & Fitness,Sports,4,"?1,499.00",25%,"?4,497.00","?3,200.00","?1,297.00",Cash on Delivery,Delivered,Website,4.0
ORD101580,31-Oct-2025,CUST0371,Anjali Verma,Female,42,Mysuru,South,P025,Moisturizer,Beauty,Skincare,2,?699.00,10%,"?1,258.20",?620.00,?638.20,Wallet,Delivered,Mobile App,4.0
ORD100193,31-Oct-2025,CUST1916,Ananya Kumar,Male,35,Surat,West,P011,Coffee Maker,Home & Kitchen,Kitchen,3,"?3,499.00",15%,"?8,922.45","?6,750.00","?2,172.45",Debit Card,Delivered,Mobile App,5.0
ORD102332,31-Oct-2025,CUST2120,Sanya Malhotra,Female,28,Coimbatore,South,P018,Cricket Bat,Sports & Fitness,Sports,1,"?2,199.00",15%,"?1,869.15","?1,250.00",?619.15,Credit Card,Returned,Website,4.0
ORD104487,31-Oct-2025,CUST1340,Ananya Kumar,Male,28,Amritsar,North,P005,Power Bank 20000mAh,Electronics,Accessories,2,"?1,599.00",10%,"?2,878.20","?1,840.00","?1,038.20",Credit Card,Delivered,Mobile App,4.0
ORD103268,31-Oct-2025,CUST0814,Aditya Kapoor,Female,27,Nashik,West,P024,Perfume,Beauty,Fragrance,1,"?1,799.00",15%,"?1,529.15",?900.00,?629.15,Credit Card,Delivered,Mobile App,5.0
ORD101540,31-Oct-2025,CUST0405,Pranav Bansal,Male,23,Hyderabad,South,P021,Face Wash,Beauty,Skincare,3,?499.00,10%,"?1,347.30",?660.00,?687.30,Net Banking,Delivered,Mobile App,5.0
ORD103561,31-Oct-2025,CUST2139,Vansh Chopra,Female,35,Ahmedabad,West,P028,Data Analytics Book,Books,Technology,3,"?1,099.00",25%,"?2,472.75","?1,560.00",?912.75,UPI,Delivered,Mobile App,5.0
ORD104142,31-Oct-2025,CUST1459,Anjali Verma,Male,22,Guwahati,East,P021,Face Wash,Beauty,Skincare,1,?499.00,10%,?449.10,?220.00,?229.10,UPI,Delivered,Mobile App,3.0
ORD102578,31-Oct-2025,CUST2135,Aditi Saxena,Male,40,Dehradun,North,P012,Air Fryer,Home & Kitchen,Kitchen,2,"?5,999.00",25%,"?8,998.50","?7,800.00","?1,198.50",UPI,Delivered,Mobile App,5.0
ORD102128,01-Nov-2025,CUST1787,Vansh Chopra,Male,22,Nagpur,West,P027,Business Strategy Book,Books,Business,1,?699.00,20%,?559.20,?300.00,?259.20,Net Banking,Delivered,Mobile App,4.0
ORD104832,01-Nov-2025,CUST1139,Anjali Verma,Female,26,Kolkata,East,P008,Cotton T-Shirt,Fashion,Clothing,4,?799.00,15%,"?2,716.60","?1,560.00","?1,156.60",Net Banking,Delivered,Mobile App,5.0
ORD101475,01-Nov-2025,CUST1580,Rahul Kumar,Male,46,Mysuru,South,P030,Self Help Book,Books,Self Development,2,?599.00,15%,"?1,018.30",?520.00,?498.30,UPI,Delivered,Mobile App,5.0
ORD102532,01-Nov-2025,CUST0598,Simran Gupta,Male,40,Ranchi,East,P008,Cotton T-Shirt,Fashion,Clothing,1,?799.00,10%,?719.10,?390.00,?329.10,Net Banking,Delivered,Mobile App,4.0
ORD100499,01-Nov-2025,CUST0234,Arjun Rao,Male,27,Chennai,South,P029,Programming Book,Books,Technology,1,"?1,299.00",20%,"?1,039.20",?610.00,?429.20,UPI,Delivered,Mobile App,4.0
ORD104414,01-Nov-2025,CUST1743,Isha Mehta,Female,21,Ahmedabad,West,P002,Bluetooth Speaker,Electronics,Audio,1,"?1,899.00",0%,"?1,899.00","?1,120.00",?779.00,UPI,Delivered,Website,5.0
ORD100890,01-Nov-2025,CUST2069,Pranav Bansal,Female,23,Ranchi,East,P007,Running Shoes,Fashion,Footwear,1,"?2,899.00",0%,"?2,899.00","?1,700.00","?1,199.00",Cash on Delivery,Delivered,Website,4.0
ORD101363,01-Nov-2025,CUST0612,Varun Jain,Female,25,Jaipur,North,P004,USB-C Charger,Electronics,Accessories,1,?899.00,5%,?854.05,?480.00,?374.05,Credit Card,Delivered,Website,4.0
ORD101566,01-Nov-2025,CUST1754,Rohan Rao,Female,26,Bhubaneswar,East,P007,Running Shoes,Fashion,Footwear,1,"?2,899.00",10%,"?2,609.10","?1,700.00",?909.10,UPI,Delivered,Mobile App,1.0
ORD103400,01-Nov-2025,CUST0412,Ananya Kumar,Female,18,Amritsar,North,P019,Badminton Racket,Sports & Fitness,Sports,2,"?1,499.00",20%,"?2,398.40","?1,600.00",?798.40,Cash on Delivery,Delivered,Website,4.0
ORD100301,01-Nov-2025,CUST1048,Ishaan Malhotra,Female,30,Chennai,South,P001,Wireless Headphones,Electronics,Audio,1,"?2,499.00",20%,"?1,999.20","?1,550.00",?449.20,Credit Card,Delivered,Website,4.0
ORD101262,02-Nov-2025,CUST1852,Ananya Kumar,Female,28,Hyderabad,South,P002,Bluetooth Speaker,Electronics,Audio,3,"?1,899.00",0%,"?5,697.00","?3,360.00","?2,337.00",Net Banking,Delivered,Mobile App,4.0
ORD100571,02-Nov-2025,CUST0060,Ananya Kumar,Female,34,Ranchi,East,P023,Shampoo,Beauty,Haircare,1,?649.00,5%,?616.55,?290.00,?326.55,UPI,Delivered,Mobile App,4.0
ORD104599,02-Nov-2025,CUST1879,Aditi Saxena,Male,40,Nagpur,West,P030,Self Help Book,Books,Self Development,2,?599.00,30%,?838.60,?520.00,?318.60,Wallet,Delivered,Website,4.0
ORD104232,02-Nov-2025,CUST0360,Sanya Malhotra,Female,33,Nagpur,West,P002,Bluetooth Speaker,Electronics,Audio,1,"?1,899.00",10%,"?1,709.10","?1,120.00",?589.10,Net Banking,Delivered,Website,4.0
ORD100584,02-Nov-2025,CUST0234,Arjun Rao,Female,25,Bengaluru,South,P027,Business Strategy Book,Books,Business,1,?699.00,0%,?699.00,?300.00,?399.00,UPI,Delivered,Mobile App,4.0
ORD101501,02-Nov-2025,CUST1261,Tanvi Patel,Female,18,Hyderabad,South,P006,Laptop Backpack,Fashion,Bags,1,"?1,799.00",5%,"?1,709.05",?950.00,?759.05,UPI,Delivered,Website,5.0
ORD104942,02-Nov-2025,CUST0920,Ishaan Malhotra,Male,31,Pune,West,P006,Laptop Backpack,Fashion,Bags,2,"?1,799.00",10%,"?3,238.20","?1,900.00","?1,338.20",UPI,Delivered,Mobile App,4.0
ORD103025,02-Nov-2025,CUST0674,Manish Agarwal,Male,43,Kolkata,East,P029,Programming Book,Books,Technology,2,"?1,299.00",10%,"?2,338.20","?1,220.00","?1,118.20",Net Banking,Cancelled,Mobile App,
ORD104458,02-Nov-2025,CUST1629,Kavya Patel,Male,24,Ranchi,East,P021,Face Wash,Beauty,Skincare,1,?499.00,25%,?374.25,?220.00,?154.25,Credit Card,Delivered,Mobile App,1.0
ORD102183,03-Nov-2025,CUST1258,Arjun Rao,Female,30,Chennai,South,P017,Dumbbell Set,Sports & Fitness,Fitness,2,"?2,499.00",10%,"?4,498.20","?2,900.00","?1,598.20",UPI,Delivered,Mobile App,4.0
ORD102250,03-Nov-2025,CUST1207,Aditi Saxena,Male,36,Guwahati,East,P016,Yoga Mat,Sports & Fitness,Fitness,2,?999.00,10%,"?1,798.20","?1,040.00",?758.20,Cash on Delivery,Delivered,Website,5.0
ORD102812,03-Nov-2025,CUST1402,Rohan Rao,Female,31,Surat,West,P014,Table Lamp,Home & Kitchen,Home Decor,1,"?1,299.00",25%,?974.25,?690.00,?284.25,UPI,Delivered,Mobile App,4.0
ORD101400,03-Nov-2025,CUST0049,Sakshi Mishra,Male,32,Pune,West,P011,Coffee Maker,Home & Kitchen,Kitchen,1,"?3,499.00",10%,"?3,149.10","?2,250.00",?899.10,Net Banking,Delivered,Mobile App,3.0
ORD101513,04-Nov-2025,CUST1199,Isha Mehta,Female,21,Mumbai,West,P006,Laptop Backpack,Fashion,Bags,2,"?1,799.00",10%,"?3,238.20","?1,900.00","?1,338.20",Credit Card,Delivered,Mobile App,2.0
ORD103076,04-Nov-2025,CUST0357,Akash Bansal,Male,44,Amritsar,North,P002,Bluetooth Speaker,Electronics,Audio,1,"?1,899.00",30%,"?1,329.30","?1,120.00",?209.30,Credit Card,Delivered,Website,1.0
ORD103825,04-Nov-2025,CUST1834,Arjun Rao,Male,41,Coimbatore,South,P004,USB-C Charger,Electronics,Accessories,1,?899.00,20%,?719.20,?480.00,?239.20,UPI,Delivered,Mobile App,4.0
ORD104795,04-Nov-2025,CUST1304,Ishaan Malhotra,Female,51,Ahmedabad,West,P010,Casual Hoodie,Fashion,Clothing,2,"?1,499.00",5%,"?2,848.10","?1,560.00","?1,288.10",Debit Card,Delivered,Mobile App,5.0
ORD103876,04-Nov-2025,CUST1774,Aditya Kapoor,Female,42,Bhubaneswar,East,P005,Power Bank 20000mAh,Electronics,Accessories,1,"?1,599.00",30%,"?1,119.30",?920.00,?199.30,Debit Card,Delivered,Website,4.0
ORD103780,04-Nov-2025,CUST1721,Meera Singh,Male,34,Jaipur,North,P024,Perfume,Beauty,Fragrance,3,"?1,799.00",20%,"?4,317.60","?2,700.00","?1,617.60",Cash on Delivery,Delivered,Website,5.0
ORD100589,04-Nov-2025,CUST0655,Isha Mehta,Male,32,Bengaluru,South,P024,Perfume,Beauty,Fragrance,1,"?1,799.00",10%,"?1,619.10",?900.00,?719.10,UPI,Delivered,Mobile App,4.0
ORD101849,04-Nov-2025,CUST1532,Ananya Kumar,Female,33,Jaipur,North,P001,Wireless Headphones,Electronics,Audio,1,"?2,499.00",20%,"?1,999.20","?1,550.00",?449.20,Net Banking,Delivered,Mobile App,3.0
ORD101398,05-Nov-2025,CUST1892,Varun Jain,Male,22,Chandigarh,North,P026,Novel Collection,Books,Fiction,1,?899.00,0%,?899.00,?420.00,?479.00,Credit Card,Delivered,Mobile App,5.0
ORD101309,05-Nov-2025,CUST0067,Riya Verma,Female,31,Pune,West,P011,Coffee Maker,Home & Kitchen,Kitchen,2,"?3,499.00",0%,"?6,998.00","?4,500.00","?2,498.00",Credit Card,Delivered,Mobile App,5.0
ORD104647,05-Nov-2025,CUST0745,Zoya Singh,Female,26,Mumbai,West,P019,Badminton Racket,Sports & Fitness,Sports,1,"?1,499.00",10%,"?1,349.10",?800.00,?549.10,Debit Card,Delivered,Mobile App,5.0
ORD100849,05-Nov-2025,CUST0558,Aditya Kapoor,Male,30,Mysuru,South,P006,Laptop Backpack,Fashion,Bags,4,"?1,799.00",20%,"?5,756.80","?3,800.00","?1,956.80",Credit Card,Delivered,Website,4.0
ORD103195,05-Nov-2025,CUST0991,Shivam Mehta,Male,18,Bengaluru,South,P001,Wireless Headphones,Electronics,Audio,2,"?2,499.00",10%,"?4,498.20","?3,100.00","?1,398.20",UPI,Delivered,Mobile App,4.0
ORD100016,05-Nov-2025,CUST0836,Varun Jain,Male,37,Ahmedabad,West,P020,Resistance Bands,Sports & Fitness,Fitness,4,?699.00,5%,"?2,656.20","?1,280.00","?1,376.20",UPI,Delivered,Mobile App,5.0
ORD103659,05-Nov-2025,CUST1603,Riya Verma,Female,43,Lucknow,North,P012,Air Fryer,Home & Kitchen,Kitchen,3,"?5,999.00",10%,"?16,197.30","?11,700.00","?4,497.30",Wallet,Delivered,Mobile App,5.0
ORD103754,06-Nov-2025,CUST0758,Simran Gupta,Male,30,Coimbatore,South,P023,Shampoo,Beauty,Haircare,1,?649.00,10%,?584.10,?290.00,?294.10,Cash on Delivery,Delivered,Mobile App,4.0
ORD104322,06-Nov-2025,CUST2164,Karan Jain,Male,41,Guwahati,East,P008,Cotton T-Shirt,Fashion,Clothing,1,?799.00,10%,?719.10,?390.00,?329.10,Debit Card,Delivered,Mobile App,5.0
ORD101008,06-Nov-2025,CUST0650,Arjun Rao,Male,39,Surat,West,P017,Dumbbell Set,Sports & Fitness,Fitness,2,"?2,499.00",20%,"?3,998.40","?2,900.00","?1,098.40",Debit Card,Delivered,Website,2.0
ORD104670,06-Nov-2025,CUST1451,Kiara Chopra,Male,25,Mysuru,South,P001,Wireless Headphones,Electronics,Audio,2,"?2,499.00",15%,"?4,248.30","?3,100.00","?1,148.30",Wallet,Delivered,Mobile App,4.0
ORD103040,06-Nov-2025,CUST1868,Rahul Kumar,Male,27,Kochi,South,P024,Perfume,Beauty,Fragrance,1,"?1,799.00",10%,"?1,619.10",?900.00,?719.10,Net Banking,Delivered,Mobile App,3.0
ORD101144,06-Nov-2025,CUST1309,Kavya Patel,Female,32,Kochi,South,P007,Running Shoes,Fashion,Footwear,2,"?2,899.00",5%,"?5,508.10","?3,400.00","?2,108.10",Credit Card,Returned,Mobile App,4.0
ORD101348,06-Nov-2025,CUST1441,Diya Mishra,Female,33,Ahmedabad,West,P019,Badminton Racket,Sports & Fitness,Sports,2,"?1,499.00",0%,"?2,998.00","?1,600.00","?1,398.00",Debit Card,Delivered,Mobile App,4.0
ORD104931,06-Nov-2025,CUST1193,Zoya Singh,Female,32,Mumbai,West,P025,Moisturizer,Beauty,Skincare,1,?699.00,10%,?629.10,?310.00,?319.10,UPI,Delivered,Mobile App,5.0
ORD103327,07-Nov-2025,CUST1129,Zoya Singh,Male,33,Ranchi,East,P007,Running Shoes,Fashion,Footwear,2,"?2,899.00",10%,"?5,218.20","?3,400.00","?1,818.20",Wallet,Delivered,Website,5.0
ORD101736,07-Nov-2025,CUST1668,Varun Jain,Male,35,Guwahati,East,P026,Novel Collection,Books,Fiction,2,?899.00,10%,"?1,618.20",?840.00,?778.20,Credit Card,Delivered,Website,5.0
ORD103957,07-Nov-2025,CUST1474,Manish Agarwal,Male,37,Hyderabad,South,P021,Face Wash,Beauty,Skincare,3,?499.00,5%,"?1,422.15",?660.00,?762.15,Wallet,Returned,Website,3.0
ORD101101,07-Nov-2025,CUST1174,Simran Gupta,Male,42,Nashik,West,P017,Dumbbell Set,Sports & Fitness,Fitness,1,"?2,499.00",10%,"?2,249.10","?1,450.00",?799.10,Debit Card,Delivered,Website,5.0
ORD102446,07-Nov-2025,CUST1382,Kabir Gupta,Male,23,Nagpur,West,P004,USB-C Charger,Electronics,Accessories,4,?899.00,25%,"?2,697.00","?1,920.00",?777.00,Credit Card,Delivered,Mobile App,5.0
ORD101702,07-Nov-2025,CUST1393,Sakshi Mishra,Female,42,Coimbatore,South,P030,Self Help Book,Books,Self Development,2,?599.00,5%,"?1,138.10",?520.00,?618.10,Credit Card,Delivered,Mobile App,2.0
ORD101526,07-Nov-2025,CUST1320,Sanya Malhotra,Female,21,Surat,West,P028,Data Analytics Book,Books,Technology,1,"?1,099.00",0%,"?1,099.00",?520.00,?579.00,UPI,Delivered,Mobile App,4.0
ORD104176,07-Nov-2025,CUST1695,Shivam Mehta,Male,21,Mumbai,West,P010,Casual Hoodie,Fashion,Clothing,3,"?1,499.00",25%,"?3,372.75","?2,340.00","?1,032.75",UPI,Delivered,Website,4.0
ORD102904,07-Nov-2025,CUST0202,Arjun Rao,Female,32,Dehradun,North,P014,Table Lamp,Home & Kitchen,Home Decor,1,"?1,299.00",5%,"?1,234.05",?690.00,?544.05,UPI,Delivered,Mobile App,4.0
ORD100659,08-Nov-2025,CUST1098,Arjun Rao,Male,38,Amritsar,North,P030,Self Help Book,Books,Self Development,1,?599.00,5%,?569.05,?260.00,?309.05,Cash on Delivery,Cancelled,Mobile App,
ORD103320,08-Nov-2025,CUST0838,Kabir Gupta,Male,30,Chennai,South,P011,Coffee Maker,Home & Kitchen,Kitchen,1,"?3,499.00",10%,"?3,149.10","?2,250.00",?899.10,Debit Card,Returned,Mobile App,4.0
ORD101013,08-Nov-2025,CUST0979,Anjali Verma,Male,35,Mumbai,West,P005,Power Bank 20000mAh,Electronics,Accessories,2,"?1,599.00",0%,"?3,198.00","?1,840.00","?1,358.00",UPI,Delivered,Mobile App,3.0
ORD104870,08-Nov-2025,CUST0988,Ananya Kumar,Female,25,Bhubaneswar,East,P002,Bluetooth Speaker,Electronics,Audio,2,"?1,899.00",5%,"?3,608.10","?2,240.00","?1,368.10",UPI,Delivered,Website,4.0
ORD101618,08-Nov-2025,CUST2162,Yash Agarwal,Male,18,Lucknow,North,P027,Business Strategy Book,Books,Business,1,?699.00,5%,?664.05,?300.00,?364.05,UPI,Delivered,Website,5.0
ORD101402,08-Nov-2025,CUST1179,Vansh Chopra,Male,43,Coimbatore,South,P009,Denim Jeans,Fashion,Clothing,3,"?1,999.00",10%,"?5,397.30","?3,150.00","?2,247.30",UPI,Delivered,Mobile App,5.0
ORD104689,09-Nov-2025,CUST0844,Rahul Kumar,Male,46,Ranchi,East,P021,Face Wash,Beauty,Skincare,2,?499.00,30%,?698.60,?440.00,?258.60,UPI,Delivered,Mobile App,5.0
ORD103069,09-Nov-2025,CUST2127,Isha Mehta,Male,38,Mumbai,West,P025,Moisturizer,Beauty,Skincare,1,?699.00,15%,?594.15,?310.00,?284.15,Net Banking,Returned,Website,5.0
ORD100917,09-Nov-2025,CUST1529,Meera Singh,Male,24,Bokaro,East,P005,Power Bank 20000mAh,Electronics,Accessories,1,"?1,599.00",10%,"?1,439.10",?920.00,?519.10,Debit Card,Delivered,Mobile App,4.0
ORD102275,09-Nov-2025,CUST1919,Shivam Mehta,Female,32,Dehradun,North,P010,Casual Hoodie,Fashion,Clothing,2,"?1,499.00",25%,"?2,248.50","?1,560.00",?688.50,UPI,Delivered,Mobile App,3.0
ORD101469,09-Nov-2025,CUST2160,Mohit Sharma,Male,38,Bhubaneswar,East,P005,Power Bank 20000mAh,Electronics,Accessories,1,"?1,599.00",10%,"?1,439.10",?920.00,?519.10,UPI,Delivered,Website,4.0
ORD102092,09-Nov-2025,CUST2001,Sakshi Mishra,Male,31,Nashik,West,P011,Coffee Maker,Home & Kitchen,Kitchen,1,"?3,499.00",10%,"?3,149.10","?2,250.00",?899.10,Net Banking,Delivered,Mobile App,3.0
ORD102122,09-Nov-2025,CUST1434,Rohan Rao,Female,38,Mysuru,South,P021,Face Wash,Beauty,Skincare,1,?499.00,5%,?474.05,?220.00,?254.05,Debit Card,Delivered,Mobile App,5.0
ORD104425,09-Nov-2025,CUST2181,Akash Bansal,Female,30,Amritsar,North,P007,Running Shoes,Fashion,Footwear,1,"?2,899.00",15%,"?2,464.15","?1,700.00",?764.15,Credit Card,Delivered,Mobile App,5.0
ORD103117,09-Nov-2025,CUST1567,Shivam Mehta,Female,22,Nashik,West,P028,Data Analytics Book,Books,Technology,1,"?1,099.00",10%,?989.10,?520.00,?469.10,Debit Card,Delivered,Website,5.0
ORD102773,09-Nov-2025,CUST1878,Simran Gupta,Male,36,Nashik,West,P023,Shampoo,Beauty,Haircare,1,?649.00,5%,?616.55,?290.00,?326.55,UPI,Delivered,Mobile App,4.0
ORD104055,09-Nov-2025,CUST1288,Sanya Malhotra,Male,40,Delhi,North,P026,Novel Collection,Books,Fiction,1,?899.00,5%,?854.05,?420.00,?434.05,Net Banking,Delivered,Website,5.0
ORD102673,09-Nov-2025,CUST0771,Riya Verma,Female,19,Jaipur,North,P008,Cotton T-Shirt,Fashion,Clothing,2,?799.00,0%,"?1,598.00",?780.00,?818.00,Net Banking,Cancelled,Website,
ORD100853,09-Nov-2025,CUST0003,Riya Verma,Female,32,Delhi,North,P007,Running Shoes,Fashion,Footwear,1,"?2,899.00",5%,"?2,754.05","?1,700.00","?1,054.05",UPI,Delivered,Mobile App,5.0
ORD102124,10-Nov-2025,CUST1672,Sanya Malhotra,Male,26,Pune,West,P004,USB-C Charger,Electronics,Accessories,1,?899.00,5%,?854.05,?480.00,?374.05,UPI,Delivered,Website,1.0
ORD103263,10-Nov-2025,CUST2152,Sanya Malhotra,Male,34,Chandigarh,North,P014,Table Lamp,Home & Kitchen,Home Decor,1,"?1,299.00",25%,?974.25,?690.00,?284.25,Net Banking,Delivered,Mobile App,3.0
ORD104115,10-Nov-2025,CUST1303,Aditi Saxena,Male,38,Mumbai,West,P001,Wireless Headphones,Electronics,Audio,2,"?2,499.00",5%,"?4,748.10","?3,100.00","?1,648.10",Debit Card,Delivered,Website,3.0
ORD102252,10-Nov-2025,CUST1196,Rahul Kumar,Female,47,Kochi,South,P019,Badminton Racket,Sports & Fitness,Sports,2,"?1,499.00",5%,"?2,848.10","?1,600.00","?1,248.10",Wallet,Delivered,Mobile App,4.0
ORD104294,10-Nov-2025,CUST0249,Meera Singh,Female,29,Bengaluru,South,P009,Denim Jeans,Fashion,Clothing,2,"?1,999.00",0%,"?3,998.00","?2,100.00","?1,898.00",Wallet,Returned,Website,5.0
ORD102008,10-Nov-2025,CUST0370,Yash Agarwal,Female,34,Mumbai,West,P003,Smart Watch,Electronics,Wearables,1,"?3,299.00",10%,"?2,969.10","?2,100.00",?869.10,Net Banking,Returned,Website,5.0
ORD100025,10-Nov-2025,CUST1269,Pranav Bansal,Female,29,Bokaro,East,P021,Face Wash,Beauty,Skincare,2,?499.00,5%,?948.10,?440.00,?508.10,Debit Card,Delivered,Website,4.0
ORD103403,10-Nov-2025,CUST1812,Karan Jain,Male,18,Ahmedabad,West,P029,Programming Book,Books,Technology,2,"?1,299.00",15%,"?2,208.30","?1,220.00",?988.30,Cash on Delivery,Delivered,Mobile App,5.0
ORD103332,10-Nov-2025,CUST0149,Pranav Bansal,Male,31,Guwahati,East,P020,Resistance Bands,Sports & Fitness,Fitness,1,?699.00,5%,?664.05,?320.00,?344.05,Credit Card,Returned,Mobile App,4.0
ORD101383,10-Nov-2025,CUST1084,Ananya Kumar,Female,37,Hyderabad,South,P024,Perfume,Beauty,Fragrance,2,"?1,799.00",10%,"?3,238.20","?1,800.00","?1,438.20",Credit Card,Delivered,Mobile App,1.0
ORD102053,10-Nov-2025,CUST1914,Rohan Rao,Male,36,Chandigarh,North,P007,Running Shoes,Fashion,Footwear,1,"?2,899.00",10%,"?2,609.10","?1,700.00",?909.10,Debit Card,Delivered,Mobile App,5.0
ORD103470,10-Nov-2025,CUST0144,Mohit Sharma,Male,21,Delhi,North,P023,Shampoo,Beauty,Haircare,3,?649.00,20%,"?1,557.60",?870.00,?687.60,UPI,Delivered,Website,5.0
ORD100299,10-Nov-2025,CUST1785,Meera Singh,Female,39,Mumbai,West,P013,Non-Stick Cookware Set,Home & Kitchen,Cookware,1,"?4,299.00",15%,"?3,654.15","?2,700.00",?954.15,UPI,Delivered,Mobile App,5.0
ORD103474,10-Nov-2025,CUST1315,Riya Verma,Female,35,Delhi,North,P006,Laptop Backpack,Fashion,Bags,5,"?1,799.00",15%,"?7,645.75","?4,750.00","?2,895.75",Credit Card,Delivered,Website,2.0
ORD103097,11-Nov-2025,CUST1469,Kavya Patel,Female,48,Patna,East,P008,Cotton T-Shirt,Fashion,Clothing,1,?799.00,5%,?759.05,?390.00,?369.05,UPI,Delivered,Mobile App,4.0
ORD104613,11-Nov-2025,CUST1784,Ishaan Malhotra,Male,34,Chandigarh,North,P029,Programming Book,Books,Technology,4,"?1,299.00",20%,"?4,156.80","?2,440.00","?1,716.80",Credit Card,Delivered,Mobile App,4.0
ORD103590,11-Nov-2025,CUST1678,Aditya Kapoor,Female,27,Ahmedabad,West,P028,Data Analytics Book,Books,Technology,1,"?1,099.00",10%,?989.10,?520.00,?469.10,UPI,Delivered,Website,5.0
ORD103213,11-Nov-2025,CUST1492,Karan Jain,Female,43,Lucknow,North,P005,Power Bank 20000mAh,Electronics,Accessories,1,"?1,599.00",20%,"?1,279.20",?920.00,?359.20,Credit Card,Delivered,Mobile App,5.0
ORD100697,11-Nov-2025,CUST0945,Sakshi Mishra,Male,32,Hyderabad,South,P012,Air Fryer,Home & Kitchen,Kitchen,2,"?5,999.00",15%,"?10,198.30","?7,800.00","?2,398.30",Debit Card,Delivered,Mobile App,4.0
ORD103799,11-Nov-2025,CUST1827,Riya Verma,Male,43,Kochi,South,P012,Air Fryer,Home & Kitchen,Kitchen,1,"?5,999.00",10%,"?5,399.10","?3,900.00","?1,499.10",Credit Card,Delivered,Website,4.0
ORD102962,11-Nov-2025,CUST0406,Simran Gupta,Female,29,Kochi,South,P023,Shampoo,Beauty,Haircare,1,?649.00,5%,?616.55,?290.00,?326.55,Debit Card,Delivered,Mobile App,1.0
ORD104250,12-Nov-2025,CUST1178,Rohan Rao,Female,19,Delhi,North,P025,Moisturizer,Beauty,Skincare,1,?699.00,10%,?629.10,?310.00,?319.10,Wallet,Returned,Mobile App,4.0
ORD101191,12-Nov-2025,CUST0873,Zoya Singh,Female,46,Bengaluru,South,P005,Power Bank 20000mAh,Electronics,Accessories,1,"?1,599.00",0%,"?1,599.00",?920.00,?679.00,UPI,Cancelled,Mobile App,
ORD101742,12-Nov-2025,CUST0974,Aditya Kapoor,Female,40,Jaipur,North,P001,Wireless Headphones,Electronics,Audio,1,"?2,499.00",10%,"?2,249.10","?1,550.00",?699.10,Credit Card,Returned,Mobile App,3.0
ORD100516,12-Nov-2025,CUST1526,Simran Gupta,Male,32,Delhi,North,P009,Denim Jeans,Fashion,Clothing,1,"?1,999.00",10%,"?1,799.10","?1,050.00",?749.10,Net Banking,Delivered,Mobile App,3.0
ORD104092,12-Nov-2025,CUST0367,Isha Mehta,Male,22,Mysuru,South,P026,Novel Collection,Books,Fiction,5,?899.00,5%,"?4,270.25","?2,100.00","?2,170.25",Debit Card,Delivered,Mobile App,4.0
ORD100041,12-Nov-2025,CUST1063,Nisha Saxena,Female,34,Bhubaneswar,East,P012,Air Fryer,Home & Kitchen,Kitchen,1,"?5,999.00",10%,"?5,399.10","?3,900.00","?1,499.10",Net Banking,Delivered,Website,3.0
ORD104219,12-Nov-2025,CUST0223,Shivam Mehta,Female,33,Pune,West,P027,Business Strategy Book,Books,Business,1,?699.00,20%,?559.20,?300.00,?259.20,Cash on Delivery,Delivered,Website,5.0
ORD104319,13-Nov-2025,CUST1251,Riya Verma,Male,28,Amritsar,North,P022,Sunscreen SPF 50,Beauty,Skincare,2,?799.00,15%,"?1,358.30",?720.00,?638.30,UPI,Delivered,Mobile App,5.0
ORD104899,13-Nov-2025,CUST2057,Zoya Singh,Female,28,Nashik,West,P009,Denim Jeans,Fashion,Clothing,4,"?1,999.00",30%,"?5,597.20","?4,200.00","?1,397.20",UPI,Delivered,Mobile App,4.0
ORD103015,13-Nov-2025,CUST1213,Kavya Patel,Male,18,Bokaro,East,P009,Denim Jeans,Fashion,Clothing,2,"?1,999.00",10%,"?3,598.20","?2,100.00","?1,498.20",Debit Card,Delivered,Website,5.0
ORD103463,13-Nov-2025,CUST0951,Aditi Saxena,Male,24,Lucknow,North,P029,Programming Book,Books,Technology,2,"?1,299.00",0%,"?2,598.00","?1,220.00","?1,378.00",UPI,Delivered,Mobile App,4.0
ORD103393,13-Nov-2025,CUST1605,Akash Bansal,Male,36,Hyderabad,South,P003,Smart Watch,Electronics,Wearables,2,"?3,299.00",0%,"?6,598.00","?4,200.00","?2,398.00",UPI,Delivered,Mobile App,4.0
ORD101364,13-Nov-2025,CUST1153,Diya Mishra,Female,27,Mysuru,South,P009,Denim Jeans,Fashion,Clothing,1,"?1,999.00",10%,"?1,799.10","?1,050.00",?749.10,Credit Card,Delivered,Website,4.0
ORD104025,13-Nov-2025,CUST0320,Aarav Sharma,Female,34,Amritsar,North,P006,Laptop Backpack,Fashion,Bags,1,"?1,799.00",15%,"?1,529.15",?950.00,?579.15,Credit Card,Delivered,Website,5.0
ORD104403,13-Nov-2025,CUST0584,Sanya Malhotra,Male,18,Coimbatore,South,P003,Smart Watch,Electronics,Wearables,1,"?3,299.00",5%,"?3,134.05","?2,100.00","?1,034.05",UPI,Returned,Mobile App,5.0
ORD101441,14-Nov-2025,CUST1584,Mohit Sharma,Female,23,Bhubaneswar,East,P018,Cricket Bat,Sports & Fitness,Sports,2,"?2,199.00",10%,"?3,958.20","?2,500.00","?1,458.20",UPI,Delivered,Website,5.0
ORD103169,14-Nov-2025,CUST0211,Anjali Verma,Female,50,Coimbatore,South,P024,Perfume,Beauty,Fragrance,1,"?1,799.00",15%,"?1,529.15",?900.00,?629.15,Wallet,Delivered,Website,5.0
ORD101049,14-Nov-2025,CUST0566,Simran Gupta,Male,37,Mumbai,West,P025,Moisturizer,Beauty,Skincare,1,?699.00,30%,?489.30,?310.00,?179.30,Cash on Delivery,Delivered,Mobile App,4.0
ORD100887,14-Nov-2025,CUST0703,Shivam Mehta,Male,18,Kolkata,East,P015,Bedsheet Set,Home & Kitchen,Home Decor,3,"?1,599.00",10%,"?4,317.30","?2,550.00","?1,767.30",Credit Card,Delivered,Website,3.0
ORD100750,14-Nov-2025,CUST0858,Rohan Rao,Male,34,Coimbatore,South,P030,Self Help Book,Books,Self Development,1,?599.00,25%,?449.25,?260.00,?189.25,Debit Card,Delivered,Mobile App,5.0
ORD101196,14-Nov-2025,CUST1058,Manish Agarwal,Male,28,Patna,East,P005,Power Bank 20000mAh,Electronics,Accessories,1,"?1,599.00",20%,"?1,279.20",?920.00,?359.20,UPI,Delivered,Mobile App,4.0
ORD101112,14-Nov-2025,CUST1657,Meera Singh,Male,36,Bengaluru,South,P023,Shampoo,Beauty,Haircare,3,?649.00,5%,"?1,849.65",?870.00,?979.65,Debit Card,Delivered,Website,4.0
ORD104983,14-Nov-2025,CUST0239,Isha Mehta,Female,18,Hyderabad,South,P020,Resistance Bands,Sports & Fitness,Fitness,2,?699.00,0%,"?1,398.00",?640.00,?758.00,Credit Card,Delivered,Website,4.0
ORD101372,14-Nov-2025,CUST1882,Rohan Rao,Female,18,Bokaro,East,P020,Resistance Bands,Sports & Fitness,Fitness,1,?699.00,10%,?629.10,?320.00,?309.10,UPI,Delivered,Mobile App,3.0
ORD103140,14-Nov-2025,CUST0534,Simran Gupta,Male,53,Surat,West,P006,Laptop Backpack,Fashion,Bags,2,"?1,799.00",10%,"?3,238.20","?1,900.00","?1,338.20",Cash on Delivery,Delivered,Website,3.0
ORD100137,14-Nov-2025,CUST0202,Arjun Rao,Female,34,Kochi,South,P023,Shampoo,Beauty,Haircare,1,?649.00,30%,?454.30,?290.00,?164.30,Net Banking,Delivered,Mobile App,5.0
ORD101374,14-Nov-2025,CUST0699,Vansh Chopra,Female,32,Bhubaneswar,East,P007,Running Shoes,Fashion,Footwear,1,"?2,899.00",20%,"?2,319.20","?1,700.00",?619.20,Credit Card,Delivered,Mobile App,5.0
ORD104817,14-Nov-2025,CUST0245,Pranav Bansal,Male,31,Kochi,South,P018,Cricket Bat,Sports & Fitness,Sports,1,"?2,199.00",5%,"?2,089.05","?1,250.00",?839.05,Debit Card,Delivered,Website,2.0
ORD102388,14-Nov-2025,CUST0851,Anjali Verma,Female,18,Chandigarh,North,P021,Face Wash,Beauty,Skincare,2,?499.00,5%,?948.10,?440.00,?508.10,Net Banking,Delivered,Mobile App,5.0
ORD103508,14-Nov-2025,CUST2064,Mohit Sharma,Male,41,Bengaluru,South,P013,Non-Stick Cookware Set,Home & Kitchen,Cookware,1,"?4,299.00",15%,"?3,654.15","?2,700.00",?954.15,Cash on Delivery,Delivered,Mobile App,5.0
ORD100746,15-Nov-2025,CUST1621,Pranav Bansal,Female,22,Nashik,West,P011,Coffee Maker,Home & Kitchen,Kitchen,2,"?3,499.00",5%,"?6,648.10","?4,500.00","?2,148.10",UPI,Delivered,Mobile App,4.0
ORD103324,15-Nov-2025,CUST2176,Aarav Sharma,Female,27,Nagpur,West,P013,Non-Stick Cookware Set,Home & Kitchen,Cookware,1,"?4,299.00",10%,"?3,869.10","?2,700.00","?1,169.10",Cash on Delivery,Delivered,Mobile App,5.0
ORD101137,15-Nov-2025,CUST1198,Aditya Kapoor,Female,25,Bengaluru,South,P017,Dumbbell Set,Sports & Fitness,Fitness,3,"?2,499.00",20%,"?5,997.60","?4,350.00","?1,647.60",Credit Card,Delivered,Mobile App,5.0
ORD103274,15-Nov-2025,CUST0912,Mohit Sharma,Female,27,Chandigarh,North,P014,Table Lamp,Home & Kitchen,Home Decor,2,"?1,299.00",10%,"?2,338.20","?1,380.00",?958.20,Cash on Delivery,Delivered,Website,5.0
ORD104615,15-Nov-2025,CUST1043,Anjali Verma,Female,18,Bhubaneswar,East,P005,Power Bank 20000mAh,Electronics,Accessories,1,"?1,599.00",10%,"?1,439.10",?920.00,?519.10,Debit Card,Delivered,Mobile App,3.0
ORD102047,15-Nov-2025,CUST1203,Anjali Verma,Female,43,Lucknow,North,P001,Wireless Headphones,Electronics,Audio,1,"?2,499.00",15%,"?2,124.15","?1,550.00",?574.15,Cash on Delivery,Delivered,Website,4.0
ORD104446,16-Nov-2025,CUST0133,Akash Bansal,Male,23,Kochi,South,P021,Face Wash,Beauty,Skincare,2,?499.00,10%,?898.20,?440.00,?458.20,UPI,Delivered,Mobile App,4.0
ORD100758,16-Nov-2025,CUST0541,Kavya Patel,Male,29,Patna,East,P023,Shampoo,Beauty,Haircare,1,?649.00,15%,?551.65,?290.00,?261.65,Net Banking,Delivered,Mobile App,5.0
ORD100736,16-Nov-2025,CUST1557,Pranav Bansal,Male,27,Jaipur,North,P002,Bluetooth Speaker,Electronics,Audio,3,"?1,899.00",10%,"?5,127.30","?3,360.00","?1,767.30",UPI,Delivered,Website,5.0
ORD100695,16-Nov-2025,CUST0819,Anjali Verma,Female,41,Bengaluru,South,P016,Yoga Mat,Sports & Fitness,Fitness,1,?999.00,15%,?849.15,?520.00,?329.15,Debit Card,Delivered,Website,5.0
ORD102312,16-Nov-2025,CUST1544,Sanya Malhotra,Male,39,Mysuru,South,P010,Casual Hoodie,Fashion,Clothing,1,"?1,499.00",15%,"?1,274.15",?780.00,?494.15,Net Banking,Delivered,Mobile App,5.0
ORD101907,16-Nov-2025,CUST1293,Tanvi Patel,Female,26,Chennai,South,P012,Air Fryer,Home & Kitchen,Kitchen,3,"?5,999.00",15%,"?15,297.45","?11,700.00","?3,597.45",Wallet,Delivered,Mobile App,3.0
ORD102605,16-Nov-2025,CUST1334,Simran Gupta,Female,45,Kochi,South,P008,Cotton T-Shirt,Fashion,Clothing,1,?799.00,25%,?599.25,?390.00,?209.25,Cash on Delivery,Delivered,Mobile App,4.0
ORD101661,16-Nov-2025,CUST1217,Diya Mishra,Female,27,Mysuru,South,P001,Wireless Headphones,Electronics,Audio,1,"?2,499.00",5%,"?2,374.05","?1,550.00",?824.05,UPI,Returned,Mobile App,5.0
ORD101332,16-Nov-2025,CUST1965,Tanvi Patel,Male,28,Chennai,South,P005,Power Bank 20000mAh,Electronics,Accessories,3,"?1,599.00",5%,"?4,557.15","?2,760.00","?1,797.15",Net Banking,Delivered,Website,4.0
ORD101717,17-Nov-2025,CUST1060,Varun Jain,Female,45,Ranchi,East,P019,Badminton Racket,Sports & Fitness,Sports,3,"?1,499.00",25%,"?3,372.75","?2,400.00",?972.75,UPI,Delivered,Mobile App,2.0
ORD104235,17-Nov-2025,CUST1970,Yash Agarwal,Male,30,Delhi,North,P019,Badminton Racket,Sports & Fitness,Sports,2,"?1,499.00",20%,"?2,398.40","?1,600.00",?798.40,Wallet,Returned,Website,3.0
ORD100288,17-Nov-2025,CUST0821,Pranav Bansal,Male,38,Coimbatore,South,P001,Wireless Headphones,Electronics,Audio,1,"?2,499.00",5%,"?2,374.05","?1,550.00",?824.05,Credit Card,Delivered,Website,5.0
ORD100745,17-Nov-2025,CUST0589,Tanvi Patel,Female,21,Kochi,South,P022,Sunscreen SPF 50,Beauty,Skincare,2,?799.00,5%,"?1,518.10",?720.00,?798.10,Debit Card,Delivered,Website,5.0
ORD103837,17-Nov-2025,CUST0799,Shivam Mehta,Male,42,Surat,West,P007,Running Shoes,Fashion,Footwear,3,"?2,899.00",10%,"?7,827.30","?5,100.00","?2,727.30",Debit Card,Delivered,Mobile App,3.0
ORD102667,17-Nov-2025,CUST1468,Ananya Kumar,Male,31,Kolkata,East,P022,Sunscreen SPF 50,Beauty,Skincare,4,?799.00,10%,"?2,876.40","?1,440.00","?1,436.40",Credit Card,Delivered,Website,5.0
ORD104280,17-Nov-2025,CUST2144,Aarav Sharma,Male,31,Ahmedabad,West,P015,Bedsheet Set,Home & Kitchen,Home Decor,1,"?1,599.00",25%,"?1,199.25",?850.00,?349.25,Net Banking,Delivered,Website,2.0
ORD104271,18-Nov-2025,CUST1278,Pooja Kapoor,Male,29,Patna,East,P027,Business Strategy Book,Books,Business,2,?699.00,10%,"?1,258.20",?600.00,?658.20,Credit Card,Delivered,Website,4.0
ORD102935,18-Nov-2025,CUST1807,Isha Mehta,Male,39,Mumbai,West,P016,Yoga Mat,Sports & Fitness,Fitness,2,?999.00,10%,"?1,798.20","?1,040.00",?758.20,Wallet,Delivered,Website,5.0
ORD103165,18-Nov-2025,CUST1864,Sanya Malhotra,Female,31,Chandigarh,North,P010,Casual Hoodie,Fashion,Clothing,2,"?1,499.00",5%,"?2,848.10","?1,560.00","?1,288.10",Credit Card,Delivered,Mobile App,5.0
ORD100714,18-Nov-2025,CUST0527,Isha Mehta,Male,24,Mumbai,West,P009,Denim Jeans,Fashion,Clothing,1,"?1,999.00",10%,"?1,799.10","?1,050.00",?749.10,UPI,Delivered,Mobile App,5.0
ORD102654,18-Nov-2025,CUST0085,Pranav Bansal,Female,27,Nagpur,West,P022,Sunscreen SPF 50,Beauty,Skincare,1,?799.00,20%,?639.20,?360.00,?279.20,Cash on Delivery,Returned,Mobile App,2.0
ORD101199,19-Nov-2025,CUST2168,Ishaan Malhotra,Male,26,Bhubaneswar,East,P030,Self Help Book,Books,Self Development,1,?599.00,10%,?539.10,?260.00,?279.10,UPI,Delivered,Website,4.0
ORD100268,19-Nov-2025,CUST0966,Kabir Gupta,Female,27,Coimbatore,South,P011,Coffee Maker,Home & Kitchen,Kitchen,1,"?3,499.00",10%,"?3,149.10","?2,250.00",?899.10,Debit Card,Delivered,Mobile App,4.0
ORD100271,19-Nov-2025,CUST0511,Shivam Mehta,Female,30,Nagpur,West,P015,Bedsheet Set,Home & Kitchen,Home Decor,3,"?1,599.00",20%,"?3,837.60","?2,550.00","?1,287.60",Cash on Delivery,Delivered,Website,4.0
ORD104628,19-Nov-2025,CUST0357,Akash Bansal,Male,27,Ahmedabad,West,P019,Badminton Racket,Sports & Fitness,Sports,1,"?1,499.00",10%,"?1,349.10",?800.00,?549.10,Wallet,Delivered,Website,5.0
ORD101172,19-Nov-2025,CUST1066,Arjun Rao,Female,26,Dehradun,North,P022,Sunscreen SPF 50,Beauty,Skincare,1,?799.00,5%,?759.05,?360.00,?399.05,UPI,Delivered,Mobile App,4.0
ORD102596,19-Nov-2025,CUST0744,Sanya Malhotra,Male,42,Kolkata,East,P014,Table Lamp,Home & Kitchen,Home Decor,2,"?1,299.00",0%,"?2,598.00","?1,380.00","?1,218.00",Cash on Delivery,Delivered,Mobile App,5.0
ORD103447,19-Nov-2025,CUST2094,Aditya Kapoor,Male,24,Bhubaneswar,East,P019,Badminton Racket,Sports & Fitness,Sports,1,"?1,499.00",25%,"?1,124.25",?800.00,?324.25,Credit Card,Cancelled,Mobile App,
ORD100811,20-Nov-2025,CUST0027,Vansh Chopra,Male,20,Patna,East,P027,Business Strategy Book,Books,Business,2,?699.00,10%,"?1,258.20",?600.00,?658.20,UPI,Delivered,Website,4.0
ORD102418,20-Nov-2025,CUST1638,Kabir Gupta,Male,18,Guwahati,East,P001,Wireless Headphones,Electronics,Audio,3,"?2,499.00",5%,"?7,122.15","?4,650.00","?2,472.15",UPI,Delivered,Website,4.0
ORD101253,20-Nov-2025,CUST0667,Vansh Chopra,Female,29,Jaipur,North,P022,Sunscreen SPF 50,Beauty,Skincare,2,?799.00,25%,"?1,198.50",?720.00,?478.50,Credit Card,Delivered,Mobile App,4.0
ORD101126,20-Nov-2025,CUST0160,Aarav Sharma,Male,39,Patna,East,P016,Yoga Mat,Sports & Fitness,Fitness,2,?999.00,15%,"?1,698.30","?1,040.00",?658.30,Debit Card,Delivered,Mobile App,5.0
ORD100831,20-Nov-2025,CUST1061,Akash Bansal,Male,33,Chandigarh,North,P006,Laptop Backpack,Fashion,Bags,4,"?1,799.00",0%,"?7,196.00","?3,800.00","?3,396.00",UPI,Delivered,Mobile App,5.0
ORD101596,20-Nov-2025,CUST0844,Rahul Kumar,Female,54,Jaipur,North,P030,Self Help Book,Books,Self Development,2,?599.00,5%,"?1,138.10",?520.00,?618.10,Cash on Delivery,Delivered,Website,5.0
ORD104822,20-Nov-2025,CUST1798,Kabir Gupta,Male,24,Chandigarh,North,P012,Air Fryer,Home & Kitchen,Kitchen,2,"?5,999.00",0%,"?11,998.00","?7,800.00","?4,198.00",Debit Card,Delivered,Website,4.0
ORD104404,20-Nov-2025,CUST1865,Zoya Singh,Female,47,Dehradun,North,P009,Denim Jeans,Fashion,Clothing,1,"?1,999.00",10%,"?1,799.10","?1,050.00",?749.10,Debit Card,Cancelled,Website,
ORD102336,20-Nov-2025,CUST1495,Aditi Saxena,Male,38,Ranchi,East,P008,Cotton T-Shirt,Fashion,Clothing,1,?799.00,0%,?799.00,?390.00,?409.00,UPI,Delivered,Website,5.0
ORD102956,20-Nov-2025,CUST0203,Kiara Chopra,Female,36,Surat,West,P013,Non-Stick Cookware Set,Home & Kitchen,Cookware,1,"?4,299.00",5%,"?4,084.05","?2,700.00","?1,384.05",Debit Card,Delivered,Website,5.0
ORD101548,20-Nov-2025,CUST1987,Riya Verma,Male,40,Nagpur,West,P026,Novel Collection,Books,Fiction,1,?899.00,20%,?719.20,?420.00,?299.20,Wallet,Delivered,Mobile App,4.0
ORD102711,21-Nov-2025,CUST1260,Rahul Kumar,Male,48,Coimbatore,South,P006,Laptop Backpack,Fashion,Bags,2,"?1,799.00",10%,"?3,238.20","?1,900.00","?1,338.20",Credit Card,Delivered,Mobile App,4.0
ORD104814,21-Nov-2025,CUST1694,Pooja Kapoor,Female,33,Dehradun,North,P007,Running Shoes,Fashion,Footwear,2,"?2,899.00",10%,"?5,218.20","?3,400.00","?1,818.20",UPI,Delivered,Mobile App,4.0
ORD104951,21-Nov-2025,CUST1699,Riya Verma,Female,42,Pune,West,P004,USB-C Charger,Electronics,Accessories,1,?899.00,15%,?764.15,?480.00,?284.15,Debit Card,Delivered,Mobile App,4.0
ORD103399,21-Nov-2025,CUST1919,Shivam Mehta,Female,32,Bhubaneswar,East,P025,Moisturizer,Beauty,Skincare,1,?699.00,0%,?699.00,?310.00,?389.00,Net Banking,Delivered,Website,4.0
ORD102331,21-Nov-2025,CUST1327,Isha Mehta,Female,45,Lucknow,North,P005,Power Bank 20000mAh,Electronics,Accessories,2,"?1,599.00",10%,"?2,878.20","?1,840.00","?1,038.20",UPI,Delivered,Mobile App,4.0
ORD102492,21-Nov-2025,CUST0488,Sanya Malhotra,Male,35,Chandigarh,North,P007,Running Shoes,Fashion,Footwear,1,"?2,899.00",0%,"?2,899.00","?1,700.00","?1,199.00",UPI,Delivered,Mobile App,4.0
ORD103167,21-Nov-2025,CUST0677,Akash Bansal,Male,34,Kochi,South,P005,Power Bank 20000mAh,Electronics,Accessories,1,"?1,599.00",25%,"?1,199.25",?920.00,?279.25,Cash on Delivery,Cancelled,Website,
ORD100355,21-Nov-2025,CUST1332,Karan Jain,Female,46,Chandigarh,North,P001,Wireless Headphones,Electronics,Audio,5,"?2,499.00",5%,"?11,870.25","?7,750.00","?4,120.25",Cash on Delivery,Delivered,Website,5.0
ORD104353,22-Nov-2025,CUST0530,Yash Agarwal,Male,33,Nashik,West,P023,Shampoo,Beauty,Haircare,1,?649.00,15%,?551.65,?290.00,?261.65,Net Banking,Delivered,Website,4.0
ORD100727,22-Nov-2025,CUST1603,Riya Verma,Male,30,Bokaro,East,P016,Yoga Mat,Sports & Fitness,Fitness,3,?999.00,15%,"?2,547.45","?1,560.00",?987.45,Net Banking,Delivered,Website,4.0
ORD100175,22-Nov-2025,CUST0583,Nisha Saxena,Female,40,Nashik,West,P017,Dumbbell Set,Sports & Fitness,Fitness,3,"?2,499.00",0%,"?7,497.00","?4,350.00","?3,147.00",Net Banking,Delivered,Website,3.0
ORD101239,22-Nov-2025,CUST0824,Ishaan Malhotra,Female,33,Mumbai,West,P008,Cotton T-Shirt,Fashion,Clothing,1,?799.00,20%,?639.20,?390.00,?249.20,Cash on Delivery,Delivered,Mobile App,4.0
ORD102761,22-Nov-2025,CUST0832,Aarav Sharma,Male,30,Delhi,North,P017,Dumbbell Set,Sports & Fitness,Fitness,2,"?2,499.00",30%,"?3,498.60","?2,900.00",?598.60,UPI,Delivered,Mobile App,5.0
ORD104338,22-Nov-2025,CUST2165,Pranav Bansal,Female,18,Ranchi,East,P006,Laptop Backpack,Fashion,Bags,1,"?1,799.00",0%,"?1,799.00",?950.00,?849.00,Credit Card,Delivered,Website,4.0
ORD103011,22-Nov-2025,CUST0386,Manish Agarwal,Male,43,Ranchi,East,P019,Badminton Racket,Sports & Fitness,Sports,1,"?1,499.00",15%,"?1,274.15",?800.00,?474.15,Net Banking,Delivered,Mobile App,4.0
ORD101585,22-Nov-2025,CUST0777,Zoya Singh,Female,34,Lucknow,North,P030,Self Help Book,Books,Self Development,1,?599.00,30%,?419.30,?260.00,?159.30,Credit Card,Delivered,Website,4.0
ORD103201,22-Nov-2025,CUST1081,Meera Singh,Male,40,Kochi,South,P008,Cotton T-Shirt,Fashion,Clothing,2,?799.00,15%,"?1,358.30",?780.00,?578.30,Cash on Delivery,Delivered,Website,4.0
ORD100454,23-Nov-2025,CUST0069,Akash Bansal,Male,27,Mysuru,South,P025,Moisturizer,Beauty,Skincare,1,?699.00,0%,?699.00,?310.00,?389.00,Cash on Delivery,Delivered,Mobile App,4.0
ORD104966,23-Nov-2025,CUST1055,Shivam Mehta,Female,39,Mumbai,West,P020,Resistance Bands,Sports & Fitness,Fitness,1,?699.00,0%,?699.00,?320.00,?379.00,Net Banking,Delivered,Mobile App,3.0
ORD102948,23-Nov-2025,CUST0084,Karan Jain,Male,25,Pune,West,P021,Face Wash,Beauty,Skincare,1,?499.00,20%,?399.20,?220.00,?179.20,Wallet,Delivered,Mobile App,5.0
ORD104028,23-Nov-2025,CUST0753,Sakshi Mishra,Male,25,Chandigarh,North,P027,Business Strategy Book,Books,Business,1,?699.00,15%,?594.15,?300.00,?294.15,UPI,Delivered,Website,5.0
ORD100883,23-Nov-2025,CUST0607,Shivam Mehta,Female,21,Ahmedabad,West,P002,Bluetooth Speaker,Electronics,Audio,2,"?1,899.00",5%,"?3,608.10","?2,240.00","?1,368.10",Debit Card,Returned,Mobile App,5.0
ORD102976,23-Nov-2025,CUST0608,Aarav Sharma,Male,38,Ranchi,East,P004,USB-C Charger,Electronics,Accessories,1,?899.00,15%,?764.15,?480.00,?284.15,Credit Card,Delivered,Website,5.0
ORD102136,23-Nov-2025,CUST0832,Aarav Sharma,Female,29,Nashik,West,P027,Business Strategy Book,Books,Business,3,?699.00,10%,"?1,887.30",?900.00,?987.30,Net Banking,Delivered,Website,4.0
ORD104230,23-Nov-2025,CUST0630,Simran Gupta,Male,18,Kochi,South,P027,Business Strategy Book,Books,Business,1,?699.00,20%,?559.20,?300.00,?259.20,Wallet,Delivered,Mobile App,5.0
ORD102301,23-Nov-2025,CUST1988,Varun Jain,Male,23,Delhi,North,P023,Shampoo,Beauty,Haircare,2,?649.00,0%,"?1,298.00",?580.00,?718.00,Debit Card,Delivered,Mobile App,4.0
ORD103741,23-Nov-2025,CUST0705,Diya Mishra,Male,27,Dehradun,North,P018,Cricket Bat,Sports & Fitness,Sports,2,"?2,199.00",15%,"?3,738.30","?2,500.00","?1,238.30",Net Banking,Delivered,Website,4.0
ORD104587,23-Nov-2025,CUST0126,Pooja Kapoor,Male,28,Lucknow,North,P006,Laptop Backpack,Fashion,Bags,4,"?1,799.00",0%,"?7,196.00","?3,800.00","?3,396.00",Credit Card,Delivered,Website,4.0
ORD102619,23-Nov-2025,CUST2061,Tanvi Patel,Male,29,Patna,East,P009,Denim Jeans,Fashion,Clothing,3,"?1,999.00",25%,"?4,497.75","?3,150.00","?1,347.75",UPI,Returned,Mobile App,5.0
ORD104867,23-Nov-2025,CUST1776,Mohit Sharma,Female,53,Chandigarh,North,P017,Dumbbell Set,Sports & Fitness,Fitness,2,"?2,499.00",15%,"?4,248.30","?2,900.00","?1,348.30",UPI,Delivered,Mobile App,5.0
ORD104863,24-Nov-2025,CUST1179,Vansh Chopra,Female,30,Jaipur,North,P008,Cotton T-Shirt,Fashion,Clothing,2,?799.00,0%,"?1,598.00",?780.00,?818.00,Credit Card,Delivered,Mobile App,5.0
ORD100919,24-Nov-2025,CUST0939,Kiara Chopra,Male,49,Chandigarh,North,P012,Air Fryer,Home & Kitchen,Kitchen,4,"?5,999.00",15%,"?20,396.60","?15,600.00","?4,796.60",Cash on Delivery,Returned,Website,5.0
ORD101186,24-Nov-2025,CUST0307,Anjali Verma,Male,50,Ranchi,East,P022,Sunscreen SPF 50,Beauty,Skincare,2,?799.00,10%,"?1,438.20",?720.00,?718.20,UPI,Delivered,Website,5.0
ORD101573,24-Nov-2025,CUST0825,Meera Singh,Female,36,Ranchi,East,P020,Resistance Bands,Sports & Fitness,Fitness,1,?699.00,15%,?594.15,?320.00,?274.15,Net Banking,Delivered,Mobile App,5.0
ORD103798,24-Nov-2025,CUST1276,Ananya Kumar,Male,26,Coimbatore,South,P013,Non-Stick Cookware Set,Home & Kitchen,Cookware,2,"?4,299.00",5%,"?8,168.10","?5,400.00","?2,768.10",Net Banking,Delivered,Mobile App,5.0
ORD104396,24-Nov-2025,CUST0394,Arjun Rao,Female,27,Hyderabad,South,P029,Programming Book,Books,Technology,1,"?1,299.00",10%,"?1,169.10",?610.00,?559.10,Debit Card,Delivered,Website,2.0
ORD103795,24-Nov-2025,CUST1272,Ishaan Malhotra,Female,32,Delhi,North,P016,Yoga Mat,Sports & Fitness,Fitness,1,?999.00,15%,?849.15,?520.00,?329.15,Credit Card,Delivered,Mobile App,5.0
ORD102592,25-Nov-2025,CUST0566,Simran Gupta,Female,24,Kolkata,East,P016,Yoga Mat,Sports & Fitness,Fitness,2,?999.00,10%,"?1,798.20","?1,040.00",?758.20,Cash on Delivery,Delivered,Mobile App,2.0
ORD100747,25-Nov-2025,CUST1595,Vansh Chopra,Male,40,Chandigarh,North,P001,Wireless Headphones,Electronics,Audio,2,"?2,499.00",10%,"?4,498.20","?3,100.00","?1,398.20",UPI,Delivered,Website,5.0
ORD101914,25-Nov-2025,CUST1056,Aarav Sharma,Male,55,Mysuru,South,P008,Cotton T-Shirt,Fashion,Clothing,1,?799.00,5%,?759.05,?390.00,?369.05,Wallet,Delivered,Mobile App,5.0
ORD101806,25-Nov-2025,CUST0126,Pooja Kapoor,Female,41,Lucknow,North,P028,Data Analytics Book,Books,Technology,3,"?1,099.00",10%,"?2,967.30","?1,560.00","?1,407.30",Debit Card,Delivered,Website,4.0
ORD101169,25-Nov-2025,CUST1724,Ananya Kumar,Male,49,Amritsar,North,P012,Air Fryer,Home & Kitchen,Kitchen,1,"?5,999.00",15%,"?5,099.15","?3,900.00","?1,199.15",Debit Card,Delivered,Mobile App,5.0
ORD104757,25-Nov-2025,CUST1723,Vansh Chopra,Female,18,Delhi,North,P007,Running Shoes,Fashion,Footwear,4,"?2,899.00",10%,"?10,436.40","?6,800.00","?3,636.40",Credit Card,Delivered,Website,5.0
ORD102751,25-Nov-2025,CUST1371,Vansh Chopra,Male,21,Delhi,North,P022,Sunscreen SPF 50,Beauty,Skincare,1,?799.00,20%,?639.20,?360.00,?279.20,Net Banking,Delivered,Mobile App,5.0
ORD101148,26-Nov-2025,CUST0533,Pranav Bansal,Female,43,Coimbatore,South,P001,Wireless Headphones,Electronics,Audio,3,"?2,499.00",0%,"?7,497.00","?4,650.00","?2,847.00",Debit Card,Delivered,Website,4.0
ORD100938,26-Nov-2025,CUST1197,Tanvi Patel,Male,25,Hyderabad,South,P026,Novel Collection,Books,Fiction,1,?899.00,15%,?764.15,?420.00,?344.15,Debit Card,Delivered,Mobile App,5.0
ORD100508,26-Nov-2025,CUST0181,Pranav Bansal,Female,28,Guwahati,East,P005,Power Bank 20000mAh,Electronics,Accessories,1,"?1,599.00",15%,"?1,359.15",?920.00,?439.15,UPI,Returned,Mobile App,3.0
ORD104453,26-Nov-2025,CUST0933,Akash Bansal,Female,24,Kolkata,East,P015,Bedsheet Set,Home & Kitchen,Home Decor,3,"?1,599.00",5%,"?4,557.15","?2,550.00","?2,007.15",UPI,Delivered,Mobile App,5.0
ORD101046,26-Nov-2025,CUST1162,Arjun Rao,Male,26,Jaipur,North,P009,Denim Jeans,Fashion,Clothing,1,"?1,999.00",15%,"?1,699.15","?1,050.00",?649.15,Debit Card,Delivered,Mobile App,5.0
ORD104775,26-Nov-2025,CUST0724,Karan Jain,Male,22,Chandigarh,North,P017,Dumbbell Set,Sports & Fitness,Fitness,1,"?2,499.00",25%,"?1,874.25","?1,450.00",?424.25,Credit Card,Delivered,Website,4.0
ORD100601,26-Nov-2025,CUST1840,Mohit Sharma,Female,39,Kochi,South,P016,Yoga Mat,Sports & Fitness,Fitness,1,?999.00,10%,?899.10,?520.00,?379.10,Cash on Delivery,Delivered,Website,2.0
ORD104560,26-Nov-2025,CUST0746,Arjun Rao,Female,38,Delhi,North,P002,Bluetooth Speaker,Electronics,Audio,1,"?1,899.00",10%,"?1,709.10","?1,120.00",?589.10,Credit Card,Returned,Mobile App,5.0
ORD103382,26-Nov-2025,CUST0690,Yash Agarwal,Female,27,Surat,West,P020,Resistance Bands,Sports & Fitness,Fitness,1,?699.00,20%,?559.20,?320.00,?239.20,Debit Card,Delivered,Mobile App,4.0
ORD102815,27-Nov-2025,CUST1563,Vansh Chopra,Male,38,Chandigarh,North,P023,Shampoo,Beauty,Haircare,1,?649.00,10%,?584.10,?290.00,?294.10,Net Banking,Delivered,Website,5.0
ORD101558,27-Nov-2025,CUST1526,Simran Gupta,Female,42,Bhubaneswar,East,P001,Wireless Headphones,Electronics,Audio,2,"?2,499.00",15%,"?4,248.30","?3,100.00","?1,148.30",Credit Card,Delivered,Website,5.0
ORD104243,27-Nov-2025,CUST0377,Meera Singh,Male,47,Coimbatore,South,P003,Smart Watch,Electronics,Wearables,2,"?3,299.00",20%,"?5,278.40","?4,200.00","?1,078.40",Cash on Delivery,Delivered,Website,5.0
ORD102836,27-Nov-2025,CUST1366,Simran Gupta,Female,40,Surat,West,P003,Smart Watch,Electronics,Wearables,2,"?3,299.00",5%,"?6,268.10","?4,200.00","?2,068.10",UPI,Delivered,Mobile App,5.0
ORD104716,27-Nov-2025,CUST0702,Pooja Kapoor,Male,34,Lucknow,North,P001,Wireless Headphones,Electronics,Audio,2,"?2,499.00",10%,"?4,498.20","?3,100.00","?1,398.20",Net Banking,Delivered,Mobile App,5.0
ORD104132,27-Nov-2025,CUST0823,Aditi Saxena,Female,34,Ranchi,East,P016,Yoga Mat,Sports & Fitness,Fitness,1,?999.00,10%,?899.10,?520.00,?379.10,Net Banking,Delivered,Mobile App,5.0
ORD100123,27-Nov-2025,CUST1297,Sakshi Mishra,Female,20,Guwahati,East,P004,USB-C Charger,Electronics,Accessories,1,?899.00,10%,?809.10,?480.00,?329.10,UPI,Delivered,Mobile App,5.0
ORD104850,27-Nov-2025,CUST0369,Sakshi Mishra,Female,35,Bengaluru,South,P025,Moisturizer,Beauty,Skincare,1,?699.00,10%,?629.10,?310.00,?319.10,Net Banking,Cancelled,Mobile App,
ORD103265,27-Nov-2025,CUST1005,Tanvi Patel,Female,44,Pune,West,P022,Sunscreen SPF 50,Beauty,Skincare,2,?799.00,10%,"?1,438.20",?720.00,?718.20,Debit Card,Delivered,Website,5.0
ORD103545,27-Nov-2025,CUST0332,Rahul Kumar,Male,41,Surat,West,P001,Wireless Headphones,Electronics,Audio,1,"?2,499.00",10%,"?2,249.10","?1,550.00",?699.10,Debit Card,Delivered,Mobile App,3.0
ORD103130,27-Nov-2025,CUST1474,Manish Agarwal,Female,24,Delhi,North,P003,Smart Watch,Electronics,Wearables,1,"?3,299.00",15%,"?2,804.15","?2,100.00",?704.15,Cash on Delivery,Returned,Mobile App,5.0
ORD100010,27-Nov-2025,CUST1661,Kavya Patel,Male,28,Coimbatore,South,P003,Smart Watch,Electronics,Wearables,2,"?3,299.00",5%,"?6,268.10","?4,200.00","?2,068.10",Credit Card,Delivered,Mobile App,1.0
ORD102890,27-Nov-2025,CUST2035,Anjali Verma,Male,27,Chennai,South,P025,Moisturizer,Beauty,Skincare,1,?699.00,10%,?629.10,?310.00,?319.10,Net Banking,Delivered,Website,5.0
ORD102899,28-Nov-2025,CUST0339,Anjali Verma,Male,32,Bengaluru,South,P027,Business Strategy Book,Books,Business,1,?699.00,15%,?594.15,?300.00,?294.15,Wallet,Delivered,Mobile App,5.0
ORD102346,28-Nov-2025,CUST1709,Tanvi Patel,Male,35,Bhubaneswar,East,P010,Casual Hoodie,Fashion,Clothing,1,"?1,499.00",10%,"?1,349.10",?780.00,?569.10,Credit Card,Delivered,Mobile App,5.0
ORD101175,28-Nov-2025,CUST0365,Tanvi Patel,Male,19,Amritsar,North,P020,Resistance Bands,Sports & Fitness,Fitness,3,?699.00,15%,"?1,782.45",?960.00,?822.45,Cash on Delivery,Delivered,Mobile App,5.0
ORD102424,28-Nov-2025,CUST1310,Pooja Kapoor,Male,42,Jaipur,North,P022,Sunscreen SPF 50,Beauty,Skincare,5,?799.00,20%,"?3,196.00","?1,800.00","?1,396.00",Credit Card,Returned,Mobile App,4.0
ORD102403,28-Nov-2025,CUST1352,Sanya Malhotra,Female,23,Bokaro,East,P005,Power Bank 20000mAh,Electronics,Accessories,3,"?1,599.00",10%,"?4,317.30","?2,760.00","?1,557.30",Debit Card,Delivered,Mobile App,4.0
ORD101409,28-Nov-2025,CUST1778,Yash Agarwal,Male,24,Nagpur,West,P003,Smart Watch,Electronics,Wearables,3,"?3,299.00",10%,"?8,907.30","?6,300.00","?2,607.30",Credit Card,Delivered,Website,5.0
ORD104295,28-Nov-2025,CUST1098,Arjun Rao,Female,33,Pune,West,P003,Smart Watch,Electronics,Wearables,1,"?3,299.00",5%,"?3,134.05","?2,100.00","?1,034.05",UPI,Delivered,Mobile App,5.0
ORD102891,29-Nov-2025,CUST1553,Sakshi Mishra,Male,26,Chandigarh,North,P003,Smart Watch,Electronics,Wearables,1,"?3,299.00",10%,"?2,969.10","?2,100.00",?869.10,Debit Card,Delivered,Website,5.0
ORD104145,29-Nov-2025,CUST2123,Kiara Chopra,Female,24,Surat,West,P005,Power Bank 20000mAh,Electronics,Accessories,1,"?1,599.00",5%,"?1,519.05",?920.00,?599.05,UPI,Returned,Website,5.0
ORD104586,29-Nov-2025,CUST1566,Pooja Kapoor,Male,43,Nashik,West,P024,Perfume,Beauty,Fragrance,1,"?1,799.00",5%,"?1,709.05",?900.00,?809.05,Credit Card,Delivered,Website,4.0
ORD103443,29-Nov-2025,CUST0038,Kabir Gupta,Male,22,Mysuru,South,P025,Moisturizer,Beauty,Skincare,1,?699.00,0%,?699.00,?310.00,?389.00,Debit Card,Delivered,Website,5.0
ORD104581,29-Nov-2025,CUST0136,Sanya Malhotra,Male,38,Hyderabad,South,P008,Cotton T-Shirt,Fashion,Clothing,2,?799.00,10%,"?1,438.20",?780.00,?658.20,Wallet,Returned,Website,3.0
ORD102398,29-Nov-2025,CUST1264,Mohit Sharma,Female,46,Bhubaneswar,East,P002,Bluetooth Speaker,Electronics,Audio,4,"?1,899.00",0%,"?7,596.00","?4,480.00","?3,116.00",Debit Card,Delivered,Mobile App,5.0
ORD104431,30-Nov-2025,CUST0474,Rohan Rao,Male,38,Mumbai,West,P003,Smart Watch,Electronics,Wearables,1,"?3,299.00",10%,"?2,969.10","?2,100.00",?869.10,Debit Card,Delivered,Website,3.0
ORD104585,30-Nov-2025,CUST1942,Simran Gupta,Male,59,Mysuru,South,P013,Non-Stick Cookware Set,Home & Kitchen,Cookware,2,"?4,299.00",15%,"?7,308.30","?5,400.00","?1,908.30",Net Banking,Delivered,Mobile App,5.0
ORD100752,30-Nov-2025,CUST0585,Zoya Singh,Male,32,Mysuru,South,P016,Yoga Mat,Sports & Fitness,Fitness,2,?999.00,15%,"?1,698.30","?1,040.00",?658.30,Debit Card,Delivered,Website,3.0
ORD104118,30-Nov-2025,CUST1152,Aarav Sharma,Female,28,Coimbatore,South,P014,Table Lamp,Home & Kitchen,Home Decor,2,"?1,299.00",0%,"?2,598.00","?1,380.00","?1,218.00",UPI,Returned,Mobile App,5.0
ORD101480,30-Nov-2025,CUST2064,Mohit Sharma,Female,22,Nashik,West,P003,Smart Watch,Electronics,Wearables,2,"?3,299.00",15%,"?5,608.30","?4,200.00","?1,408.30",Debit Card,Delivered,Mobile App,4.0
ORD102316,30-Nov-2025,CUST0756,Karan Jain,Female,26,Ranchi,East,P001,Wireless Headphones,Electronics,Audio,3,"?2,499.00",15%,"?6,372.45","?4,650.00","?1,722.45",Wallet,Delivered,Website,4.0
ORD104922,30-Nov-2025,CUST1254,Kabir Gupta,Female,25,Patna,East,P005,Power Bank 20000mAh,Electronics,Accessories,1,"?1,599.00",25%,"?1,199.25",?920.00,?279.25,UPI,Delivered,Website,5.0
ORD101437,30-Nov-2025,CUST0310,Simran Gupta,Male,19,Jaipur,North,P020,Resistance Bands,Sports & Fitness,Fitness,3,?699.00,10%,"?1,887.30",?960.00,?927.30,Wallet,Delivered,Mobile App,1.0
ORD101599,30-Nov-2025,CUST0963,Riya Verma,Male,19,Nashik,West,P016,Yoga Mat,Sports & Fitness,Fitness,2,?999.00,20%,"?1,598.40","?1,040.00",?558.40,Cash on Delivery,Delivered,Website,5.0
ORD103291,01-Dec-2025,CUST1977,Meera Singh,Male,40,Bengaluru,South,P008,Cotton T-Shirt,Fashion,Clothing,1,?799.00,15%,?679.15,?390.00,?289.15,Credit Card,Cancelled,Mobile App,
ORD101422,01-Dec-2025,CUST0176,Mohit Sharma,Male,29,Mumbai,West,P015,Bedsheet Set,Home & Kitchen,Home Decor,1,"?1,599.00",10%,"?1,439.10",?850.00,?589.10,Cash on Delivery,Delivered,Website,4.0
ORD103444,01-Dec-2025,CUST0629,Pranav Bansal,Male,35,Nashik,West,P010,Casual Hoodie,Fashion,Clothing,1,"?1,499.00",5%,"?1,424.05",?780.00,?644.05,UPI,Delivered,Mobile App,4.0
ORD103981,01-Dec-2025,CUST1437,Kavya Patel,Female,26,Coimbatore,South,P017,Dumbbell Set,Sports & Fitness,Fitness,2,"?2,499.00",10%,"?4,498.20","?2,900.00","?1,598.20",Net Banking,Delivered,Mobile App,5.0
ORD104192,01-Dec-2025,CUST0308,Karan Jain,Female,34,Dehradun,North,P027,Business Strategy Book,Books,Business,1,?699.00,25%,?524.25,?300.00,?224.25,Cash on Delivery,Delivered,Mobile App,3.0
ORD101069,01-Dec-2025,CUST0777,Zoya Singh,Male,25,Pune,West,P002,Bluetooth Speaker,Electronics,Audio,5,"?1,899.00",20%,"?7,596.00","?5,600.00","?1,996.00",UPI,Delivered,Mobile App,4.0
ORD101246,01-Dec-2025,CUST0084,Karan Jain,Female,33,Jaipur,North,P007,Running Shoes,Fashion,Footwear,1,"?2,899.00",5%,"?2,754.05","?1,700.00","?1,054.05",Debit Card,Cancelled,Mobile App,
ORD103439,01-Dec-2025,CUST1673,Zoya Singh,Female,37,Bengaluru,South,P008,Cotton T-Shirt,Fashion,Clothing,2,?799.00,5%,"?1,518.10",?780.00,?738.10,UPI,Delivered,Mobile App,3.0
ORD100586,01-Dec-2025,CUST1261,Tanvi Patel,Male,23,Nagpur,West,P016,Yoga Mat,Sports & Fitness,Fitness,1,?999.00,20%,?799.20,?520.00,?279.20,Wallet,Delivered,Website,5.0
ORD100593,01-Dec-2025,CUST1304,Ishaan Malhotra,Male,44,Mysuru,South,P005,Power Bank 20000mAh,Electronics,Accessories,3,"?1,599.00",10%,"?4,317.30","?2,760.00","?1,557.30",UPI,Delivered,Mobile App,5.0
ORD104906,01-Dec-2025,CUST1630,Pooja Kapoor,Male,42,Surat,West,P026,Novel Collection,Books,Fiction,1,?899.00,10%,?809.10,?420.00,?389.10,Credit Card,Delivered,Mobile App,5.0
ORD101770,02-Dec-2025,CUST0913,Sakshi Mishra,Female,31,Ahmedabad,West,P028,Data Analytics Book,Books,Technology,2,"?1,099.00",10%,"?1,978.20","?1,040.00",?938.20,Net Banking,Delivered,Website,5.0
ORD103420,02-Dec-2025,CUST0602,Rohan Rao,Female,43,Ahmedabad,West,P001,Wireless Headphones,Electronics,Audio,1,"?2,499.00",20%,"?1,999.20","?1,550.00",?449.20,Credit Card,Delivered,Mobile App,5.0
ORD104267,02-Dec-2025,CUST0863,Shivam Mehta,Female,41,Pune,West,P011,Coffee Maker,Home & Kitchen,Kitchen,1,"?3,499.00",20%,"?2,799.20","?2,250.00",?549.20,Debit Card,Delivered,Website,4.0
ORD101514,02-Dec-2025,CUST0476,Ananya Kumar,Male,31,Chennai,South,P004,USB-C Charger,Electronics,Accessories,3,?899.00,0%,"?2,697.00","?1,440.00","?1,257.00",Net Banking,Delivered,Website,5.0
ORD103103,02-Dec-2025,CUST1282,Manish Agarwal,Female,38,Nagpur,West,P016,Yoga Mat,Sports & Fitness,Fitness,2,?999.00,30%,"?1,398.60","?1,040.00",?358.60,UPI,Delivered,Website,3.0
ORD103503,02-Dec-2025,CUST1966,Aditya Kapoor,Female,26,Coimbatore,South,P007,Running Shoes,Fashion,Footwear,4,"?2,899.00",15%,"?9,856.60","?6,800.00","?3,056.60",UPI,Delivered,Website,5.0
ORD101591,02-Dec-2025,CUST1708,Rahul Kumar,Male,35,Nashik,West,P030,Self Help Book,Books,Self Development,3,?599.00,0%,"?1,797.00",?780.00,"?1,017.00",Net Banking,Delivered,Website,5.0
ORD100358,02-Dec-2025,CUST2179,Riya Verma,Female,45,Nashik,West,P001,Wireless Headphones,Electronics,Audio,1,"?2,499.00",0%,"?2,499.00","?1,550.00",?949.00,Net Banking,Cancelled,Website,
ORD102039,02-Dec-2025,CUST0312,Ishaan Malhotra,Male,23,Lucknow,North,P008,Cotton T-Shirt,Fashion,Clothing,2,?799.00,30%,"?1,118.60",?780.00,?338.60,Debit Card,Delivered,Website,4.0
ORD101206,02-Dec-2025,CUST0772,Varun Jain,Male,21,Dehradun,North,P014,Table Lamp,Home & Kitchen,Home Decor,2,"?1,299.00",10%,"?2,338.20","?1,380.00",?958.20,Cash on Delivery,Delivered,Website,4.0
ORD102676,03-Dec-2025,CUST0917,Pranav Bansal,Male,40,Bokaro,East,P017,Dumbbell Set,Sports & Fitness,Fitness,1,"?2,499.00",10%,"?2,249.10","?1,450.00",?799.10,Credit Card,Delivered,Mobile App,4.0
ORD104020,03-Dec-2025,CUST1541,Akash Bansal,Male,32,Patna,East,P005,Power Bank 20000mAh,Electronics,Accessories,3,"?1,599.00",20%,"?3,837.60","?2,760.00","?1,077.60",Net Banking,Delivered,Website,4.0
ORD104317,03-Dec-2025,CUST0627,Anjali Verma,Female,30,Chennai,South,P024,Perfume,Beauty,Fragrance,1,"?1,799.00",5%,"?1,709.05",?900.00,?809.05,UPI,Delivered,Website,4.0
ORD103079,03-Dec-2025,CUST1305,Meera Singh,Male,33,Coimbatore,South,P004,USB-C Charger,Electronics,Accessories,1,?899.00,10%,?809.10,?480.00,?329.10,Cash on Delivery,Delivered,Mobile App,5.0
ORD103791,03-Dec-2025,CUST1710,Aditya Kapoor,Female,51,Hyderabad,South,P028,Data Analytics Book,Books,Technology,1,"?1,099.00",25%,?824.25,?520.00,?304.25,Credit Card,Delivered,Mobile App,5.0
ORD100644,03-Dec-2025,CUST0333,Tanvi Patel,Female,44,Mumbai,West,P030,Self Help Book,Books,Self Development,2,?599.00,30%,?838.60,?520.00,?318.60,UPI,Delivered,Mobile App,4.0
ORD102594,03-Dec-2025,CUST1463,Aditi Saxena,Male,38,Mysuru,South,P017,Dumbbell Set,Sports & Fitness,Fitness,2,"?2,499.00",10%,"?4,498.20","?2,900.00","?1,598.20",Debit Card,Delivered,Mobile App,5.0
ORD101911,03-Dec-2025,CUST2025,Zoya Singh,Male,30,Nashik,West,P027,Business Strategy Book,Books,Business,1,?699.00,10%,?629.10,?300.00,?329.10,Net Banking,Delivered,Website,4.0
ORD103814,04-Dec-2025,CUST1688,Ishaan Malhotra,Female,37,Coimbatore,South,P028,Data Analytics Book,Books,Technology,1,"?1,099.00",5%,"?1,044.05",?520.00,?524.05,Net Banking,Delivered,Website,3.0
ORD102251,04-Dec-2025,CUST1733,Akash Bansal,Male,24,Hyderabad,South,P001,Wireless Headphones,Electronics,Audio,3,"?2,499.00",30%,"?5,247.90","?4,650.00",?597.90,UPI,Delivered,Mobile App,4.0
ORD100068,04-Dec-2025,CUST0646,Kabir Gupta,Male,35,Patna,East,P015,Bedsheet Set,Home & Kitchen,Home Decor,1,"?1,599.00",15%,"?1,359.15",?850.00,?509.15,Cash on Delivery,Delivered,Mobile App,4.0
ORD101333,04-Dec-2025,CUST0539,Vansh Chopra,Male,31,Patna,East,P028,Data Analytics Book,Books,Technology,4,"?1,099.00",15%,"?3,736.60","?2,080.00","?1,656.60",Credit Card,Delivered,Website,5.0
ORD100217,04-Dec-2025,CUST2143,Shivam Mehta,Female,36,Kochi,South,P019,Badminton Racket,Sports & Fitness,Sports,1,"?1,499.00",15%,"?1,274.15",?800.00,?474.15,Wallet,Delivered,Website,3.0
ORD103691,04-Dec-2025,CUST0783,Isha Mehta,Female,39,Bokaro,East,P019,Badminton Racket,Sports & Fitness,Sports,1,"?1,499.00",15%,"?1,274.15",?800.00,?474.15,Debit Card,Delivered,Mobile App,5.0
ORD100184,04-Dec-2025,CUST1650,Yash Agarwal,Male,26,Chandigarh,North,P005,Power Bank 20000mAh,Electronics,Accessories,1,"?1,599.00",5%,"?1,519.05",?920.00,?599.05,Net Banking,Delivered,Website,3.0
ORD101843,04-Dec-2025,CUST1171,Anjali Verma,Female,25,Mumbai,West,P030,Self Help Book,Books,Self Development,1,?599.00,10%,?539.10,?260.00,?279.10,Debit Card,Delivered,Website,5.0
ORD103267,04-Dec-2025,CUST1166,Aditya Kapoor,Male,26,Hyderabad,South,P020,Resistance Bands,Sports & Fitness,Fitness,3,?699.00,20%,"?1,677.60",?960.00,?717.60,Wallet,Delivered,Mobile App,4.0
ORD103270,04-Dec-2025,CUST0783,Isha Mehta,Female,41,Kochi,South,P025,Moisturizer,Beauty,Skincare,4,?699.00,5%,"?2,656.20","?1,240.00","?1,416.20",Debit Card,Delivered,Mobile App,2.0
ORD103159,04-Dec-2025,CUST2056,Sanya Malhotra,Female,18,Kolkata,East,P021,Face Wash,Beauty,Skincare,1,?499.00,5%,?474.05,?220.00,?254.05,Net Banking,Returned,Mobile App,5.0
ORD104564,05-Dec-2025,CUST1243,Vansh Chopra,Female,18,Surat,West,P029,Programming Book,Books,Technology,1,"?1,299.00",10%,"?1,169.10",?610.00,?559.10,Debit Card,Delivered,Mobile App,5.0
ORD100448,05-Dec-2025,CUST1596,Ananya Kumar,Female,32,Chandigarh,North,P013,Non-Stick Cookware Set,Home & Kitchen,Cookware,3,"?4,299.00",0%,"?12,897.00","?8,100.00","?4,797.00",Debit Card,Delivered,Website,5.0
ORD103099,05-Dec-2025,CUST2103,Aditi Saxena,Female,46,Mysuru,South,P023,Shampoo,Beauty,Haircare,1,?649.00,15%,?551.65,?290.00,?261.65,Net Banking,Delivered,Website,2.0
ORD101051,05-Dec-2025,CUST1655,Aditi Saxena,Female,32,Coimbatore,South,P001,Wireless Headphones,Electronics,Audio,1,"?2,499.00",20%,"?1,999.20","?1,550.00",?449.20,UPI,Delivered,Mobile App,1.0
ORD102852,05-Dec-2025,CUST1241,Meera Singh,Female,36,Mysuru,South,P008,Cotton T-Shirt,Fashion,Clothing,2,?799.00,5%,"?1,518.10",?780.00,?738.10,UPI,Delivered,Mobile App,5.0
ORD103577,05-Dec-2025,CUST1486,Aditya Kapoor,Female,18,Mysuru,South,P010,Casual Hoodie,Fashion,Clothing,1,"?1,499.00",10%,"?1,349.10",?780.00,?569.10,Debit Card,Delivered,Mobile App,5.0
ORD104212,05-Dec-2025,CUST0962,Manish Agarwal,Male,30,Amritsar,North,P001,Wireless Headphones,Electronics,Audio,1,"?2,499.00",10%,"?2,249.10","?1,550.00",?699.10,Wallet,Delivered,Mobile App,5.0
ORD103426,05-Dec-2025,CUST0177,Sakshi Mishra,Female,41,Nagpur,West,P016,Yoga Mat,Sports & Fitness,Fitness,1,?999.00,15%,?849.15,?520.00,?329.15,Credit Card,Delivered,Mobile App,5.0
ORD104937,06-Dec-2025,CUST0608,Aarav Sharma,Male,32,Delhi,North,P025,Moisturizer,Beauty,Skincare,2,?699.00,0%,"?1,398.00",?620.00,?778.00,Credit Card,Delivered,Website,4.0
ORD101120,06-Dec-2025,CUST0403,Anjali Verma,Male,40,Lucknow,North,P022,Sunscreen SPF 50,Beauty,Skincare,2,?799.00,5%,"?1,518.10",?720.00,?798.10,Credit Card,Delivered,Website,5.0
ORD104576,06-Dec-2025,CUST0041,Zoya Singh,Male,28,Bokaro,East,P020,Resistance Bands,Sports & Fitness,Fitness,1,?699.00,25%,?524.25,?320.00,?204.25,Debit Card,Delivered,Website,1.0
ORD100045,06-Dec-2025,CUST1438,Pooja Kapoor,Male,31,Jaipur,North,P003,Smart Watch,Electronics,Wearables,2,"?3,299.00",15%,"?5,608.30","?4,200.00","?1,408.30",Credit Card,Delivered,Mobile App,4.0
ORD103525,06-Dec-2025,CUST0233,Zoya Singh,Female,29,Amritsar,North,P013,Non-Stick Cookware Set,Home & Kitchen,Cookware,1,"?4,299.00",10%,"?3,869.10","?2,700.00","?1,169.10",UPI,Delivered,Mobile App,4.0
ORD103636,06-Dec-2025,CUST1359,Isha Mehta,Female,44,Kolkata,East,P020,Resistance Bands,Sports & Fitness,Fitness,1,?699.00,10%,?629.10,?320.00,?309.10,UPI,Cancelled,Mobile App,
ORD104697,06-Dec-2025,CUST0658,Yash Agarwal,Male,23,Lucknow,North,P005,Power Bank 20000mAh,Electronics,Accessories,2,"?1,599.00",5%,"?3,038.10","?1,840.00","?1,198.10",UPI,Delivered,Mobile App,5.0
ORD103524,06-Dec-2025,CUST1385,Zoya Singh,Male,35,Surat,West,P003,Smart Watch,Electronics,Wearables,3,"?3,299.00",10%,"?8,907.30","?6,300.00","?2,607.30",Net Banking,Delivered,Website,5.0
ORD104290,06-Dec-2025,CUST0942,Aditya Kapoor,Female,24,Kochi,South,P019,Badminton Racket,Sports & Fitness,Sports,2,"?1,499.00",10%,"?2,698.20","?1,600.00","?1,098.20",Debit Card,Delivered,Mobile App,5.0
ORD103075,06-Dec-2025,CUST2165,Pranav Bansal,Male,23,Delhi,North,P008,Cotton T-Shirt,Fashion,Clothing,3,?799.00,0%,"?2,397.00","?1,170.00","?1,227.00",UPI,Delivered,Mobile App,5.0
ORD100122,06-Dec-2025,CUST1340,Ananya Kumar,Male,35,Guwahati,East,P007,Running Shoes,Fashion,Footwear,3,"?2,899.00",15%,"?7,392.45","?5,100.00","?2,292.45",UPI,Delivered,Website,3.0
ORD101730,07-Dec-2025,CUST1095,Nisha Saxena,Male,41,Mysuru,South,P002,Bluetooth Speaker,Electronics,Audio,1,"?1,899.00",30%,"?1,329.30","?1,120.00",?209.30,UPI,Delivered,Website,5.0
ORD101517,07-Dec-2025,CUST1840,Mohit Sharma,Female,38,Lucknow,North,P002,Bluetooth Speaker,Electronics,Audio,1,"?1,899.00",15%,"?1,614.15","?1,120.00",?494.15,Debit Card,Delivered,Mobile App,5.0
ORD104228,07-Dec-2025,CUST1149,Kavya Patel,Male,33,Delhi,North,P024,Perfume,Beauty,Fragrance,1,"?1,799.00",25%,"?1,349.25",?900.00,?449.25,Debit Card,Delivered,Mobile App,3.0
ORD100345,07-Dec-2025,CUST1415,Nisha Saxena,Male,48,Jaipur,North,P008,Cotton T-Shirt,Fashion,Clothing,2,?799.00,15%,"?1,358.30",?780.00,?578.30,UPI,Delivered,Website,3.0
ORD102387,07-Dec-2025,CUST2011,Vansh Chopra,Male,30,Ranchi,East,P016,Yoga Mat,Sports & Fitness,Fitness,1,?999.00,5%,?949.05,?520.00,?429.05,Debit Card,Delivered,Mobile App,5.0
ORD103309,07-Dec-2025,CUST1726,Pooja Kapoor,Female,20,Kochi,South,P002,Bluetooth Speaker,Electronics,Audio,2,"?1,899.00",10%,"?3,418.20","?2,240.00","?1,178.20",UPI,Delivered,Mobile App,4.0
ORD103236,07-Dec-2025,CUST1766,Kabir Gupta,Male,25,Surat,West,P013,Non-Stick Cookware Set,Home & Kitchen,Cookware,3,"?4,299.00",10%,"?11,607.30","?8,100.00","?3,507.30",Debit Card,Delivered,Mobile App,5.0
ORD102540,07-Dec-2025,CUST1060,Varun Jain,Male,36,Amritsar,North,P007,Running Shoes,Fashion,Footwear,3,"?2,899.00",10%,"?7,827.30","?5,100.00","?2,727.30",UPI,Delivered,Mobile App,5.0
ORD100451,08-Dec-2025,CUST0563,Anjali Verma,Male,19,Chennai,South,P020,Resistance Bands,Sports & Fitness,Fitness,1,?699.00,20%,?559.20,?320.00,?239.20,Cash on Delivery,Delivered,Mobile App,5.0
ORD102099,08-Dec-2025,CUST0295,Nisha Saxena,Male,42,Mumbai,West,P011,Coffee Maker,Home & Kitchen,Kitchen,5,"?3,499.00",5%,"?16,620.25","?11,250.00","?5,370.25",Credit Card,Delivered,Website,5.0
ORD100879,08-Dec-2025,CUST0390,Kabir Gupta,Female,40,Patna,East,P008,Cotton T-Shirt,Fashion,Clothing,1,?799.00,25%,?599.25,?390.00,?209.25,UPI,Delivered,Mobile App,4.0
ORD104959,08-Dec-2025,CUST1990,Kabir Gupta,Male,30,Chandigarh,North,P005,Power Bank 20000mAh,Electronics,Accessories,1,"?1,599.00",10%,"?1,439.10",?920.00,?519.10,UPI,Delivered,Website,4.0
ORD101741,08-Dec-2025,CUST1027,Riya Verma,Male,27,Bengaluru,South,P016,Yoga Mat,Sports & Fitness,Fitness,1,?999.00,5%,?949.05,?520.00,?429.05,UPI,Delivered,Mobile App,1.0
ORD100300,08-Dec-2025,CUST1728,Aarav Sharma,Female,32,Ahmedabad,West,P014,Table Lamp,Home & Kitchen,Home Decor,1,"?1,299.00",20%,"?1,039.20",?690.00,?349.20,Net Banking,Delivered,Website,5.0
ORD100401,08-Dec-2025,CUST0215,Aditi Saxena,Female,25,Nashik,West,P008,Cotton T-Shirt,Fashion,Clothing,2,?799.00,20%,"?1,278.40",?780.00,?498.40,UPI,Delivered,Website,1.0
ORD101689,08-Dec-2025,CUST1958,Kabir Gupta,Female,37,Nagpur,West,P005,Power Bank 20000mAh,Electronics,Accessories,1,"?1,599.00",20%,"?1,279.20",?920.00,?359.20,Credit Card,Delivered,Mobile App,4.0
ORD103019,08-Dec-2025,CUST1739,Kiara Chopra,Female,33,Dehradun,North,P009,Denim Jeans,Fashion,Clothing,2,"?1,999.00",25%,"?2,998.50","?2,100.00",?898.50,Debit Card,Delivered,Website,5.0
ORD103849,08-Dec-2025,CUST1185,Diya Mishra,Male,40,Delhi,North,P003,Smart Watch,Electronics,Wearables,2,"?3,299.00",5%,"?6,268.10","?4,200.00","?2,068.10",Credit Card,Delivered,Website,5.0
ORD100988,08-Dec-2025,CUST1082,Rohan Rao,Male,22,Kochi,South,P016,Yoga Mat,Sports & Fitness,Fitness,1,?999.00,15%,?849.15,?520.00,?329.15,Credit Card,Returned,Mobile App,3.0
ORD101584,09-Dec-2025,CUST1791,Shivam Mehta,Female,40,Jaipur,North,P029,Programming Book,Books,Technology,2,"?1,299.00",20%,"?2,078.40","?1,220.00",?858.40,UPI,Delivered,Mobile App,5.0
ORD103601,09-Dec-2025,CUST0671,Shivam Mehta,Male,44,Dehradun,North,P030,Self Help Book,Books,Self Development,2,?599.00,0%,"?1,198.00",?520.00,?678.00,UPI,Delivered,Mobile App,3.0
ORD102535,09-Dec-2025,CUST0175,Isha Mehta,Female,30,Pune,West,P019,Badminton Racket,Sports & Fitness,Sports,2,"?1,499.00",20%,"?2,398.40","?1,600.00",?798.40,UPI,Delivered,Mobile App,5.0
ORD102343,09-Dec-2025,CUST1615,Isha Mehta,Male,33,Delhi,North,P021,Face Wash,Beauty,Skincare,3,?499.00,10%,"?1,347.30",?660.00,?687.30,UPI,Delivered,Website,4.0
ORD103024,09-Dec-2025,CUST1302,Simran Gupta,Female,36,Delhi,North,P004,USB-C Charger,Electronics,Accessories,2,?899.00,5%,"?1,708.10",?960.00,?748.10,Cash on Delivery,Delivered,Mobile App,5.0
ORD104707,09-Dec-2025,CUST1018,Rohan Rao,Female,52,Kochi,South,P017,Dumbbell Set,Sports & Fitness,Fitness,2,"?2,499.00",10%,"?4,498.20","?2,900.00","?1,598.20",Debit Card,Delivered,Website,5.0
ORD102708,09-Dec-2025,CUST1656,Ishaan Malhotra,Female,29,Mysuru,South,P015,Bedsheet Set,Home & Kitchen,Home Decor,1,"?1,599.00",5%,"?1,519.05",?850.00,?669.05,Credit Card,Delivered,Website,5.0
ORD104683,09-Dec-2025,CUST1131,Kiara Chopra,Male,18,Jaipur,North,P005,Power Bank 20000mAh,Electronics,Accessories,3,"?1,599.00",25%,"?3,597.75","?2,760.00",?837.75,Net Banking,Delivered,Mobile App,4.0
ORD103712,09-Dec-2025,CUST0893,Kavya Patel,Female,40,Ranchi,East,P006,Laptop Backpack,Fashion,Bags,1,"?1,799.00",10%,"?1,619.10",?950.00,?669.10,UPI,Delivered,Website,5.0
ORD102416,09-Dec-2025,CUST0220,Ananya Kumar,Female,28,Bengaluru,South,P010,Casual Hoodie,Fashion,Clothing,1,"?1,499.00",10%,"?1,349.10",?780.00,?569.10,Cash on Delivery,Delivered,Mobile App,5.0
ORD104669,09-Dec-2025,CUST1864,Sanya Malhotra,Male,20,Surat,West,P003,Smart Watch,Electronics,Wearables,2,"?3,299.00",15%,"?5,608.30","?4,200.00","?1,408.30",Net Banking,Delivered,Website,4.0
ORD100017,10-Dec-2025,CUST1692,Ananya Kumar,Male,29,Hyderabad,South,P006,Laptop Backpack,Fashion,Bags,2,"?1,799.00",20%,"?2,878.40","?1,900.00",?978.40,Debit Card,Delivered,Website,5.0
ORD100079,10-Dec-2025,CUST2180,Varun Jain,Male,35,Pune,West,P011,Coffee Maker,Home & Kitchen,Kitchen,1,"?3,499.00",0%,"?3,499.00","?2,250.00","?1,249.00",UPI,Delivered,Website,4.0
ORD102501,10-Dec-2025,CUST0681,Zoya Singh,Male,33,Kochi,South,P014,Table Lamp,Home & Kitchen,Home Decor,1,"?1,299.00",10%,"?1,169.10",?690.00,?479.10,Cash on Delivery,Delivered,Mobile App,4.0
ORD101139,10-Dec-2025,CUST1707,Kiara Chopra,Male,38,Dehradun,North,P014,Table Lamp,Home & Kitchen,Home Decor,1,"?1,299.00",15%,"?1,104.15",?690.00,?414.15,Credit Card,Delivered,Website,5.0
ORD102156,10-Dec-2025,CUST1657,Meera Singh,Male,22,Bokaro,East,P018,Cricket Bat,Sports & Fitness,Sports,2,"?2,199.00",10%,"?3,958.20","?2,500.00","?1,458.20",Debit Card,Cancelled,Website,
ORD104726,10-Dec-2025,CUST1060,Varun Jain,Male,27,Delhi,North,P010,Casual Hoodie,Fashion,Clothing,4,"?1,499.00",10%,"?5,396.40","?3,120.00","?2,276.40",Credit Card,Delivered,Mobile App,4.0
ORD101327,10-Dec-2025,CUST0952,Ishaan Malhotra,Male,30,Pune,West,P021,Face Wash,Beauty,Skincare,1,?499.00,10%,?449.10,?220.00,?229.10,Credit Card,Delivered,Website,5.0
ORD101131,10-Dec-2025,CUST0760,Ishaan Malhotra,Male,30,Jaipur,North,P003,Smart Watch,Electronics,Wearables,1,"?3,299.00",5%,"?3,134.05","?2,100.00","?1,034.05",Debit Card,Delivered,Website,5.0
ORD101559,10-Dec-2025,CUST1470,Pooja Kapoor,Male,43,Kochi,South,P005,Power Bank 20000mAh,Electronics,Accessories,1,"?1,599.00",10%,"?1,439.10",?920.00,?519.10,Credit Card,Delivered,Mobile App,3.0
ORD102392,10-Dec-2025,CUST0873,Zoya Singh,Female,19,Bengaluru,South,P019,Badminton Racket,Sports & Fitness,Sports,1,"?1,499.00",0%,"?1,499.00",?800.00,?699.00,Credit Card,Delivered,Mobile App,4.0
ORD104344,10-Dec-2025,CUST1399,Aditi Saxena,Female,46,Bokaro,East,P027,Business Strategy Book,Books,Business,1,?699.00,15%,?594.15,?300.00,?294.15,Cash on Delivery,Delivered,Mobile App,4.0
ORD103747,11-Dec-2025,CUST1968,Mohit Sharma,Male,48,Delhi,North,P008,Cotton T-Shirt,Fashion,Clothing,1,?799.00,10%,?719.10,?390.00,?329.10,Debit Card,Delivered,Website,5.0
ORD101959,11-Dec-2025,CUST1483,Kiara Chopra,Male,41,Delhi,North,P024,Perfume,Beauty,Fragrance,1,"?1,799.00",0%,"?1,799.00",?900.00,?899.00,Credit Card,Delivered,Website,4.0
ORD104746,11-Dec-2025,CUST1443,Riya Verma,Female,44,Hyderabad,South,P026,Novel Collection,Books,Fiction,1,?899.00,10%,?809.10,?420.00,?389.10,UPI,Delivered,Mobile App,5.0
ORD103177,11-Dec-2025,CUST0335,Isha Mehta,Male,41,Nagpur,West,P010,Casual Hoodie,Fashion,Clothing,1,"?1,499.00",15%,"?1,274.15",?780.00,?494.15,Cash on Delivery,Delivered,Mobile App,4.0
ORD101211,11-Dec-2025,CUST0248,Ishaan Malhotra,Male,41,Hyderabad,South,P030,Self Help Book,Books,Self Development,1,?599.00,20%,?479.20,?260.00,?219.20,UPI,Returned,Website,4.0
ORD104735,11-Dec-2025,CUST0382,Pooja Kapoor,Female,26,Bokaro,East,P028,Data Analytics Book,Books,Technology,2,"?1,099.00",10%,"?1,978.20","?1,040.00",?938.20,UPI,Delivered,Website,5.0
ORD101610,11-Dec-2025,CUST1886,Pooja Kapoor,Female,18,Bokaro,East,P002,Bluetooth Speaker,Electronics,Audio,1,"?1,899.00",15%,"?1,614.15","?1,120.00",?494.15,Net Banking,Delivered,Mobile App,5.0
ORD103950,11-Dec-2025,CUST1122,Manish Agarwal,Female,28,Chennai,South,P024,Perfume,Beauty,Fragrance,3,"?1,799.00",5%,"?5,127.15","?2,700.00","?2,427.15",Credit Card,Delivered,Mobile App,5.0
ORD101535,11-Dec-2025,CUST0807,Nisha Saxena,Female,39,Chennai,South,P010,Casual Hoodie,Fashion,Clothing,2,"?1,499.00",5%,"?2,848.10","?1,560.00","?1,288.10",UPI,Delivered,Mobile App,5.0
ORD101797,11-Dec-2025,CUST1599,Shivam Mehta,Female,35,Jaipur,North,P020,Resistance Bands,Sports & Fitness,Fitness,1,?699.00,10%,?629.10,?320.00,?309.10,Net Banking,Delivered,Mobile App,5.0
ORD103781,11-Dec-2025,CUST0105,Zoya Singh,Female,40,Mumbai,West,P014,Table Lamp,Home & Kitchen,Home Decor,2,"?1,299.00",10%,"?2,338.20","?1,380.00",?958.20,Debit Card,Delivered,Mobile App,5.0
ORD104601,11-Dec-2025,CUST0606,Pooja Kapoor,Male,32,Coimbatore,South,P019,Badminton Racket,Sports & Fitness,Sports,1,"?1,499.00",30%,"?1,049.30",?800.00,?249.30,Wallet,Delivered,Mobile App,4.0
ORD100179,12-Dec-2025,CUST2107,Vansh Chopra,Male,24,Hyderabad,South,P029,Programming Book,Books,Technology,1,"?1,299.00",5%,"?1,234.05",?610.00,?624.05,Net Banking,Delivered,Mobile App,4.0
ORD100630,12-Dec-2025,CUST0026,Rohan Rao,Female,29,Delhi,North,P025,Moisturizer,Beauty,Skincare,2,?699.00,10%,"?1,258.20",?620.00,?638.20,Cash on Delivery,Delivered,Mobile App,5.0
ORD100822,12-Dec-2025,CUST1920,Aarav Sharma,Female,39,Chandigarh,North,P009,Denim Jeans,Fashion,Clothing,3,"?1,999.00",0%,"?5,997.00","?3,150.00","?2,847.00",Debit Card,Delivered,Website,5.0
ORD100044,12-Dec-2025,CUST1983,Shivam Mehta,Female,39,Surat,West,P011,Coffee Maker,Home & Kitchen,Kitchen,2,"?3,499.00",5%,"?6,648.10","?4,500.00","?2,148.10",UPI,Delivered,Website,5.0
ORD100843,12-Dec-2025,CUST0967,Nisha Saxena,Female,46,Bhubaneswar,East,P013,Non-Stick Cookware Set,Home & Kitchen,Cookware,2,"?4,299.00",15%,"?7,308.30","?5,400.00","?1,908.30",Credit Card,Delivered,Website,4.0
ORD100316,12-Dec-2025,CUST1266,Yash Agarwal,Female,48,Nashik,West,P003,Smart Watch,Electronics,Wearables,2,"?3,299.00",15%,"?5,608.30","?4,200.00","?1,408.30",Debit Card,Delivered,Mobile App,1.0
ORD100191,12-Dec-2025,CUST0803,Riya Verma,Male,41,Delhi,North,P006,Laptop Backpack,Fashion,Bags,1,"?1,799.00",15%,"?1,529.15",?950.00,?579.15,Net Banking,Returned,Website,4.0
ORD102365,13-Dec-2025,CUST0155,Vansh Chopra,Female,22,Pune,West,P024,Perfume,Beauty,Fragrance,4,"?1,799.00",0%,"?7,196.00","?3,600.00","?3,596.00",UPI,Returned,Website,5.0
ORD100862,13-Dec-2025,CUST1413,Akash Bansal,Male,30,Lucknow,North,P010,Casual Hoodie,Fashion,Clothing,2,"?1,499.00",20%,"?2,398.40","?1,560.00",?838.40,Debit Card,Delivered,Website,5.0
ORD104699,13-Dec-2025,CUST0701,Kavya Patel,Female,35,Ranchi,East,P021,Face Wash,Beauty,Skincare,2,?499.00,30%,?698.60,?440.00,?258.60,UPI,Delivered,Mobile App,5.0
ORD104698,13-Dec-2025,CUST1661,Kavya Patel,Male,27,Bengaluru,South,P009,Denim Jeans,Fashion,Clothing,2,"?1,999.00",20%,"?3,198.40","?2,100.00","?1,098.40",Net Banking,Delivered,Website,4.0
ORD104930,13-Dec-2025,CUST0223,Shivam Mehta,Male,43,Nashik,West,P027,Business Strategy Book,Books,Business,1,?699.00,20%,?559.20,?300.00,?259.20,UPI,Returned,Mobile App,5.0
ORD104565,14-Dec-2025,CUST0786,Yash Agarwal,Female,28,Lucknow,North,P017,Dumbbell Set,Sports & Fitness,Fitness,1,"?2,499.00",20%,"?1,999.20","?1,450.00",?549.20,Net Banking,Delivered,Mobile App,5.0
ORD104234,14-Dec-2025,CUST1344,Aarav Sharma,Male,36,Bhubaneswar,East,P019,Badminton Racket,Sports & Fitness,Sports,1,"?1,499.00",10%,"?1,349.10",?800.00,?549.10,Debit Card,Delivered,Mobile App,5.0
ORD100477,14-Dec-2025,CUST1955,Riya Verma,Female,47,Kolkata,East,P021,Face Wash,Beauty,Skincare,1,?499.00,5%,?474.05,?220.00,?254.05,Credit Card,Delivered,Website,4.0
ORD100564,14-Dec-2025,CUST1794,Manish Agarwal,Male,41,Nashik,West,P011,Coffee Maker,Home & Kitchen,Kitchen,1,"?3,499.00",10%,"?3,149.10","?2,250.00",?899.10,UPI,Delivered,Mobile App,4.0
ORD100125,14-Dec-2025,CUST1234,Yash Agarwal,Male,44,Mumbai,West,P006,Laptop Backpack,Fashion,Bags,1,"?1,799.00",10%,"?1,619.10",?950.00,?669.10,UPI,Delivered,Mobile App,5.0
ORD100514,14-Dec-2025,CUST0336,Mohit Sharma,Male,30,Mysuru,South,P002,Bluetooth Speaker,Electronics,Audio,2,"?1,899.00",10%,"?3,418.20","?2,240.00","?1,178.20",Credit Card,Delivered,Website,4.0
ORD103460,14-Dec-2025,CUST0275,Anjali Verma,Female,30,Amritsar,North,P004,USB-C Charger,Electronics,Accessories,3,?899.00,20%,"?2,157.60","?1,440.00",?717.60,UPI,Delivered,Mobile App,5.0
ORD102358,14-Dec-2025,CUST1415,Nisha Saxena,Male,18,Bokaro,East,P018,Cricket Bat,Sports & Fitness,Sports,4,"?2,199.00",15%,"?7,476.60","?5,000.00","?2,476.60",Debit Card,Delivered,Mobile App,5.0
ORD101712,14-Dec-2025,CUST0746,Arjun Rao,Female,45,Surat,West,P030,Self Help Book,Books,Self Development,1,?599.00,5%,?569.05,?260.00,?309.05,Credit Card,Delivered,Website,5.0
ORD104418,14-Dec-2025,CUST0131,Riya Verma,Male,31,Kochi,South,P028,Data Analytics Book,Books,Technology,2,"?1,099.00",5%,"?2,088.10","?1,040.00","?1,048.10",Debit Card,Delivered,Website,4.0
ORD104432,14-Dec-2025,CUST0059,Vansh Chopra,Male,21,Bhubaneswar,East,P011,Coffee Maker,Home & Kitchen,Kitchen,3,"?3,499.00",20%,"?8,397.60","?6,750.00","?1,647.60",UPI,Delivered,Mobile App,4.0
ORD104571,15-Dec-2025,CUST0431,Isha Mehta,Female,46,Guwahati,East,P025,Moisturizer,Beauty,Skincare,1,?699.00,5%,?664.05,?310.00,?354.05,Net Banking,Delivered,Website,4.0
ORD102085,15-Dec-2025,CUST0686,Aditya Kapoor,Female,20,Ranchi,East,P008,Cotton T-Shirt,Fashion,Clothing,1,?799.00,15%,?679.15,?390.00,?289.15,UPI,Delivered,Mobile App,5.0
ORD100258,15-Dec-2025,CUST1118,Pooja Kapoor,Female,42,Patna,East,P007,Running Shoes,Fashion,Footwear,3,"?2,899.00",10%,"?7,827.30","?5,100.00","?2,727.30",Credit Card,Delivered,Mobile App,4.0
ORD101197,15-Dec-2025,CUST0649,Zoya Singh,Male,33,Mumbai,West,P022,Sunscreen SPF 50,Beauty,Skincare,1,?799.00,25%,?599.25,?360.00,?239.25,Credit Card,Delivered,Website,4.0
ORD101314,15-Dec-2025,CUST1441,Diya Mishra,Male,26,Hyderabad,South,P022,Sunscreen SPF 50,Beauty,Skincare,1,?799.00,10%,?719.10,?360.00,?359.10,Debit Card,Delivered,Website,5.0
ORD100177,15-Dec-2025,CUST0766,Pooja Kapoor,Female,36,Kochi,South,P006,Laptop Backpack,Fashion,Bags,1,"?1,799.00",15%,"?1,529.15",?950.00,?579.15,UPI,Delivered,Mobile App,5.0
ORD103778,15-Dec-2025,CUST0072,Sanya Malhotra,Male,34,Amritsar,North,P029,Programming Book,Books,Technology,2,"?1,299.00",0%,"?2,598.00","?1,220.00","?1,378.00",Net Banking,Delivered,Mobile App,5.0
ORD101093,15-Dec-2025,CUST1301,Pranav Bansal,Male,49,Bhubaneswar,East,P001,Wireless Headphones,Electronics,Audio,2,"?2,499.00",20%,"?3,998.40","?3,100.00",?898.40,Wallet,Delivered,Website,5.0
ORD104923,15-Dec-2025,CUST0723,Anjali Verma,Male,57,Chennai,South,P003,Smart Watch,Electronics,Wearables,1,"?3,299.00",25%,"?2,474.25","?2,100.00",?374.25,Net Banking,Returned,Website,4.0
ORD102604,15-Dec-2025,CUST0510,Pooja Kapoor,Male,34,Bhubaneswar,East,P020,Resistance Bands,Sports & Fitness,Fitness,3,?699.00,25%,"?1,572.75",?960.00,?612.75,Debit Card,Delivered,Website,3.0
ORD100915,15-Dec-2025,CUST2073,Meera Singh,Female,36,Nashik,West,P018,Cricket Bat,Sports & Fitness,Sports,1,"?2,199.00",15%,"?1,869.15","?1,250.00",?619.15,Debit Card,Delivered,Mobile App,5.0
ORD102938,15-Dec-2025,CUST1556,Karan Jain,Male,35,Ranchi,East,P021,Face Wash,Beauty,Skincare,1,?499.00,10%,?449.10,?220.00,?229.10,Cash on Delivery,Delivered,Website,4.0
ORD100759,15-Dec-2025,CUST1043,Anjali Verma,Female,38,Bokaro,East,P013,Non-Stick Cookware Set,Home & Kitchen,Cookware,4,"?4,299.00",5%,"?16,336.20","?10,800.00","?5,536.20",Wallet,Delivered,Mobile App,5.0
ORD104064,16-Dec-2025,CUST0165,Akash Bansal,Female,41,Chennai,South,P027,Business Strategy Book,Books,Business,4,?699.00,10%,"?2,516.40","?1,200.00","?1,316.40",UPI,Delivered,Mobile App,5.0
ORD100706,16-Dec-2025,CUST0590,Aditya Kapoor,Female,24,Mumbai,West,P002,Bluetooth Speaker,Electronics,Audio,2,"?1,899.00",30%,"?2,658.60","?2,240.00",?418.60,Net Banking,Delivered,Mobile App,1.0
ORD100309,16-Dec-2025,CUST0937,Zoya Singh,Female,27,Bhubaneswar,East,P027,Business Strategy Book,Books,Business,2,?699.00,10%,"?1,258.20",?600.00,?658.20,UPI,Delivered,Website,4.0
ORD100704,16-Dec-2025,CUST1812,Karan Jain,Female,32,Surat,West,P018,Cricket Bat,Sports & Fitness,Sports,1,"?2,199.00",5%,"?2,089.05","?1,250.00",?839.05,Cash on Delivery,Delivered,Mobile App,4.0
ORD102057,16-Dec-2025,CUST0493,Tanvi Patel,Female,38,Hyderabad,South,P030,Self Help Book,Books,Self Development,4,?599.00,10%,"?2,156.40","?1,040.00","?1,116.40",Net Banking,Delivered,Mobile App,3.0
ORD101904,16-Dec-2025,CUST1302,Simran Gupta,Male,35,Bengaluru,South,P006,Laptop Backpack,Fashion,Bags,1,"?1,799.00",5%,"?1,709.05",?950.00,?759.05,Net Banking,Returned,Mobile App,5.0
ORD102439,16-Dec-2025,CUST1992,Sanya Malhotra,Female,29,Chennai,South,P003,Smart Watch,Electronics,Wearables,1,"?3,299.00",20%,"?2,639.20","?2,100.00",?539.20,UPI,Delivered,Website,5.0
ORD103662,16-Dec-2025,CUST1859,Riya Verma,Male,18,Delhi,North,P025,Moisturizer,Beauty,Skincare,1,?699.00,15%,?594.15,?310.00,?284.15,Debit Card,Delivered,Mobile App,5.0
ORD101611,16-Dec-2025,CUST1627,Vansh Chopra,Female,38,Nagpur,West,P001,Wireless Headphones,Electronics,Audio,3,"?2,499.00",10%,"?6,747.30","?4,650.00","?2,097.30",UPI,Delivered,Mobile App,3.0
ORD100641,16-Dec-2025,CUST2195,Anjali Verma,Male,32,Chennai,South,P017,Dumbbell Set,Sports & Fitness,Fitness,2,"?2,499.00",5%,"?4,748.10","?2,900.00","?1,848.10",UPI,Delivered,Website,5.0
ORD103919,17-Dec-2025,CUST1442,Manish Agarwal,Male,38,Nagpur,West,P030,Self Help Book,Books,Self Development,3,?599.00,0%,"?1,797.00",?780.00,"?1,017.00",UPI,Delivered,Mobile App,5.0
ORD101614,17-Dec-2025,CUST0801,Diya Mishra,Male,26,Mumbai,West,P001,Wireless Headphones,Electronics,Audio,3,"?2,499.00",25%,"?5,622.75","?4,650.00",?972.75,Debit Card,Delivered,Mobile App,4.0
ORD101927,17-Dec-2025,CUST0732,Ananya Kumar,Male,21,Bokaro,East,P010,Casual Hoodie,Fashion,Clothing,2,"?1,499.00",10%,"?2,698.20","?1,560.00","?1,138.20",UPI,Delivered,Website,4.0
ORD103555,17-Dec-2025,CUST1334,Simran Gupta,Male,20,Bhubaneswar,East,P004,USB-C Charger,Electronics,Accessories,2,?899.00,0%,"?1,798.00",?960.00,?838.00,Credit Card,Delivered,Website,4.0
ORD101905,18-Dec-2025,CUST0612,Varun Jain,Male,35,Surat,West,P008,Cotton T-Shirt,Fashion,Clothing,1,?799.00,5%,?759.05,?390.00,?369.05,Wallet,Delivered,Website,5.0
ORD101401,18-Dec-2025,CUST0115,Anjali Verma,Female,24,Kochi,South,P011,Coffee Maker,Home & Kitchen,Kitchen,1,"?3,499.00",10%,"?3,149.10","?2,250.00",?899.10,UPI,Delivered,Mobile App,3.0
ORD101519,18-Dec-2025,CUST0438,Simran Gupta,Female,22,Coimbatore,South,P004,USB-C Charger,Electronics,Accessories,1,?899.00,0%,?899.00,?480.00,?419.00,Debit Card,Delivered,Website,5.0
ORD102919,18-Dec-2025,CUST0949,Pranav Bansal,Female,23,Bhubaneswar,East,P006,Laptop Backpack,Fashion,Bags,1,"?1,799.00",5%,"?1,709.05",?950.00,?759.05,Cash on Delivery,Delivered,Mobile App,3.0
ORD104914,18-Dec-2025,CUST1432,Ishaan Malhotra,Female,21,Pune,West,P026,Novel Collection,Books,Fiction,2,?899.00,0%,"?1,798.00",?840.00,?958.00,Debit Card,Returned,Mobile App,5.0
ORD104684,18-Dec-2025,CUST2087,Nisha Saxena,Female,31,Hyderabad,South,P022,Sunscreen SPF 50,Beauty,Skincare,1,?799.00,5%,?759.05,?360.00,?399.05,Credit Card,Delivered,Website,2.0
ORD103200,18-Dec-2025,CUST0193,Diya Mishra,Female,22,Ahmedabad,West,P023,Shampoo,Beauty,Haircare,1,?649.00,10%,?584.10,?290.00,?294.10,UPI,Delivered,Website,4.0
ORD101676,19-Dec-2025,CUST0787,Anjali Verma,Female,28,Amritsar,North,P007,Running Shoes,Fashion,Footwear,1,"?2,899.00",5%,"?2,754.05","?1,700.00","?1,054.05",UPI,Delivered,Mobile App,3.0
ORD101209,19-Dec-2025,CUST1401,Meera Singh,Female,28,Jaipur,North,P029,Programming Book,Books,Technology,4,"?1,299.00",10%,"?4,676.40","?2,440.00","?2,236.40",Cash on Delivery,Delivered,Mobile App,2.0
ORD101974,19-Dec-2025,CUST0304,Mohit Sharma,Female,40,Chandigarh,North,P007,Running Shoes,Fashion,Footwear,2,"?2,899.00",30%,"?4,058.60","?3,400.00",?658.60,Wallet,Delivered,Website,4.0
ORD101674,19-Dec-2025,CUST2021,Akash Bansal,Male,18,Nashik,West,P008,Cotton T-Shirt,Fashion,Clothing,3,?799.00,5%,"?2,277.15","?1,170.00","?1,107.15",Net Banking,Delivered,Mobile App,5.0
ORD101408,19-Dec-2025,CUST1674,Arjun Rao,Male,35,Jaipur,North,P017,Dumbbell Set,Sports & Fitness,Fitness,4,"?2,499.00",15%,"?8,496.60","?5,800.00","?2,696.60",Credit Card,Delivered,Mobile App,5.0
ORD102224,19-Dec-2025,CUST1500,Ananya Kumar,Female,29,Kolkata,East,P003,Smart Watch,Electronics,Wearables,2,"?3,299.00",15%,"?5,608.30","?4,200.00","?1,408.30",Credit Card,Delivered,Website,4.0
ORD100294,20-Dec-2025,CUST0181,Pranav Bansal,Female,30,Mumbai,West,P025,Moisturizer,Beauty,Skincare,2,?699.00,15%,"?1,188.30",?620.00,?568.30,UPI,Delivered,Mobile App,4.0
ORD102536,20-Dec-2025,CUST0999,Nisha Saxena,Female,20,Bhubaneswar,East,P009,Denim Jeans,Fashion,Clothing,2,"?1,999.00",25%,"?2,998.50","?2,100.00",?898.50,UPI,Delivered,Website,5.0
ORD101693,20-Dec-2025,CUST1955,Riya Verma,Female,37,Kochi,South,P025,Moisturizer,Beauty,Skincare,4,?699.00,0%,"?2,796.00","?1,240.00","?1,556.00",Net Banking,Delivered,Website,3.0
ORD103385,20-Dec-2025,CUST0786,Yash Agarwal,Male,32,Hyderabad,South,P015,Bedsheet Set,Home & Kitchen,Home Decor,2,"?1,599.00",0%,"?3,198.00","?1,700.00","?1,498.00",Debit Card,Delivered,Mobile App,5.0
ORD102700,20-Dec-2025,CUST1808,Mohit Sharma,Male,20,Delhi,North,P025,Moisturizer,Beauty,Skincare,1,?699.00,30%,?489.30,?310.00,?179.30,Wallet,Delivered,Mobile App,5.0
ORD102968,20-Dec-2025,CUST1360,Mohit Sharma,Male,19,Delhi,North,P014,Table Lamp,Home & Kitchen,Home Decor,1,"?1,299.00",10%,"?1,169.10",?690.00,?479.10,UPI,Delivered,Website,2.0
ORD102287,20-Dec-2025,CUST1551,Isha Mehta,Female,25,Guwahati,East,P020,Resistance Bands,Sports & Fitness,Fitness,1,?699.00,10%,?629.10,?320.00,?309.10,Cash on Delivery,Delivered,Website,5.0
ORD102909,20-Dec-2025,CUST0798,Pooja Kapoor,Female,34,Kolkata,East,P011,Coffee Maker,Home & Kitchen,Kitchen,1,"?3,499.00",15%,"?2,974.15","?2,250.00",?724.15,Net Banking,Returned,Mobile App,4.0
ORD102138,20-Dec-2025,CUST1792,Aarav Sharma,Female,25,Jaipur,North,P003,Smart Watch,Electronics,Wearables,1,"?3,299.00",0%,"?3,299.00","?2,100.00","?1,199.00",UPI,Delivered,Website,4.0
ORD104721,21-Dec-2025,CUST0016,Mohit Sharma,Male,36,Hyderabad,South,P017,Dumbbell Set,Sports & Fitness,Fitness,2,"?2,499.00",15%,"?4,248.30","?2,900.00","?1,348.30",UPI,Delivered,Mobile App,2.0
ORD104032,21-Dec-2025,CUST1836,Rahul Kumar,Male,49,Mysuru,South,P004,USB-C Charger,Electronics,Accessories,3,?899.00,10%,"?2,427.30","?1,440.00",?987.30,UPI,Delivered,Mobile App,5.0
ORD103709,21-Dec-2025,CUST0683,Kiara Chopra,Male,29,Bengaluru,South,P020,Resistance Bands,Sports & Fitness,Fitness,1,?699.00,25%,?524.25,?320.00,?204.25,UPI,Delivered,Mobile App,4.0
ORD102640,21-Dec-2025,CUST0177,Sakshi Mishra,Male,30,Surat,West,P009,Denim Jeans,Fashion,Clothing,2,"?1,999.00",15%,"?3,398.30","?2,100.00","?1,298.30",UPI,Delivered,Mobile App,4.0
ORD104119,21-Dec-2025,CUST1708,Rahul Kumar,Male,23,Pune,West,P019,Badminton Racket,Sports & Fitness,Sports,3,"?1,499.00",20%,"?3,597.60","?2,400.00","?1,197.60",Debit Card,Delivered,Website,1.0
ORD103476,21-Dec-2025,CUST2019,Riya Verma,Female,36,Hyderabad,South,P014,Table Lamp,Home & Kitchen,Home Decor,1,"?1,299.00",25%,?974.25,?690.00,?284.25,UPI,Delivered,Mobile App,1.0
ORD103572,21-Dec-2025,CUST2031,Isha Mehta,Female,42,Kochi,South,P023,Shampoo,Beauty,Haircare,4,?649.00,15%,"?2,206.60","?1,160.00","?1,046.60",Debit Card,Delivered,Website,5.0
ORD104330,21-Dec-2025,CUST1514,Arjun Rao,Female,24,Kochi,South,P001,Wireless Headphones,Electronics,Audio,1,"?2,499.00",20%,"?1,999.20","?1,550.00",?449.20,Debit Card,Cancelled,Mobile App,
ORD104481,21-Dec-2025,CUST1990,Kabir Gupta,Female,28,Kolkata,East,P001,Wireless Headphones,Electronics,Audio,5,"?2,499.00",25%,"?9,371.25","?7,750.00","?1,621.25",UPI,Delivered,Website,2.0
ORD103885,21-Dec-2025,CUST1337,Meera Singh,Male,46,Ahmedabad,West,P005,Power Bank 20000mAh,Electronics,Accessories,1,"?1,599.00",0%,"?1,599.00",?920.00,?679.00,Cash on Delivery,Delivered,Mobile App,5.0
ORD102739,21-Dec-2025,CUST1357,Tanvi Patel,Male,25,Coimbatore,South,P005,Power Bank 20000mAh,Electronics,Accessories,1,"?1,599.00",10%,"?1,439.10",?920.00,?519.10,UPI,Delivered,Mobile App,3.0
ORD102767,22-Dec-2025,CUST0264,Sanya Malhotra,Female,19,Hyderabad,South,P016,Yoga Mat,Sports & Fitness,Fitness,1,?999.00,15%,?849.15,?520.00,?329.15,Credit Card,Delivered,Website,5.0
ORD103568,22-Dec-2025,CUST0623,Isha Mehta,Female,38,Ranchi,East,P016,Yoga Mat,Sports & Fitness,Fitness,3,?999.00,20%,"?2,397.60","?1,560.00",?837.60,Debit Card,Delivered,Website,5.0
ORD102089,22-Dec-2025,CUST0029,Kavya Patel,Male,23,Lucknow,North,P028,Data Analytics Book,Books,Technology,2,"?1,099.00",10%,"?1,978.20","?1,040.00",?938.20,Debit Card,Delivered,Website,4.0
ORD100830,22-Dec-2025,CUST1802,Arjun Rao,Male,30,Coimbatore,South,P017,Dumbbell Set,Sports & Fitness,Fitness,1,"?2,499.00",15%,"?2,124.15","?1,450.00",?674.15,UPI,Delivered,Mobile App,4.0
ORD101225,22-Dec-2025,CUST1349,Akash Bansal,Female,26,Nagpur,West,P022,Sunscreen SPF 50,Beauty,Skincare,2,?799.00,10%,"?1,438.20",?720.00,?718.20,UPI,Delivered,Mobile App,4.0
ORD101213,22-Dec-2025,CUST1859,Riya Verma,Male,25,Kolkata,East,P006,Laptop Backpack,Fashion,Bags,2,"?1,799.00",20%,"?2,878.40","?1,900.00",?978.40,Credit Card,Delivered,Mobile App,5.0
ORD104302,22-Dec-2025,CUST0996,Varun Jain,Male,47,Delhi,North,P013,Non-Stick Cookware Set,Home & Kitchen,Cookware,1,"?4,299.00",20%,"?3,439.20","?2,700.00",?739.20,UPI,Delivered,Mobile App,5.0
ORD100982,22-Dec-2025,CUST1948,Ananya Kumar,Female,25,Nashik,West,P001,Wireless Headphones,Electronics,Audio,1,"?2,499.00",15%,"?2,124.15","?1,550.00",?574.15,Net Banking,Cancelled,Mobile App,
ORD101397,22-Dec-2025,CUST0749,Tanvi Patel,Female,44,Bokaro,East,P010,Casual Hoodie,Fashion,Clothing,1,"?1,499.00",10%,"?1,349.10",?780.00,?569.10,UPI,Delivered,Mobile App,5.0
ORD104934,23-Dec-2025,CUST1578,Arjun Rao,Male,23,Mysuru,South,P005,Power Bank 20000mAh,Electronics,Accessories,4,"?1,599.00",5%,"?6,076.20","?3,680.00","?2,396.20",Wallet,Delivered,Mobile App,3.0
ORD100348,23-Dec-2025,CUST2007,Aditi Saxena,Female,28,Kochi,South,P021,Face Wash,Beauty,Skincare,1,?499.00,10%,?449.10,?220.00,?229.10,UPI,Delivered,Website,5.0
ORD102901,23-Dec-2025,CUST1173,Pranav Bansal,Male,31,Ranchi,East,P027,Business Strategy Book,Books,Business,1,?699.00,15%,?594.15,?300.00,?294.15,Net Banking,Delivered,Mobile App,5.0
ORD102447,23-Dec-2025,CUST1146,Rohan Rao,Male,23,Ranchi,East,P025,Moisturizer,Beauty,Skincare,1,?699.00,20%,?559.20,?310.00,?249.20,UPI,Delivered,Mobile App,5.0
ORD101170,23-Dec-2025,CUST0867,Riya Verma,Female,28,Mumbai,West,P020,Resistance Bands,Sports & Fitness,Fitness,1,?699.00,15%,?594.15,?320.00,?274.15,Cash on Delivery,Delivered,Mobile App,2.0
ORD104510,23-Dec-2025,CUST1907,Anjali Verma,Male,41,Dehradun,North,P026,Novel Collection,Books,Fiction,1,?899.00,10%,?809.10,?420.00,?389.10,UPI,Delivered,Website,4.0
ORD103012,23-Dec-2025,CUST1327,Isha Mehta,Female,46,Ahmedabad,West,P018,Cricket Bat,Sports & Fitness,Sports,1,"?2,199.00",0%,"?2,199.00","?1,250.00",?949.00,Net Banking,Delivered,Mobile App,5.0
ORD100509,24-Dec-2025,CUST1593,Meera Singh,Male,36,Mumbai,West,P019,Badminton Racket,Sports & Fitness,Sports,1,"?1,499.00",0%,"?1,499.00",?800.00,?699.00,Debit Card,Delivered,Mobile App,3.0
ORD102646,24-Dec-2025,CUST2057,Zoya Singh,Male,38,Nashik,West,P006,Laptop Backpack,Fashion,Bags,3,"?1,799.00",10%,"?4,857.30","?2,850.00","?2,007.30",Debit Card,Delivered,Mobile App,4.0
ORD101520,24-Dec-2025,CUST1391,Isha Mehta,Male,22,Surat,West,P024,Perfume,Beauty,Fragrance,1,"?1,799.00",10%,"?1,619.10",?900.00,?719.10,Credit Card,Delivered,Mobile App,5.0
ORD103670,24-Dec-2025,CUST0270,Aditya Kapoor,Male,34,Kolkata,East,P027,Business Strategy Book,Books,Business,3,?699.00,15%,"?1,782.45",?900.00,?882.45,Wallet,Delivered,Mobile App,4.0
ORD102652,24-Dec-2025,CUST0027,Vansh Chopra,Male,38,Mumbai,West,P023,Shampoo,Beauty,Haircare,2,?649.00,5%,"?1,233.10",?580.00,?653.10,UPI,Delivered,Website,5.0
ORD104439,24-Dec-2025,CUST1534,Pooja Kapoor,Female,24,Patna,East,P024,Perfume,Beauty,Fragrance,3,"?1,799.00",0%,"?5,397.00","?2,700.00","?2,697.00",Credit Card,Delivered,Mobile App,5.0
ORD102638,24-Dec-2025,CUST1023,Shivam Mehta,Male,49,Guwahati,East,P021,Face Wash,Beauty,Skincare,1,?499.00,20%,?399.20,?220.00,?179.20,Credit Card,Delivered,Mobile App,2.0
ORD102545,25-Dec-2025,CUST2139,Vansh Chopra,Male,51,Pune,West,P009,Denim Jeans,Fashion,Clothing,3,"?1,999.00",10%,"?5,397.30","?3,150.00","?2,247.30",UPI,Delivered,Mobile App,5.0
ORD102950,25-Dec-2025,CUST1045,Pranav Bansal,Male,26,Chandigarh,North,P030,Self Help Book,Books,Self Development,1,?599.00,15%,?509.15,?260.00,?249.15,UPI,Delivered,Mobile App,4.0
ORD101367,25-Dec-2025,CUST0246,Simran Gupta,Male,37,Nashik,West,P002,Bluetooth Speaker,Electronics,Audio,1,"?1,899.00",5%,"?1,804.05","?1,120.00",?684.05,Debit Card,Delivered,Website,5.0
ORD100134,25-Dec-2025,CUST2066,Yash Agarwal,Female,37,Jaipur,North,P025,Moisturizer,Beauty,Skincare,1,?699.00,5%,?664.05,?310.00,?354.05,Cash on Delivery,Returned,Mobile App,5.0
ORD100969,25-Dec-2025,CUST1436,Ananya Kumar,Female,46,Dehradun,North,P010,Casual Hoodie,Fashion,Clothing,1,"?1,499.00",5%,"?1,424.05",?780.00,?644.05,Cash on Delivery,Delivered,Website,5.0
ORD101815,25-Dec-2025,CUST0832,Aarav Sharma,Male,39,Surat,West,P009,Denim Jeans,Fashion,Clothing,1,"?1,999.00",10%,"?1,799.10","?1,050.00",?749.10,UPI,Delivered,Mobile App,5.0
ORD101119,25-Dec-2025,CUST0300,Rahul Kumar,Female,40,Bengaluru,South,P021,Face Wash,Beauty,Skincare,1,?499.00,10%,?449.10,?220.00,?229.10,UPI,Delivered,Mobile App,5.0
ORD104402,25-Dec-2025,CUST0320,Aarav Sharma,Male,30,Nagpur,West,P001,Wireless Headphones,Electronics,Audio,1,"?2,499.00",0%,"?2,499.00","?1,550.00",?949.00,Debit Card,Delivered,Mobile App,5.0
ORD101235,26-Dec-2025,CUST0621,Tanvi Patel,Male,27,Mysuru,South,P008,Cotton T-Shirt,Fashion,Clothing,2,?799.00,25%,"?1,198.50",?780.00,?418.50,Credit Card,Delivered,Mobile App,5.0
ORD100615,26-Dec-2025,CUST1680,Mohit Sharma,Male,27,Coimbatore,South,P002,Bluetooth Speaker,Electronics,Audio,1,"?1,899.00",10%,"?1,709.10","?1,120.00",?589.10,UPI,Delivered,Website,5.0
ORD101913,26-Dec-2025,CUST0320,Aarav Sharma,Male,43,Pune,West,P003,Smart Watch,Electronics,Wearables,2,"?3,299.00",10%,"?5,938.20","?4,200.00","?1,738.20",Debit Card,Delivered,Mobile App,4.0
ORD101953,26-Dec-2025,CUST0706,Manish Agarwal,Female,34,Mumbai,West,P025,Moisturizer,Beauty,Skincare,2,?699.00,10%,"?1,258.20",?620.00,?638.20,UPI,Delivered,Mobile App,5.0
ORD103676,26-Dec-2025,CUST1180,Ananya Kumar,Female,31,Bokaro,East,P008,Cotton T-Shirt,Fashion,Clothing,1,?799.00,20%,?639.20,?390.00,?249.20,Cash on Delivery,Returned,Mobile App,5.0
ORD102856,26-Dec-2025,CUST1411,Riya Verma,Male,34,Mysuru,South,P027,Business Strategy Book,Books,Business,1,?699.00,5%,?664.05,?300.00,?364.05,UPI,Delivered,Website,5.0
ORD102473,26-Dec-2025,CUST0016,Mohit Sharma,Female,39,Chennai,South,P021,Face Wash,Beauty,Skincare,1,?499.00,5%,?474.05,?220.00,?254.05,Credit Card,Cancelled,Mobile App,
ORD103904,26-Dec-2025,CUST2100,Karan Jain,Male,19,Ranchi,East,P004,USB-C Charger,Electronics,Accessories,3,?899.00,20%,"?2,157.60","?1,440.00",?717.60,Debit Card,Delivered,Mobile App,4.0
ORD103964,26-Dec-2025,CUST0959,Shivam Mehta,Male,24,Dehradun,North,P025,Moisturizer,Beauty,Skincare,3,?699.00,5%,"?1,992.15",?930.00,"?1,062.15",UPI,Returned,Website,5.0
ORD100882,26-Dec-2025,CUST0418,Manish Agarwal,Female,41,Guwahati,East,P009,Denim Jeans,Fashion,Clothing,1,"?1,999.00",25%,"?1,499.25","?1,050.00",?449.25,UPI,Delivered,Mobile App,5.0
ORD100877,27-Dec-2025,CUST0376,Ishaan Malhotra,Female,32,Dehradun,North,P024,Perfume,Beauty,Fragrance,1,"?1,799.00",10%,"?1,619.10",?900.00,?719.10,Credit Card,Delivered,Mobile App,5.0
ORD103160,27-Dec-2025,CUST0783,Isha Mehta,Male,23,Surat,West,P020,Resistance Bands,Sports & Fitness,Fitness,4,?699.00,15%,"?2,376.60","?1,280.00","?1,096.60",Cash on Delivery,Delivered,Mobile App,5.0
ORD101464,27-Dec-2025,CUST1829,Akash Bansal,Male,24,Patna,East,P014,Table Lamp,Home & Kitchen,Home Decor,1,"?1,299.00",15%,"?1,104.15",?690.00,?414.15,UPI,Delivered,Mobile App,4.0
ORD101542,27-Dec-2025,CUST0594,Yash Agarwal,Female,24,Mysuru,South,P009,Denim Jeans,Fashion,Clothing,1,"?1,999.00",0%,"?1,999.00","?1,050.00",?949.00,Wallet,Delivered,Mobile App,5.0
ORD100474,27-Dec-2025,CUST1512,Sanya Malhotra,Male,29,Guwahati,East,P026,Novel Collection,Books,Fiction,1,?899.00,10%,?809.10,?420.00,?389.10,UPI,Delivered,Mobile App,5.0
ORD101729,27-Dec-2025,CUST1400,Ishaan Malhotra,Male,35,Pune,West,P012,Air Fryer,Home & Kitchen,Kitchen,2,"?5,999.00",10%,"?10,798.20","?7,800.00","?2,998.20",UPI,Delivered,Mobile App,5.0
ORD102868,27-Dec-2025,CUST0230,Kabir Gupta,Female,27,Surat,West,P009,Denim Jeans,Fashion,Clothing,3,"?1,999.00",20%,"?4,797.60","?3,150.00","?1,647.60",UPI,Delivered,Mobile App,5.0
ORD102366,27-Dec-2025,CUST0896,Aarav Sharma,Female,36,Surat,West,P022,Sunscreen SPF 50,Beauty,Skincare,1,?799.00,0%,?799.00,?360.00,?439.00,Debit Card,Delivered,Website,3.0
ORD104821,27-Dec-2025,CUST1824,Aarav Sharma,Male,39,Mumbai,West,P006,Laptop Backpack,Fashion,Bags,2,"?1,799.00",25%,"?2,698.50","?1,900.00",?798.50,UPI,Cancelled,Mobile App,
ORD104256,27-Dec-2025,CUST0552,Sanya Malhotra,Male,43,Kochi,South,P015,Bedsheet Set,Home & Kitchen,Home Decor,2,"?1,599.00",5%,"?3,038.10","?1,700.00","?1,338.10",UPI,Delivered,Mobile App,3.0
ORD104912,27-Dec-2025,CUST0021,Pranav Bansal,Male,21,Amritsar,North,P018,Cricket Bat,Sports & Fitness,Sports,1,"?2,199.00",20%,"?1,759.20","?1,250.00",?509.20,UPI,Delivered,Website,4.0
ORD102845,28-Dec-2025,CUST1328,Mohit Sharma,Female,33,Nagpur,West,P011,Coffee Maker,Home & Kitchen,Kitchen,1,"?3,499.00",10%,"?3,149.10","?2,250.00",?899.10,Credit Card,Delivered,Website,5.0
ORD103331,28-Dec-2025,CUST0617,Zoya Singh,Male,27,Mysuru,South,P006,Laptop Backpack,Fashion,Bags,1,"?1,799.00",0%,"?1,799.00",?950.00,?849.00,UPI,Delivered,Website,5.0
ORD102916,28-Dec-2025,CUST1621,Pranav Bansal,Male,35,Surat,West,P020,Resistance Bands,Sports & Fitness,Fitness,2,?699.00,20%,"?1,118.40",?640.00,?478.40,UPI,Delivered,Mobile App,5.0
ORD101628,28-Dec-2025,CUST0943,Isha Mehta,Female,47,Coimbatore,South,P001,Wireless Headphones,Electronics,Audio,1,"?2,499.00",0%,"?2,499.00","?1,550.00",?949.00,Cash on Delivery,Delivered,Website,4.0
ORD102374,28-Dec-2025,CUST0747,Kiara Chopra,Male,36,Coimbatore,South,P029,Programming Book,Books,Technology,1,"?1,299.00",5%,"?1,234.05",?610.00,?624.05,Credit Card,Delivered,Mobile App,4.0
ORD101987,28-Dec-2025,CUST2125,Tanvi Patel,Female,45,Pune,West,P017,Dumbbell Set,Sports & Fitness,Fitness,1,"?2,499.00",0%,"?2,499.00","?1,450.00","?1,049.00",Cash on Delivery,Delivered,Website,2.0
ORD104265,29-Dec-2025,CUST1090,Manish Agarwal,Female,21,Amritsar,North,P007,Running Shoes,Fashion,Footwear,1,"?2,899.00",5%,"?2,754.05","?1,700.00","?1,054.05",Debit Card,Delivered,Mobile App,3.0
ORD102389,29-Dec-2025,CUST1989,Akash Bansal,Female,31,Nashik,West,P004,USB-C Charger,Electronics,Accessories,1,?899.00,0%,?899.00,?480.00,?419.00,Credit Card,Delivered,Mobile App,4.0
ORD100997,29-Dec-2025,CUST1093,Akash Bansal,Male,32,Nashik,West,P014,Table Lamp,Home & Kitchen,Home Decor,1,"?1,299.00",15%,"?1,104.15",?690.00,?414.15,UPI,Delivered,Mobile App,5.0
ORD101222,29-Dec-2025,CUST0787,Anjali Verma,Female,41,Nagpur,West,P030,Self Help Book,Books,Self Development,1,?599.00,25%,?449.25,?260.00,?189.25,Net Banking,Delivered,Mobile App,5.0
ORD102506,29-Dec-2025,CUST1690,Rohan Rao,Female,31,Dehradun,North,P025,Moisturizer,Beauty,Skincare,3,?699.00,15%,"?1,782.45",?930.00,?852.45,Cash on Delivery,Delivered,Mobile App,5.0
ORD101210,29-Dec-2025,CUST2182,Kabir Gupta,Female,31,Patna,East,P008,Cotton T-Shirt,Fashion,Clothing,3,?799.00,5%,"?2,277.15","?1,170.00","?1,107.15",Debit Card,Delivered,Website,5.0
ORD100824,29-Dec-2025,CUST1426,Yash Agarwal,Female,51,Delhi,North,P002,Bluetooth Speaker,Electronics,Audio,1,"?1,899.00",15%,"?1,614.15","?1,120.00",?494.15,Wallet,Delivered,Website,5.0
ORD103286,29-Dec-2025,CUST0906,Arjun Rao,Male,34,Mumbai,West,P019,Badminton Racket,Sports & Fitness,Sports,1,"?1,499.00",10%,"?1,349.10",?800.00,?549.10,Wallet,Delivered,Mobile App,5.0
ORD103374,29-Dec-2025,CUST0132,Varun Jain,Male,40,Ranchi,East,P017,Dumbbell Set,Sports & Fitness,Fitness,2,"?2,499.00",10%,"?4,498.20","?2,900.00","?1,598.20",Debit Card,Delivered,Website,4.0
ORD104029,29-Dec-2025,CUST1380,Varun Jain,Male,23,Chandigarh,North,P011,Coffee Maker,Home & Kitchen,Kitchen,3,"?3,499.00",10%,"?9,447.30","?6,750.00","?2,697.30",UPI,Returned,Mobile App,4.0
ORD100662,29-Dec-2025,CUST0739,Riya Verma,Female,18,Nagpur,West,P026,Novel Collection,Books,Fiction,3,?899.00,10%,"?2,427.30","?1,260.00","?1,167.30",Debit Card,Delivered,Website,5.0
ORD103667,30-Dec-2025,CUST2080,Aarav Sharma,Male,41,Chandigarh,North,P007,Running Shoes,Fashion,Footwear,4,"?2,899.00",5%,"?11,016.20","?6,800.00","?4,216.20",Net Banking,Delivered,Website,5.0
ORD102094,30-Dec-2025,CUST0920,Ishaan Malhotra,Female,43,Patna,East,P026,Novel Collection,Books,Fiction,2,?899.00,10%,"?1,618.20",?840.00,?778.20,UPI,Delivered,Website,4.0
ORD100958,30-Dec-2025,CUST1783,Aditi Saxena,Male,24,Mysuru,South,P016,Yoga Mat,Sports & Fitness,Fitness,1,?999.00,10%,?899.10,?520.00,?379.10,Net Banking,Delivered,Mobile App,4.0
ORD101088,30-Dec-2025,CUST0118,Simran Gupta,Female,36,Ahmedabad,West,P025,Moisturizer,Beauty,Skincare,2,?699.00,0%,"?1,398.00",?620.00,?778.00,Credit Card,Delivered,Mobile App,5.0
ORD101414,30-Dec-2025,CUST1623,Aditi Saxena,Male,31,Nagpur,West,P029,Programming Book,Books,Technology,2,"?1,299.00",5%,"?2,468.10","?1,220.00","?1,248.10",UPI,Delivered,Mobile App,1.0
ORD104360,30-Dec-2025,CUST0574,Pooja Kapoor,Female,27,Bokaro,East,P022,Sunscreen SPF 50,Beauty,Skincare,1,?799.00,10%,?719.10,?360.00,?359.10,UPI,Delivered,Mobile App,5.0
ORD103423,30-Dec-2025,CUST0403,Anjali Verma,Male,33,Guwahati,East,P025,Moisturizer,Beauty,Skincare,1,?699.00,0%,?699.00,?310.00,?389.00,Debit Card,Delivered,Mobile App,5.0
ORD102465,30-Dec-2025,CUST1310,Pooja Kapoor,Female,29,Coimbatore,South,P015,Bedsheet Set,Home & Kitchen,Home Decor,3,"?1,599.00",15%,"?4,077.45","?2,550.00","?1,527.45",UPI,Delivered,Website,5.0
ORD104138,30-Dec-2025,CUST1708,Rahul Kumar,Male,30,Patna,East,P014,Table Lamp,Home & Kitchen,Home Decor,1,"?1,299.00",0%,"?1,299.00",?690.00,?609.00,UPI,Delivered,Mobile App,5.0
ORD103820,30-Dec-2025,CUST1605,Akash Bansal,Male,29,Bokaro,East,P015,Bedsheet Set,Home & Kitchen,Home Decor,2,"?1,599.00",10%,"?2,878.20","?1,700.00","?1,178.20",Net Banking,Delivered,Website,5.0
ORD101587,30-Dec-2025,CUST0579,Riya Verma,Female,42,Chandigarh,North,P010,Casual Hoodie,Fashion,Clothing,1,"?1,499.00",10%,"?1,349.10",?780.00,?569.10,UPI,Delivered,Website,5.0
ORD104531,30-Dec-2025,CUST1601,Diya Mishra,Female,31,Delhi,North,P009,Denim Jeans,Fashion,Clothing,2,"?1,999.00",20%,"?3,198.40","?2,100.00","?1,098.40",UPI,Delivered,Mobile App,5.0
ORD102238,30-Dec-2025,CUST1399,Aditi Saxena,Male,34,Kochi,South,P017,Dumbbell Set,Sports & Fitness,Fitness,2,"?2,499.00",0%,"?4,998.00","?2,900.00","?2,098.00",Net Banking,Delivered,Website,4.0
ORD101716,30-Dec-2025,CUST1097,Zoya Singh,Male,18,Chennai,South,P022,Sunscreen SPF 50,Beauty,Skincare,2,?799.00,20%,"?1,278.40",?720.00,?558.40,Wallet,Delivered,Mobile App,5.0
ORD103942,30-Dec-2025,CUST1686,Simran Gupta,Male,27,Ranchi,East,P027,Business Strategy Book,Books,Business,1,?699.00,25%,?524.25,?300.00,?224.25,UPI,Delivered,Website,5.0
ORD102533,31-Dec-2025,CUST1067,Kiara Chopra,Female,46,Chennai,South,P004,USB-C Charger,Electronics,Accessories,1,?899.00,10%,?809.10,?480.00,?329.10,UPI,Delivered,Mobile App,4.0
ORD100657,31-Dec-2025,CUST1019,Vansh Chopra,Female,35,Ahmedabad,West,P004,USB-C Charger,Electronics,Accessories,1,?899.00,20%,?719.20,?480.00,?239.20,Debit Card,Delivered,Mobile App,4.0
ORD101020,31-Dec-2025,CUST0711,Nisha Saxena,Male,22,Dehradun,North,P027,Business Strategy Book,Books,Business,2,?699.00,20%,"?1,118.40",?600.00,?518.40,Debit Card,Delivered,Website,3.0
ORD100234,31-Dec-2025,CUST1837,Tanvi Patel,Male,21,Mysuru,South,P005,Power Bank 20000mAh,Electronics,Accessories,1,"?1,599.00",20%,"?1,279.20",?920.00,?359.20,Debit Card,Delivered,Mobile App,5.0
ORD101557,31-Dec-2025,CUST0994,Manish Agarwal,Male,28,Mysuru,South,P007,Running Shoes,Fashion,Footwear,2,"?2,899.00",15%,"?4,928.30","?3,400.00","?1,528.30",UPI,Delivered,Mobile App,5.0
ORD102588,31-Dec-2025,CUST1997,Tanvi Patel,Female,31,Ranchi,East,P027,Business Strategy Book,Books,Business,1,?699.00,5%,?664.05,?300.00,?364.05,UPI,Delivered,Website,4.0
ORD100450,31-Dec-2025,CUST0341,Pranav Bansal,Female,29,Nashik,West,P030,Self Help Book,Books,Self Development,2,?599.00,5%,"?1,138.10",?520.00,?618.10,Debit Card,Delivered,Mobile App,5.0
ORD103554,31-Dec-2025,CUST1333,Pranav Bansal,Female,25,Patna,East,P018,Cricket Bat,Sports & Fitness,Sports,2,"?2,199.00",20%,"?3,518.40","?2,500.00","?1,018.40",Debit Card,Delivered,Mobile App,4.0
ORD101238,31-Dec-2025,CUST0545,Diya Mishra,Female,38,Lucknow,North,P022,Sunscreen SPF 50,Beauty,Skincare,1,?799.00,10%,?719.10,?360.00,?359.10,UPI,Delivered,Website,5.0
ORD104782,01-Jan-2026,CUST1842,Yash Agarwal,Male,22,Delhi,North,P027,Business Strategy Book,Books,Business,1,?699.00,10%,?629.10,?300.00,?329.10,UPI,Delivered,Mobile App,2.0
ORD103991,01-Jan-2026,CUST0533,Pranav Bansal,Male,34,Bhubaneswar,East,P009,Denim Jeans,Fashion,Clothing,1,"?1,999.00",15%,"?1,699.15","?1,050.00",?649.15,Net Banking,Delivered,Mobile App,5.0
ORD101893,01-Jan-2026,CUST0246,Simran Gupta,Female,28,Ranchi,East,P002,Bluetooth Speaker,Electronics,Audio,1,"?1,899.00",10%,"?1,709.10","?1,120.00",?589.10,UPI,Cancelled,Website,
ORD101147,01-Jan-2026,CUST0581,Akash Bansal,Male,23,Mumbai,West,P020,Resistance Bands,Sports & Fitness,Fitness,4,?699.00,15%,"?2,376.60","?1,280.00","?1,096.60",Debit Card,Delivered,Mobile App,4.0
ORD103656,01-Jan-2026,CUST2085,Akash Bansal,Male,26,Coimbatore,South,P006,Laptop Backpack,Fashion,Bags,1,"?1,799.00",5%,"?1,709.05",?950.00,?759.05,UPI,Delivered,Website,4.0
ORD101334,01-Jan-2026,CUST0820,Karan Jain,Male,22,Delhi,North,P023,Shampoo,Beauty,Haircare,1,?649.00,20%,?519.20,?290.00,?229.20,UPI,Delivered,Website,5.0
ORD103537,01-Jan-2026,CUST0690,Yash Agarwal,Female,49,Guwahati,East,P008,Cotton T-Shirt,Fashion,Clothing,2,?799.00,25%,"?1,198.50",?780.00,?418.50,Debit Card,Delivered,Mobile App,5.0
ORD103257,01-Jan-2026,CUST2007,Aditi Saxena,Male,39,Patna,East,P014,Table Lamp,Home & Kitchen,Home Decor,1,"?1,299.00",5%,"?1,234.05",?690.00,?544.05,UPI,Delivered,Mobile App,5.0
ORD102209,01-Jan-2026,CUST0023,Aditi Saxena,Male,38,Mysuru,South,P012,Air Fryer,Home & Kitchen,Kitchen,2,"?5,999.00",0%,"?11,998.00","?7,800.00","?4,198.00",Debit Card,Delivered,Mobile App,4.0
ORD104416,01-Jan-2026,CUST1394,Yash Agarwal,Male,22,Kolkata,East,P001,Wireless Headphones,Electronics,Audio,2,"?2,499.00",15%,"?4,248.30","?3,100.00","?1,148.30",Cash on Delivery,Delivered,Website,5.0
ORD103893,02-Jan-2026,CUST0285,Kavya Patel,Male,31,Chennai,South,P030,Self Help Book,Books,Self Development,1,?599.00,10%,?539.10,?260.00,?279.10,Cash on Delivery,Cancelled,Website,
ORD103193,02-Jan-2026,CUST1074,Yash Agarwal,Female,34,Lucknow,North,P002,Bluetooth Speaker,Electronics,Audio,1,"?1,899.00",10%,"?1,709.10","?1,120.00",?589.10,Credit Card,Delivered,Mobile App,4.0
ORD100413,02-Jan-2026,CUST0993,Diya Mishra,Male,29,Delhi,North,P014,Table Lamp,Home & Kitchen,Home Decor,2,"?1,299.00",15%,"?2,208.30","?1,380.00",?828.30,Debit Card,Delivered,Website,5.0
ORD104816,02-Jan-2026,CUST0685,Tanvi Patel,Male,26,Dehradun,North,P010,Casual Hoodie,Fashion,Clothing,1,"?1,499.00",5%,"?1,424.05",?780.00,?644.05,UPI,Delivered,Website,4.0
ORD100047,02-Jan-2026,CUST1085,Kavya Patel,Male,18,Kochi,South,P008,Cotton T-Shirt,Fashion,Clothing,1,?799.00,10%,?719.10,?390.00,?329.10,Debit Card,Delivered,Website,4.0
ORD102993,02-Jan-2026,CUST0399,Isha Mehta,Male,32,Bokaro,East,P015,Bedsheet Set,Home & Kitchen,Home Decor,3,"?1,599.00",10%,"?4,317.30","?2,550.00","?1,767.30",UPI,Delivered,Website,5.0
ORD104637,02-Jan-2026,CUST0692,Karan Jain,Male,49,Kolkata,East,P027,Business Strategy Book,Books,Business,1,?699.00,5%,?664.05,?300.00,?364.05,Credit Card,Delivered,Website,4.0
ORD103826,02-Jan-2026,CUST1265,Sakshi Mishra,Female,25,Nashik,West,P024,Perfume,Beauty,Fragrance,2,"?1,799.00",10%,"?3,238.20","?1,800.00","?1,438.20",Credit Card,Delivered,Mobile App,4.0
ORD104424,02-Jan-2026,CUST1782,Simran Gupta,Female,37,Amritsar,North,P028,Data Analytics Book,Books,Technology,1,"?1,099.00",5%,"?1,044.05",?520.00,?524.05,Debit Card,Delivered,Website,5.0
ORD103239,02-Jan-2026,CUST0498,Yash Agarwal,Female,43,Pune,West,P023,Shampoo,Beauty,Haircare,1,?649.00,15%,?551.65,?290.00,?261.65,Net Banking,Delivered,Website,5.0
ORD101981,02-Jan-2026,CUST1101,Tanvi Patel,Female,33,Coimbatore,South,P011,Coffee Maker,Home & Kitchen,Kitchen,3,"?3,499.00",25%,"?7,872.75","?6,750.00","?1,122.75",Credit Card,Delivered,Mobile App,5.0
ORD104189,02-Jan-2026,CUST1589,Pranav Bansal,Male,27,Surat,West,P029,Programming Book,Books,Technology,2,"?1,299.00",15%,"?2,208.30","?1,220.00",?988.30,Credit Card,Delivered,Mobile App,4.0
ORD101478,02-Jan-2026,CUST1192,Sanya Malhotra,Male,31,Patna,East,P014,Table Lamp,Home & Kitchen,Home Decor,1,"?1,299.00",0%,"?1,299.00",?690.00,?609.00,UPI,Delivered,Mobile App,2.0
ORD101909,03-Jan-2026,CUST0400,Mohit Sharma,Male,18,Kochi,South,P012,Air Fryer,Home & Kitchen,Kitchen,2,"?5,999.00",10%,"?10,798.20","?7,800.00","?2,998.20",Wallet,Delivered,Website,5.0
ORD102985,03-Jan-2026,CUST0122,Rohan Rao,Female,41,Bokaro,East,P018,Cricket Bat,Sports & Fitness,Sports,1,"?2,199.00",10%,"?1,979.10","?1,250.00",?729.10,Credit Card,Delivered,Mobile App,5.0
ORD104897,03-Jan-2026,CUST1892,Varun Jain,Female,41,Ranchi,East,P012,Air Fryer,Home & Kitchen,Kitchen,3,"?5,999.00",10%,"?16,197.30","?11,700.00","?4,497.30",Credit Card,Delivered,Website,5.0
ORD104604,03-Jan-2026,CUST1790,Pooja Kapoor,Male,38,Mumbai,West,P026,Novel Collection,Books,Fiction,1,?899.00,10%,?809.10,?420.00,?389.10,Credit Card,Delivered,Mobile App,4.0
ORD104110,03-Jan-2026,CUST1626,Rohan Rao,Male,44,Bengaluru,South,P021,Face Wash,Beauty,Skincare,4,?499.00,5%,"?1,896.20",?880.00,"?1,016.20",Credit Card,Delivered,Website,2.0
ORD103926,03-Jan-2026,CUST0378,Rohan Rao,Female,26,Nagpur,West,P002,Bluetooth Speaker,Electronics,Audio,1,"?1,899.00",10%,"?1,709.10","?1,120.00",?589.10,Credit Card,Delivered,Website,4.0
ORD103471,03-Jan-2026,CUST0759,Aditi Saxena,Male,27,Jaipur,North,P005,Power Bank 20000mAh,Electronics,Accessories,1,"?1,599.00",10%,"?1,439.10",?920.00,?519.10,Cash on Delivery,Delivered,Website,2.0
ORD103509,04-Jan-2026,CUST1832,Sanya Malhotra,Female,41,Jaipur,North,P003,Smart Watch,Electronics,Wearables,3,"?3,299.00",15%,"?8,412.45","?6,300.00","?2,112.45",Cash on Delivery,Delivered,Website,4.0
ORD102521,04-Jan-2026,CUST0792,Ishaan Malhotra,Male,30,Nagpur,West,P020,Resistance Bands,Sports & Fitness,Fitness,3,?699.00,5%,"?1,992.15",?960.00,"?1,032.15",Credit Card,Delivered,Mobile App,4.0
ORD104598,04-Jan-2026,CUST0278,Simran Gupta,Male,27,Nagpur,West,P020,Resistance Bands,Sports & Fitness,Fitness,3,?699.00,10%,"?1,887.30",?960.00,?927.30,UPI,Delivered,Mobile App,5.0
ORD100482,04-Jan-2026,CUST0431,Isha Mehta,Female,42,Surat,West,P021,Face Wash,Beauty,Skincare,1,?499.00,5%,?474.05,?220.00,?254.05,Cash on Delivery,Delivered,Website,5.0
ORD100395,04-Jan-2026,CUST2183,Nisha Saxena,Female,42,Lucknow,North,P003,Smart Watch,Electronics,Wearables,3,"?3,299.00",0%,"?9,897.00","?6,300.00","?3,597.00",Wallet,Delivered,Website,5.0
ORD104393,04-Jan-2026,CUST2171,Vansh Chopra,Female,34,Mumbai,West,P003,Smart Watch,Electronics,Wearables,1,"?3,299.00",30%,"?2,309.30","?2,100.00",?209.30,Wallet,Delivered,Mobile App,5.0
ORD100691,04-Jan-2026,CUST0917,Pranav Bansal,Male,45,Ahmedabad,West,P014,Table Lamp,Home & Kitchen,Home Decor,5,"?1,299.00",10%,"?5,845.50","?3,450.00","?2,395.50",Debit Card,Delivered,Mobile App,3.0
ORD103251,04-Jan-2026,CUST1694,Pooja Kapoor,Male,36,Patna,East,P020,Resistance Bands,Sports & Fitness,Fitness,1,?699.00,25%,?524.25,?320.00,?204.25,Debit Card,Delivered,Mobile App,4.0
ORD103091,04-Jan-2026,CUST0660,Karan Jain,Male,26,Lucknow,North,P018,Cricket Bat,Sports & Fitness,Sports,3,"?2,199.00",20%,"?5,277.60","?3,750.00","?1,527.60",Debit Card,Delivered,Website,5.0
ORD103283,04-Jan-2026,CUST1377,Diya Mishra,Female,25,Dehradun,North,P026,Novel Collection,Books,Fiction,4,?899.00,25%,"?2,697.00","?1,680.00","?1,017.00",Net Banking,Delivered,Website,4.0
ORD104639,05-Jan-2026,CUST1162,Arjun Rao,Female,29,Kochi,South,P002,Bluetooth Speaker,Electronics,Audio,3,"?1,899.00",10%,"?5,127.30","?3,360.00","?1,767.30",Credit Card,Delivered,Mobile App,5.0
ORD101922,05-Jan-2026,CUST1897,Zoya Singh,Male,32,Amritsar,North,P008,Cotton T-Shirt,Fashion,Clothing,1,?799.00,20%,?639.20,?390.00,?249.20,UPI,Delivered,Mobile App,3.0
ORD100312,05-Jan-2026,CUST0583,Nisha Saxena,Male,22,Jaipur,North,P008,Cotton T-Shirt,Fashion,Clothing,1,?799.00,5%,?759.05,?390.00,?369.05,Credit Card,Delivered,Mobile App,4.0
ORD103232,05-Jan-2026,CUST0005,Akash Bansal,Male,31,Jaipur,North,P014,Table Lamp,Home & Kitchen,Home Decor,1,"?1,299.00",10%,"?1,169.10",?690.00,?479.10,Net Banking,Delivered,Mobile App,1.0
ORD102615,05-Jan-2026,CUST0069,Akash Bansal,Female,31,Guwahati,East,P005,Power Bank 20000mAh,Electronics,Accessories,1,"?1,599.00",15%,"?1,359.15",?920.00,?439.15,Credit Card,Delivered,Mobile App,5.0
ORD103890,05-Jan-2026,CUST1922,Manish Agarwal,Female,19,Kochi,South,P003,Smart Watch,Electronics,Wearables,4,"?3,299.00",5%,"?12,536.20","?8,400.00","?4,136.20",Credit Card,Delivered,Website,5.0
ORD101370,05-Jan-2026,CUST1483,Kiara Chopra,Male,36,Bhubaneswar,East,P010,Casual Hoodie,Fashion,Clothing,1,"?1,499.00",5%,"?1,424.05",?780.00,?644.05,Credit Card,Delivered,Mobile App,5.0
ORD103507,06-Jan-2026,CUST0869,Akash Bansal,Male,30,Hyderabad,South,P021,Face Wash,Beauty,Skincare,1,?499.00,10%,?449.10,?220.00,?229.10,Wallet,Delivered,Mobile App,4.0
ORD100999,06-Jan-2026,CUST0718,Aditya Kapoor,Female,40,Amritsar,North,P014,Table Lamp,Home & Kitchen,Home Decor,2,"?1,299.00",0%,"?2,598.00","?1,380.00","?1,218.00",Wallet,Delivered,Mobile App,5.0
ORD103869,06-Jan-2026,CUST0849,Sakshi Mishra,Female,23,Kochi,South,P002,Bluetooth Speaker,Electronics,Audio,1,"?1,899.00",10%,"?1,709.10","?1,120.00",?589.10,Net Banking,Delivered,Website,5.0
ORD100847,06-Jan-2026,CUST1070,Aditya Kapoor,Female,42,Bokaro,East,P009,Denim Jeans,Fashion,Clothing,1,"?1,999.00",10%,"?1,799.10","?1,050.00",?749.10,Credit Card,Cancelled,Website,
ORD103855,06-Jan-2026,CUST0288,Aarav Sharma,Male,44,Coimbatore,South,P010,Casual Hoodie,Fashion,Clothing,5,"?1,499.00",5%,"?7,120.25","?3,900.00","?3,220.25",Debit Card,Delivered,Mobile App,5.0
ORD100898,06-Jan-2026,CUST0648,Sanya Malhotra,Male,41,Chandigarh,North,P004,USB-C Charger,Electronics,Accessories,2,?899.00,10%,"?1,618.20",?960.00,?658.20,Debit Card,Delivered,Mobile App,4.0
ORD102129,06-Jan-2026,CUST0912,Mohit Sharma,Female,28,Jaipur,North,P010,Casual Hoodie,Fashion,Clothing,3,"?1,499.00",5%,"?4,272.15","?2,340.00","?1,932.15",Debit Card,Delivered,Mobile App,5.0
ORD101425,06-Jan-2026,CUST1948,Ananya Kumar,Male,35,Mysuru,South,P004,USB-C Charger,Electronics,Accessories,1,?899.00,15%,?764.15,?480.00,?284.15,Debit Card,Delivered,Mobile App,3.0
ORD104052,06-Jan-2026,CUST0255,Shivam Mehta,Female,33,Hyderabad,South,P027,Business Strategy Book,Books,Business,2,?699.00,10%,"?1,258.20",?600.00,?658.20,Credit Card,Delivered,Mobile App,4.0
ORD103724,06-Jan-2026,CUST0186,Rohan Rao,Female,35,Mumbai,West,P004,USB-C Charger,Electronics,Accessories,2,?899.00,0%,"?1,798.00",?960.00,?838.00,Wallet,Delivered,Mobile App,4.0
ORD103350,07-Jan-2026,CUST0442,Rohan Rao,Female,22,Bokaro,East,P020,Resistance Bands,Sports & Fitness,Fitness,1,?699.00,10%,?629.10,?320.00,?309.10,UPI,Delivered,Website,2.0
ORD104325,07-Jan-2026,CUST0754,Yash Agarwal,Female,40,Bengaluru,South,P019,Badminton Racket,Sports & Fitness,Sports,3,"?1,499.00",20%,"?3,597.60","?2,400.00","?1,197.60",Debit Card,Delivered,Website,5.0
ORD102231,07-Jan-2026,CUST2104,Ishaan Malhotra,Female,32,Guwahati,East,P022,Sunscreen SPF 50,Beauty,Skincare,1,?799.00,10%,?719.10,?360.00,?359.10,Credit Card,Delivered,Mobile App,4.0
ORD104892,07-Jan-2026,CUST0828,Ananya Kumar,Male,20,Ranchi,East,P004,USB-C Charger,Electronics,Accessories,1,?899.00,20%,?719.20,?480.00,?239.20,Debit Card,Delivered,Mobile App,4.0
ORD101075,07-Jan-2026,CUST1292,Rahul Kumar,Male,40,Pune,West,P007,Running Shoes,Fashion,Footwear,2,"?2,899.00",0%,"?5,798.00","?3,400.00","?2,398.00",Debit Card,Cancelled,Mobile App,
ORD100504,08-Jan-2026,CUST0309,Pranav Bansal,Male,28,Guwahati,East,P017,Dumbbell Set,Sports & Fitness,Fitness,1,"?2,499.00",10%,"?2,249.10","?1,450.00",?799.10,Credit Card,Delivered,Website,5.0
ORD100511,08-Jan-2026,CUST1962,Arjun Rao,Female,29,Delhi,North,P019,Badminton Racket,Sports & Fitness,Sports,1,"?1,499.00",0%,"?1,499.00",?800.00,?699.00,Credit Card,Delivered,Mobile App,5.0
ORD101600,08-Jan-2026,CUST1170,Yash Agarwal,Male,18,Nashik,West,P006,Laptop Backpack,Fashion,Bags,2,"?1,799.00",15%,"?3,058.30","?1,900.00","?1,158.30",UPI,Delivered,Mobile App,4.0
ORD102809,08-Jan-2026,CUST1405,Kavya Patel,Female,24,Dehradun,North,P019,Badminton Racket,Sports & Fitness,Sports,1,"?1,499.00",20%,"?1,199.20",?800.00,?399.20,Wallet,Delivered,Website,2.0
ORD100253,08-Jan-2026,CUST0347,Vansh Chopra,Male,25,Kolkata,East,P029,Programming Book,Books,Technology,1,"?1,299.00",10%,"?1,169.10",?610.00,?559.10,UPI,Delivered,Mobile App,4.0
ORD100013,08-Jan-2026,CUST0986,Rohan Rao,Male,41,Nagpur,West,P026,Novel Collection,Books,Fiction,1,?899.00,5%,?854.05,?420.00,?434.05,Credit Card,Delivered,Website,4.0
ORD104257,09-Jan-2026,CUST1471,Shivam Mehta,Female,34,Mysuru,South,P001,Wireless Headphones,Electronics,Audio,1,"?2,499.00",5%,"?2,374.05","?1,550.00",?824.05,UPI,Delivered,Mobile App,5.0
ORD101663,09-Jan-2026,CUST1381,Akash Bansal,Female,33,Mumbai,West,P016,Yoga Mat,Sports & Fitness,Fitness,3,?999.00,15%,"?2,547.45","?1,560.00",?987.45,Debit Card,Delivered,Mobile App,4.0
ORD100533,09-Jan-2026,CUST1861,Akash Bansal,Male,35,Coimbatore,South,P022,Sunscreen SPF 50,Beauty,Skincare,2,?799.00,5%,"?1,518.10",?720.00,?798.10,Credit Card,Delivered,Mobile App,5.0
ORD100613,09-Jan-2026,CUST1908,Karan Jain,Male,31,Bengaluru,South,P003,Smart Watch,Electronics,Wearables,1,"?3,299.00",5%,"?3,134.05","?2,100.00","?1,034.05",UPI,Delivered,Website,5.0
ORD101925,09-Jan-2026,CUST1779,Anjali Verma,Male,36,Ahmedabad,West,P005,Power Bank 20000mAh,Electronics,Accessories,5,"?1,599.00",10%,"?7,195.50","?4,600.00","?2,595.50",Credit Card,Delivered,Website,3.0
ORD100140,09-Jan-2026,CUST1390,Aditya Kapoor,Male,48,Guwahati,East,P007,Running Shoes,Fashion,Footwear,3,"?2,899.00",5%,"?8,262.15","?5,100.00","?3,162.15",UPI,Delivered,Mobile App,5.0
ORD101054,09-Jan-2026,CUST0870,Kabir Gupta,Male,33,Kolkata,East,P013,Non-Stick Cookware Set,Home & Kitchen,Cookware,3,"?4,299.00",5%,"?12,252.15","?8,100.00","?4,152.15",Debit Card,Delivered,Website,5.0
ORD104650,09-Jan-2026,CUST0773,Akash Bansal,Male,24,Kolkata,East,P020,Resistance Bands,Sports & Fitness,Fitness,2,?699.00,25%,"?1,048.50",?640.00,?408.50,UPI,Returned,Mobile App,1.0
ORD103120,10-Jan-2026,CUST0153,Meera Singh,Male,26,Nagpur,West,P027,Business Strategy Book,Books,Business,1,?699.00,10%,?629.10,?300.00,?329.10,Debit Card,Delivered,Mobile App,3.0
ORD103897,10-Jan-2026,CUST1257,Zoya Singh,Female,39,Kochi,South,P021,Face Wash,Beauty,Skincare,1,?499.00,15%,?424.15,?220.00,?204.15,Net Banking,Delivered,Mobile App,4.0
ORD104116,10-Jan-2026,CUST0443,Vansh Chopra,Female,33,Delhi,North,P030,Self Help Book,Books,Self Development,1,?599.00,20%,?479.20,?260.00,?219.20,Credit Card,Delivered,Website,5.0
ORD101439,10-Jan-2026,CUST1671,Nisha Saxena,Female,18,Mumbai,West,P021,Face Wash,Beauty,Skincare,2,?499.00,10%,?898.20,?440.00,?458.20,UPI,Delivered,Mobile App,4.0
ORD103697,10-Jan-2026,CUST2104,Ishaan Malhotra,Female,18,Dehradun,North,P009,Denim Jeans,Fashion,Clothing,1,"?1,999.00",10%,"?1,799.10","?1,050.00",?749.10,Debit Card,Delivered,Mobile App,5.0
ORD102461,10-Jan-2026,CUST0793,Meera Singh,Female,31,Guwahati,East,P020,Resistance Bands,Sports & Fitness,Fitness,3,?699.00,5%,"?1,992.15",?960.00,"?1,032.15",Net Banking,Delivered,Mobile App,4.0
ORD102649,10-Jan-2026,CUST0794,Rohan Rao,Male,43,Nagpur,West,P008,Cotton T-Shirt,Fashion,Clothing,3,?799.00,5%,"?2,277.15","?1,170.00","?1,107.15",Debit Card,Delivered,Website,5.0
ORD101515,10-Jan-2026,CUST1290,Arjun Rao,Male,29,Guwahati,East,P008,Cotton T-Shirt,Fashion,Clothing,4,?799.00,5%,"?3,036.20","?1,560.00","?1,476.20",Credit Card,Delivered,Website,5.0
ORD102304,10-Jan-2026,CUST2143,Shivam Mehta,Female,26,Coimbatore,South,P009,Denim Jeans,Fashion,Clothing,2,"?1,999.00",5%,"?3,798.10","?2,100.00","?1,698.10",Net Banking,Returned,Mobile App,5.0
ORD104811,10-Jan-2026,CUST0687,Isha Mehta,Female,18,Hyderabad,South,P026,Novel Collection,Books,Fiction,1,?899.00,10%,?809.10,?420.00,?389.10,UPI,Delivered,Mobile App,5.0
ORD103616,10-Jan-2026,CUST0552,Sanya Malhotra,Male,25,Dehradun,North,P015,Bedsheet Set,Home & Kitchen,Home Decor,1,"?1,599.00",15%,"?1,359.15",?850.00,?509.15,Debit Card,Delivered,Website,5.0
ORD100230,10-Jan-2026,CUST0037,Akash Bansal,Female,24,Kochi,South,P008,Cotton T-Shirt,Fashion,Clothing,2,?799.00,10%,"?1,438.20",?780.00,?658.20,Wallet,Delivered,Mobile App,4.0
ORD103694,11-Jan-2026,CUST2063,Isha Mehta,Male,26,Kochi,South,P010,Casual Hoodie,Fashion,Clothing,2,"?1,499.00",0%,"?2,998.00","?1,560.00","?1,438.00",Credit Card,Delivered,Website,4.0
ORD100385,11-Jan-2026,CUST1781,Pranav Bansal,Male,50,Dehradun,North,P007,Running Shoes,Fashion,Footwear,1,"?2,899.00",15%,"?2,464.15","?1,700.00",?764.15,Debit Card,Delivered,Mobile App,5.0
ORD100753,11-Jan-2026,CUST0232,Sanya Malhotra,Female,30,Mysuru,South,P013,Non-Stick Cookware Set,Home & Kitchen,Cookware,1,"?4,299.00",10%,"?3,869.10","?2,700.00","?1,169.10",Net Banking,Delivered,Website,5.0
ORD102167,11-Jan-2026,CUST0183,Aditi Saxena,Male,43,Mysuru,South,P004,USB-C Charger,Electronics,Accessories,2,?899.00,15%,"?1,528.30",?960.00,?568.30,Cash on Delivery,Delivered,Website,5.0
ORD101125,11-Jan-2026,CUST1965,Tanvi Patel,Female,37,Mumbai,West,P013,Non-Stick Cookware Set,Home & Kitchen,Cookware,1,"?4,299.00",10%,"?3,869.10","?2,700.00","?1,169.10",UPI,Returned,Website,5.0
ORD104076,11-Jan-2026,CUST1690,Rohan Rao,Male,23,Delhi,North,P007,Running Shoes,Fashion,Footwear,1,"?2,899.00",30%,"?2,029.30","?1,700.00",?329.30,Debit Card,Delivered,Website,5.0
ORD102313,11-Jan-2026,CUST2036,Karan Jain,Male,38,Mumbai,West,P008,Cotton T-Shirt,Fashion,Clothing,2,?799.00,15%,"?1,358.30",?780.00,?578.30,Net Banking,Delivered,Mobile App,2.0
ORD104399,11-Jan-2026,CUST1429,Pranav Bansal,Male,45,Mumbai,West,P022,Sunscreen SPF 50,Beauty,Skincare,4,?799.00,10%,"?2,876.40","?1,440.00","?1,436.40",Debit Card,Delivered,Website,5.0
ORD104156,11-Jan-2026,CUST0870,Kabir Gupta,Male,33,Bokaro,East,P018,Cricket Bat,Sports & Fitness,Sports,2,"?2,199.00",20%,"?3,518.40","?2,500.00","?1,018.40",UPI,Delivered,Mobile App,5.0
ORD104790,11-Jan-2026,CUST0950,Simran Gupta,Male,40,Guwahati,East,P018,Cricket Bat,Sports & Fitness,Sports,2,"?2,199.00",15%,"?3,738.30","?2,500.00","?1,238.30",Net Banking,Returned,Website,4.0
ORD102500,11-Jan-2026,CUST0006,Kabir Gupta,Male,25,Surat,West,P023,Shampoo,Beauty,Haircare,1,?649.00,0%,?649.00,?290.00,?359.00,Cash on Delivery,Returned,Mobile App,5.0
ORD103115,11-Jan-2026,CUST0911,Isha Mehta,Female,40,Ranchi,East,P006,Laptop Backpack,Fashion,Bags,1,"?1,799.00",20%,"?1,439.20",?950.00,?489.20,Credit Card,Delivered,Mobile App,4.0
ORD101627,11-Jan-2026,CUST2194,Yash Agarwal,Male,47,Nashik,West,P006,Laptop Backpack,Fashion,Bags,1,"?1,799.00",10%,"?1,619.10",?950.00,?669.10,Debit Card,Delivered,Mobile App,4.0
ORD100131,12-Jan-2026,CUST0891,Vansh Chopra,Male,24,Bengaluru,South,P009,Denim Jeans,Fashion,Clothing,1,"?1,999.00",5%,"?1,899.05","?1,050.00",?849.05,Net Banking,Delivered,Mobile App,5.0
ORD102433,12-Jan-2026,CUST1618,Yash Agarwal,Male,20,Nashik,West,P016,Yoga Mat,Sports & Fitness,Fitness,2,?999.00,0%,"?1,998.00","?1,040.00",?958.00,Credit Card,Delivered,Mobile App,4.0
ORD102014,12-Jan-2026,CUST1025,Diya Mishra,Female,29,Bengaluru,South,P014,Table Lamp,Home & Kitchen,Home Decor,2,"?1,299.00",10%,"?2,338.20","?1,380.00",?958.20,Net Banking,Delivered,Mobile App,5.0
ORD101117,12-Jan-2026,CUST1840,Mohit Sharma,Male,18,Ranchi,East,P024,Perfume,Beauty,Fragrance,1,"?1,799.00",5%,"?1,709.05",?900.00,?809.05,UPI,Delivered,Website,2.0
ORD102235,12-Jan-2026,CUST1984,Aarav Sharma,Female,38,Surat,West,P019,Badminton Racket,Sports & Fitness,Sports,1,"?1,499.00",5%,"?1,424.05",?800.00,?624.05,UPI,Delivered,Mobile App,3.0
ORD103245,12-Jan-2026,CUST0219,Vansh Chopra,Male,22,Coimbatore,South,P001,Wireless Headphones,Electronics,Audio,1,"?2,499.00",10%,"?2,249.10","?1,550.00",?699.10,Credit Card,Delivered,Mobile App,5.0
ORD100698,12-Jan-2026,CUST0907,Kiara Chopra,Female,26,Surat,West,P030,Self Help Book,Books,Self Development,1,?599.00,15%,?509.15,?260.00,?249.15,Net Banking,Delivered,Website,4.0
ORD104476,12-Jan-2026,CUST0687,Isha Mehta,Female,40,Jaipur,North,P013,Non-Stick Cookware Set,Home & Kitchen,Cookware,2,"?4,299.00",15%,"?7,308.30","?5,400.00","?1,908.30",UPI,Delivered,Mobile App,5.0
ORD100835,13-Jan-2026,CUST2136,Ishaan Malhotra,Female,31,Delhi,North,P020,Resistance Bands,Sports & Fitness,Fitness,3,?699.00,15%,"?1,782.45",?960.00,?822.45,UPI,Delivered,Website,5.0
ORD103519,13-Jan-2026,CUST1640,Sanya Malhotra,Female,46,Ahmedabad,West,P018,Cricket Bat,Sports & Fitness,Sports,2,"?2,199.00",15%,"?3,738.30","?2,500.00","?1,238.30",Cash on Delivery,Delivered,Website,2.0
ORD101919,13-Jan-2026,CUST0501,Pranav Bansal,Male,40,Hyderabad,South,P007,Running Shoes,Fashion,Footwear,1,"?2,899.00",10%,"?2,609.10","?1,700.00",?909.10,Cash on Delivery,Delivered,Mobile App,1.0
ORD101316,13-Jan-2026,CUST1125,Akash Bansal,Female,34,Ranchi,East,P016,Yoga Mat,Sports & Fitness,Fitness,3,?999.00,15%,"?2,547.45","?1,560.00",?987.45,Cash on Delivery,Delivered,Website,4.0
ORD102425,13-Jan-2026,CUST0834,Manish Agarwal,Female,31,Bengaluru,South,P011,Coffee Maker,Home & Kitchen,Kitchen,1,"?3,499.00",10%,"?3,149.10","?2,250.00",?899.10,Cash on Delivery,Delivered,Mobile App,5.0
ORD103066,13-Jan-2026,CUST1811,Anjali Verma,Female,43,Kochi,South,P009,Denim Jeans,Fashion,Clothing,1,"?1,999.00",30%,"?1,399.30","?1,050.00",?349.30,UPI,Delivered,Website,5.0
ORD103929,13-Jan-2026,CUST1127,Nisha Saxena,Male,25,Coimbatore,South,P022,Sunscreen SPF 50,Beauty,Skincare,2,?799.00,0%,"?1,598.00",?720.00,?878.00,UPI,Delivered,Mobile App,5.0
ORD104532,13-Jan-2026,CUST0914,Yash Agarwal,Female,33,Kochi,South,P006,Laptop Backpack,Fashion,Bags,5,"?1,799.00",30%,"?6,296.50","?4,750.00","?1,546.50",UPI,Delivered,Mobile App,5.0
ORD101636,13-Jan-2026,CUST1624,Ishaan Malhotra,Male,41,Chandigarh,North,P006,Laptop Backpack,Fashion,Bags,1,"?1,799.00",5%,"?1,709.05",?950.00,?759.05,Debit Card,Delivered,Mobile App,5.0
ORD100987,13-Jan-2026,CUST0397,Tanvi Patel,Male,37,Guwahati,East,P026,Novel Collection,Books,Fiction,1,?899.00,0%,?899.00,?420.00,?479.00,UPI,Delivered,Mobile App,3.0
ORD102791,13-Jan-2026,CUST2192,Mohit Sharma,Male,29,Nagpur,West,P014,Table Lamp,Home & Kitchen,Home Decor,2,"?1,299.00",15%,"?2,208.30","?1,380.00",?828.30,Debit Card,Delivered,Mobile App,3.0
ORD100765,14-Jan-2026,CUST0186,Rohan Rao,Male,30,Bhubaneswar,East,P028,Data Analytics Book,Books,Technology,1,"?1,099.00",10%,?989.10,?520.00,?469.10,UPI,Delivered,Mobile App,4.0
ORD104872,14-Jan-2026,CUST1204,Karan Jain,Female,23,Surat,West,P006,Laptop Backpack,Fashion,Bags,1,"?1,799.00",10%,"?1,619.10",?950.00,?669.10,UPI,Delivered,Mobile App,4.0
ORD102180,14-Jan-2026,CUST0740,Varun Jain,Male,25,Bhubaneswar,East,P001,Wireless Headphones,Electronics,Audio,2,"?2,499.00",5%,"?4,748.10","?3,100.00","?1,648.10",UPI,Delivered,Website,5.0
ORD100088,14-Jan-2026,CUST1390,Aditya Kapoor,Female,31,Nashik,West,P023,Shampoo,Beauty,Haircare,3,?649.00,5%,"?1,849.65",?870.00,?979.65,UPI,Delivered,Mobile App,5.0
ORD103241,14-Jan-2026,CUST0053,Pranav Bansal,Male,44,Lucknow,North,P008,Cotton T-Shirt,Fashion,Clothing,1,?799.00,5%,?759.05,?390.00,?369.05,Net Banking,Delivered,Mobile App,5.0
ORD102534,14-Jan-2026,CUST0040,Sanya Malhotra,Female,22,Ranchi,East,P003,Smart Watch,Electronics,Wearables,1,"?3,299.00",10%,"?2,969.10","?2,100.00",?869.10,UPI,Delivered,Mobile App,5.0
ORD103034,14-Jan-2026,CUST0429,Tanvi Patel,Female,20,Hyderabad,South,P018,Cricket Bat,Sports & Fitness,Sports,2,"?2,199.00",30%,"?3,078.60","?2,500.00",?578.60,UPI,Delivered,Mobile App,5.0
ORD102373,15-Jan-2026,CUST0759,Aditi Saxena,Male,30,Surat,West,P016,Yoga Mat,Sports & Fitness,Fitness,1,?999.00,0%,?999.00,?520.00,?479.00,UPI,Delivered,Website,2.0
ORD102651,15-Jan-2026,CUST1670,Kabir Gupta,Female,33,Jaipur,North,P019,Badminton Racket,Sports & Fitness,Sports,1,"?1,499.00",10%,"?1,349.10",?800.00,?549.10,Cash on Delivery,Delivered,Mobile App,5.0
ORD100363,15-Jan-2026,CUST1478,Kabir Gupta,Female,18,Pune,West,P018,Cricket Bat,Sports & Fitness,Sports,3,"?2,199.00",0%,"?6,597.00","?3,750.00","?2,847.00",UPI,Returned,Website,5.0
ORD101816,15-Jan-2026,CUST0182,Simran Gupta,Male,42,Dehradun,North,P009,Denim Jeans,Fashion,Clothing,1,"?1,999.00",30%,"?1,399.30","?1,050.00",?349.30,Debit Card,Delivered,Website,5.0
ORD100909,15-Jan-2026,CUST2143,Shivam Mehta,Female,22,Chandigarh,North,P028,Data Analytics Book,Books,Technology,2,"?1,099.00",10%,"?1,978.20","?1,040.00",?938.20,Credit Card,Delivered,Mobile App,2.0
ORD102476,15-Jan-2026,CUST0270,Aditya Kapoor,Male,42,Guwahati,East,P003,Smart Watch,Electronics,Wearables,2,"?3,299.00",20%,"?5,278.40","?4,200.00","?1,078.40",Cash on Delivery,Delivered,Mobile App,3.0
ORD103414,15-Jan-2026,CUST0936,Sanya Malhotra,Male,47,Coimbatore,South,P022,Sunscreen SPF 50,Beauty,Skincare,2,?799.00,5%,"?1,518.10",?720.00,?798.10,Debit Card,Delivered,Mobile App,4.0
ORD103658,15-Jan-2026,CUST0039,Nisha Saxena,Male,18,Pune,West,P005,Power Bank 20000mAh,Electronics,Accessories,1,"?1,599.00",15%,"?1,359.15",?920.00,?439.15,Credit Card,Delivered,Website,4.0
ORD100072,15-Jan-2026,CUST1915,Vansh Chopra,Female,36,Kolkata,East,P025,Moisturizer,Beauty,Skincare,1,?699.00,15%,?594.15,?310.00,?284.15,Cash on Delivery,Delivered,Mobile App,4.0
ORD101135,15-Jan-2026,CUST1724,Ananya Kumar,Male,54,Bengaluru,South,P026,Novel Collection,Books,Fiction,2,?899.00,5%,"?1,708.10",?840.00,?868.10,Net Banking,Delivered,Website,5.0
ORD104457,16-Jan-2026,CUST0993,Diya Mishra,Female,33,Pune,West,P006,Laptop Backpack,Fashion,Bags,2,"?1,799.00",10%,"?3,238.20","?1,900.00","?1,338.20",UPI,Delivered,Mobile App,2.0
ORD101443,16-Jan-2026,CUST0770,Manish Agarwal,Male,29,Patna,East,P007,Running Shoes,Fashion,Footwear,1,"?2,899.00",5%,"?2,754.05","?1,700.00","?1,054.05",Credit Card,Delivered,Mobile App,5.0
ORD101772,16-Jan-2026,CUST0909,Tanvi Patel,Female,39,Amritsar,North,P013,Non-Stick Cookware Set,Home & Kitchen,Cookware,1,"?4,299.00",10%,"?3,869.10","?2,700.00","?1,169.10",Debit Card,Delivered,Mobile App,2.0
ORD104165,16-Jan-2026,CUST2008,Ishaan Malhotra,Male,42,Bengaluru,South,P029,Programming Book,Books,Technology,1,"?1,299.00",10%,"?1,169.10",?610.00,?559.10,UPI,Delivered,Mobile App,5.0
ORD101686,16-Jan-2026,CUST1623,Aditi Saxena,Female,31,Nagpur,West,P025,Moisturizer,Beauty,Skincare,2,?699.00,5%,"?1,328.10",?620.00,?708.10,Credit Card,Delivered,Mobile App,4.0
ORD102020,16-Jan-2026,CUST1746,Yash Agarwal,Female,23,Ranchi,East,P010,Casual Hoodie,Fashion,Clothing,1,"?1,499.00",15%,"?1,274.15",?780.00,?494.15,Credit Card,Delivered,Website,5.0
ORD102170,16-Jan-2026,CUST1677,Tanvi Patel,Male,28,Nagpur,West,P007,Running Shoes,Fashion,Footwear,1,"?2,899.00",30%,"?2,029.30","?1,700.00",?329.30,Wallet,Cancelled,Mobile App,
ORD101549,16-Jan-2026,CUST0869,Akash Bansal,Male,29,Chennai,South,P001,Wireless Headphones,Electronics,Audio,1,"?2,499.00",15%,"?2,124.15","?1,550.00",?574.15,Credit Card,Delivered,Website,5.0
ORD104026,16-Jan-2026,CUST0876,Rahul Kumar,Male,31,Kolkata,East,P022,Sunscreen SPF 50,Beauty,Skincare,2,?799.00,10%,"?1,438.20",?720.00,?718.20,Cash on Delivery,Delivered,Mobile App,4.0
ORD104253,16-Jan-2026,CUST1929,Zoya Singh,Male,40,Ahmedabad,West,P009,Denim Jeans,Fashion,Clothing,2,"?1,999.00",15%,"?3,398.30","?2,100.00","?1,298.30",Net Banking,Delivered,Mobile App,4.0
ORD100942,16-Jan-2026,CUST2181,Akash Bansal,Male,31,Kolkata,East,P006,Laptop Backpack,Fashion,Bags,2,"?1,799.00",10%,"?3,238.20","?1,900.00","?1,338.20",UPI,Delivered,Website,1.0
ORD101266,16-Jan-2026,CUST1139,Anjali Verma,Female,29,Lucknow,North,P017,Dumbbell Set,Sports & Fitness,Fitness,2,"?2,499.00",10%,"?4,498.20","?2,900.00","?1,598.20",Credit Card,Delivered,Mobile App,5.0
ORD104756,16-Jan-2026,CUST0862,Pooja Kapoor,Male,48,Dehradun,North,P016,Yoga Mat,Sports & Fitness,Fitness,2,?999.00,10%,"?1,798.20","?1,040.00",?758.20,UPI,Delivered,Website,5.0
ORD104408,16-Jan-2026,CUST1557,Pranav Bansal,Male,20,Kolkata,East,P014,Table Lamp,Home & Kitchen,Home Decor,1,"?1,299.00",10%,"?1,169.10",?690.00,?479.10,UPI,Delivered,Website,5.0
ORD101916,17-Jan-2026,CUST2099,Anjali Verma,Female,33,Mysuru,South,P018,Cricket Bat,Sports & Fitness,Sports,2,"?2,199.00",5%,"?4,178.10","?2,500.00","?1,678.10",UPI,Delivered,Website,5.0
ORD104061,17-Jan-2026,CUST1572,Varun Jain,Female,29,Ranchi,East,P012,Air Fryer,Home & Kitchen,Kitchen,2,"?5,999.00",20%,"?9,598.40","?7,800.00","?1,798.40",Cash on Delivery,Delivered,Mobile App,5.0
ORD103032,17-Jan-2026,CUST0210,Yash Agarwal,Male,32,Chandigarh,North,P011,Coffee Maker,Home & Kitchen,Kitchen,1,"?3,499.00",5%,"?3,324.05","?2,250.00","?1,074.05",Net Banking,Delivered,Website,5.0
ORD103372,17-Jan-2026,CUST2042,Rohan Rao,Female,35,Lucknow,North,P022,Sunscreen SPF 50,Beauty,Skincare,1,?799.00,15%,?679.15,?360.00,?319.15,Debit Card,Delivered,Website,5.0
ORD101290,17-Jan-2026,CUST2020,Varun Jain,Male,23,Jaipur,North,P027,Business Strategy Book,Books,Business,2,?699.00,20%,"?1,118.40",?600.00,?518.40,Credit Card,Delivered,Website,5.0
ORD102390,17-Jan-2026,CUST0442,Rohan Rao,Male,32,Bokaro,East,P021,Face Wash,Beauty,Skincare,2,?499.00,15%,?848.30,?440.00,?408.30,Net Banking,Delivered,Mobile App,5.0
ORD102226,17-Jan-2026,CUST1889,Diya Mishra,Male,37,Nagpur,West,P021,Face Wash,Beauty,Skincare,1,?499.00,5%,?474.05,?220.00,?254.05,Debit Card,Delivered,Mobile App,4.0
ORD101798,17-Jan-2026,CUST0748,Rahul Kumar,Female,55,Dehradun,North,P017,Dumbbell Set,Sports & Fitness,Fitness,1,"?2,499.00",0%,"?2,499.00","?1,450.00","?1,049.00",Net Banking,Delivered,Mobile App,4.0
ORD101415,17-Jan-2026,CUST0697,Meera Singh,Female,48,Amritsar,North,P024,Perfume,Beauty,Fragrance,2,"?1,799.00",15%,"?3,058.30","?1,800.00","?1,258.30",UPI,Delivered,Website,4.0
ORD104539,18-Jan-2026,CUST1417,Zoya Singh,Male,32,Mumbai,West,P026,Novel Collection,Books,Fiction,2,?899.00,30%,"?1,258.60",?840.00,?418.60,Debit Card,Delivered,Mobile App,3.0
ORD102164,18-Jan-2026,CUST1776,Mohit Sharma,Male,42,Ranchi,East,P018,Cricket Bat,Sports & Fitness,Sports,3,"?2,199.00",0%,"?6,597.00","?3,750.00","?2,847.00",Net Banking,Delivered,Mobile App,5.0
ORD104503,18-Jan-2026,CUST1550,Aditya Kapoor,Female,32,Ahmedabad,West,P024,Perfume,Beauty,Fragrance,4,"?1,799.00",0%,"?7,196.00","?3,600.00","?3,596.00",Wallet,Delivered,Mobile App,5.0
ORD103581,18-Jan-2026,CUST1050,Rohan Rao,Female,44,Dehradun,North,P029,Programming Book,Books,Technology,1,"?1,299.00",0%,"?1,299.00",?610.00,?689.00,Debit Card,Delivered,Mobile App,4.0
ORD104886,18-Jan-2026,CUST1018,Rohan Rao,Male,47,Chandigarh,North,P012,Air Fryer,Home & Kitchen,Kitchen,1,"?5,999.00",10%,"?5,399.10","?3,900.00","?1,499.10",UPI,Delivered,Mobile App,3.0
ORD103693,18-Jan-2026,CUST0220,Ananya Kumar,Male,30,Guwahati,East,P019,Badminton Racket,Sports & Fitness,Sports,2,"?1,499.00",15%,"?2,548.30","?1,600.00",?948.30,Debit Card,Cancelled,Mobile App,
ORD102541,18-Jan-2026,CUST0898,Manish Agarwal,Female,37,Mysuru,South,P009,Denim Jeans,Fashion,Clothing,1,"?1,999.00",0%,"?1,999.00","?1,050.00",?949.00,Cash on Delivery,Delivered,Mobile App,4.0
ORD103785,18-Jan-2026,CUST0863,Shivam Mehta,Female,30,Mysuru,South,P015,Bedsheet Set,Home & Kitchen,Home Decor,1,"?1,599.00",5%,"?1,519.05",?850.00,?669.05,Net Banking,Delivered,Website,5.0
ORD104852,18-Jan-2026,CUST1742,Aditya Kapoor,Male,30,Ranchi,East,P012,Air Fryer,Home & Kitchen,Kitchen,2,"?5,999.00",0%,"?11,998.00","?7,800.00","?4,198.00",UPI,Delivered,Mobile App,4.0
ORD101377,18-Jan-2026,CUST0945,Sakshi Mishra,Male,28,Coimbatore,South,P007,Running Shoes,Fashion,Footwear,1,"?2,899.00",0%,"?2,899.00","?1,700.00","?1,199.00",Credit Card,Delivered,Website,4.0
ORD104207,19-Jan-2026,CUST0626,Yash Agarwal,Male,31,Chandigarh,North,P024,Perfume,Beauty,Fragrance,2,"?1,799.00",5%,"?3,418.10","?1,800.00","?1,618.10",Credit Card,Delivered,Mobile App,5.0
ORD104015,19-Jan-2026,CUST0848,Mohit Sharma,Male,33,Bokaro,East,P006,Laptop Backpack,Fashion,Bags,2,"?1,799.00",0%,"?3,598.00","?1,900.00","?1,698.00",Debit Card,Delivered,Mobile App,3.0
ORD103510,19-Jan-2026,CUST1130,Arjun Rao,Female,41,Kolkata,East,P020,Resistance Bands,Sports & Fitness,Fitness,1,?699.00,0%,?699.00,?320.00,?379.00,UPI,Delivered,Website,2.0
ORD103018,19-Jan-2026,CUST0704,Aarav Sharma,Female,39,Ahmedabad,West,P016,Yoga Mat,Sports & Fitness,Fitness,2,?999.00,10%,"?1,798.20","?1,040.00",?758.20,UPI,Delivered,Mobile App,2.0
ORD103433,19-Jan-2026,CUST0869,Akash Bansal,Male,31,Kolkata,East,P020,Resistance Bands,Sports & Fitness,Fitness,2,?699.00,5%,"?1,328.10",?640.00,?688.10,UPI,Delivered,Mobile App,3.0
ORD100411,19-Jan-2026,CUST1414,Kabir Gupta,Male,22,Lucknow,North,P012,Air Fryer,Home & Kitchen,Kitchen,2,"?5,999.00",25%,"?8,998.50","?7,800.00","?1,198.50",Debit Card,Delivered,Website,5.0
ORD102130,19-Jan-2026,CUST0361,Zoya Singh,Male,40,Dehradun,North,P001,Wireless Headphones,Electronics,Audio,1,"?2,499.00",20%,"?1,999.20","?1,550.00",?449.20,Cash on Delivery,Delivered,Mobile App,4.0
ORD104819,19-Jan-2026,CUST0596,Karan Jain,Male,31,Mumbai,West,P007,Running Shoes,Fashion,Footwear,1,"?2,899.00",10%,"?2,609.10","?1,700.00",?909.10,Debit Card,Delivered,Mobile App,4.0
ORD102635,19-Jan-2026,CUST1084,Ananya Kumar,Female,41,Chandigarh,North,P025,Moisturizer,Beauty,Skincare,1,?699.00,20%,?559.20,?310.00,?249.20,Wallet,Delivered,Mobile App,4.0
ORD101512,19-Jan-2026,CUST0378,Rohan Rao,Female,32,Nashik,West,P017,Dumbbell Set,Sports & Fitness,Fitness,3,"?2,499.00",15%,"?6,372.45","?4,350.00","?2,022.45",UPI,Delivered,Website,5.0
ORD103823,19-Jan-2026,CUST0516,Varun Jain,Male,18,Chandigarh,North,P023,Shampoo,Beauty,Haircare,2,?649.00,5%,"?1,233.10",?580.00,?653.10,UPI,Delivered,Mobile App,1.0
ORD100156,20-Jan-2026,CUST0268,Rahul Kumar,Male,18,Mumbai,West,P028,Data Analytics Book,Books,Technology,2,"?1,099.00",5%,"?2,088.10","?1,040.00","?1,048.10",UPI,Delivered,Website,3.0
ORD102547,20-Jan-2026,CUST1226,Arjun Rao,Female,25,Ranchi,East,P001,Wireless Headphones,Electronics,Audio,2,"?2,499.00",20%,"?3,998.40","?3,100.00",?898.40,UPI,Delivered,Mobile App,4.0
ORD100130,20-Jan-2026,CUST0902,Kabir Gupta,Female,33,Chandigarh,North,P007,Running Shoes,Fashion,Footwear,3,"?2,899.00",25%,"?6,522.75","?5,100.00","?1,422.75",Cash on Delivery,Delivered,Website,5.0
ORD100546,20-Jan-2026,CUST1545,Zoya Singh,Female,22,Kolkata,East,P026,Novel Collection,Books,Fiction,1,?899.00,30%,?629.30,?420.00,?209.30,Credit Card,Returned,Website,4.0
ORD103307,20-Jan-2026,CUST1355,Kiara Chopra,Female,34,Bengaluru,South,P008,Cotton T-Shirt,Fashion,Clothing,1,?799.00,0%,?799.00,?390.00,?409.00,Cash on Delivery,Delivered,Website,4.0
ORD103976,20-Jan-2026,CUST0469,Pranav Bansal,Female,45,Chandigarh,North,P022,Sunscreen SPF 50,Beauty,Skincare,5,?799.00,5%,"?3,795.25","?1,800.00","?1,995.25",UPI,Delivered,Mobile App,4.0
ORD101625,20-Jan-2026,CUST1686,Simran Gupta,Male,26,Coimbatore,South,P030,Self Help Book,Books,Self Development,2,?599.00,10%,"?1,078.20",?520.00,?558.20,Cash on Delivery,Delivered,Mobile App,4.0
ORD101885,20-Jan-2026,CUST0215,Aditi Saxena,Male,39,Hyderabad,South,P016,Yoga Mat,Sports & Fitness,Fitness,1,?999.00,20%,?799.20,?520.00,?279.20,Cash on Delivery,Delivered,Mobile App,5.0
ORD100656,21-Jan-2026,CUST0353,Diya Mishra,Male,22,Bokaro,East,P027,Business Strategy Book,Books,Business,1,?699.00,20%,?559.20,?300.00,?259.20,Net Banking,Delivered,Website,4.0
ORD104237,21-Jan-2026,CUST0935,Nisha Saxena,Male,21,Kolkata,East,P026,Novel Collection,Books,Fiction,1,?899.00,5%,?854.05,?420.00,?434.05,Credit Card,Returned,Mobile App,5.0
ORD101326,21-Jan-2026,CUST0235,Kiara Chopra,Male,34,Ahmedabad,West,P027,Business Strategy Book,Books,Business,4,?699.00,5%,"?2,656.20","?1,200.00","?1,456.20",Credit Card,Delivered,Website,4.0
ORD104932,21-Jan-2026,CUST0329,Zoya Singh,Male,31,Coimbatore,South,P023,Shampoo,Beauty,Haircare,5,?649.00,15%,"?2,758.25","?1,450.00","?1,308.25",UPI,Delivered,Website,1.0
ORD104283,21-Jan-2026,CUST1314,Manish Agarwal,Female,38,Nagpur,West,P030,Self Help Book,Books,Self Development,2,?599.00,10%,"?1,078.20",?520.00,?558.20,UPI,Delivered,Mobile App,5.0
ORD100020,21-Jan-2026,CUST1139,Anjali Verma,Female,24,Kolkata,East,P027,Business Strategy Book,Books,Business,1,?699.00,5%,?664.05,?300.00,?364.05,Debit Card,Delivered,Website,5.0
ORD102199,21-Jan-2026,CUST1215,Shivam Mehta,Male,40,Mumbai,West,P024,Perfume,Beauty,Fragrance,1,"?1,799.00",20%,"?1,439.20",?900.00,?539.20,Wallet,Delivered,Website,4.0
ORD100148,21-Jan-2026,CUST1701,Akash Bansal,Female,39,Delhi,North,P002,Bluetooth Speaker,Electronics,Audio,1,"?1,899.00",30%,"?1,329.30","?1,120.00",?209.30,UPI,Delivered,Mobile App,5.0
ORD100947,21-Jan-2026,CUST1194,Arjun Rao,Male,25,Patna,East,P021,Face Wash,Beauty,Skincare,1,?499.00,30%,?349.30,?220.00,?129.30,Credit Card,Delivered,Mobile App,4.0
ORD103499,21-Jan-2026,CUST2026,Arjun Rao,Female,29,Delhi,North,P002,Bluetooth Speaker,Electronics,Audio,3,"?1,899.00",0%,"?5,697.00","?3,360.00","?2,337.00",Net Banking,Delivered,Mobile App,5.0
ORD101832,21-Jan-2026,CUST2057,Zoya Singh,Female,38,Guwahati,East,P001,Wireless Headphones,Electronics,Audio,2,"?2,499.00",30%,"?3,498.60","?3,100.00",?398.60,Debit Card,Delivered,Mobile App,5.0
ORD100858,21-Jan-2026,CUST1955,Riya Verma,Male,38,Patna,East,P015,Bedsheet Set,Home & Kitchen,Home Decor,1,"?1,599.00",5%,"?1,519.05",?850.00,?669.05,Debit Card,Delivered,Mobile App,5.0
ORD100275,21-Jan-2026,CUST0459,Kiara Chopra,Male,23,Pune,West,P014,Table Lamp,Home & Kitchen,Home Decor,2,"?1,299.00",5%,"?2,468.10","?1,380.00","?1,088.10",Credit Card,Delivered,Mobile App,4.0
ORD103410,22-Jan-2026,CUST2161,Sakshi Mishra,Female,21,Ahmedabad,West,P027,Business Strategy Book,Books,Business,2,?699.00,0%,"?1,398.00",?600.00,?798.00,Credit Card,Delivered,Website,5.0
ORD101296,22-Jan-2026,CUST2092,Rahul Kumar,Female,18,Pune,West,P020,Resistance Bands,Sports & Fitness,Fitness,2,?699.00,15%,"?1,188.30",?640.00,?548.30,Net Banking,Delivered,Website,4.0
ORD101313,22-Jan-2026,CUST0929,Diya Mishra,Male,24,Ahmedabad,West,P021,Face Wash,Beauty,Skincare,2,?499.00,5%,?948.10,?440.00,?508.10,Credit Card,Delivered,Mobile App,4.0
ORD102783,22-Jan-2026,CUST0105,Zoya Singh,Male,36,Jaipur,North,P001,Wireless Headphones,Electronics,Audio,2,"?2,499.00",10%,"?4,498.20","?3,100.00","?1,398.20",UPI,Delivered,Website,4.0
ORD104911,22-Jan-2026,CUST0936,Sanya Malhotra,Female,28,Jaipur,North,P001,Wireless Headphones,Electronics,Audio,1,"?2,499.00",15%,"?2,124.15","?1,550.00",?574.15,Credit Card,Delivered,Website,5.0
ORD102438,22-Jan-2026,CUST1762,Manish Agarwal,Female,28,Kochi,South,P007,Running Shoes,Fashion,Footwear,2,"?2,899.00",20%,"?4,638.40","?3,400.00","?1,238.40",UPI,Delivered,Mobile App,4.0
ORD104563,22-Jan-2026,CUST0273,Sakshi Mishra,Female,29,Chandigarh,North,P001,Wireless Headphones,Electronics,Audio,1,"?2,499.00",15%,"?2,124.15","?1,550.00",?574.15,Credit Card,Delivered,Mobile App,5.0
ORD104873,22-Jan-2026,CUST1120,Aarav Sharma,Male,34,Nagpur,West,P002,Bluetooth Speaker,Electronics,Audio,1,"?1,899.00",5%,"?1,804.05","?1,120.00",?684.05,Wallet,Delivered,Website,5.0
ORD100149,22-Jan-2026,CUST0413,Kavya Patel,Male,38,Ahmedabad,West,P012,Air Fryer,Home & Kitchen,Kitchen,1,"?5,999.00",20%,"?4,799.20","?3,900.00",?899.20,UPI,Delivered,Mobile App,2.0
ORD102200,22-Jan-2026,CUST0447,Shivam Mehta,Male,26,Hyderabad,South,P030,Self Help Book,Books,Self Development,1,?599.00,30%,?419.30,?260.00,?159.30,Debit Card,Delivered,Mobile App,4.0
ORD103775,22-Jan-2026,CUST0037,Akash Bansal,Female,20,Bhubaneswar,East,P013,Non-Stick Cookware Set,Home & Kitchen,Cookware,1,"?4,299.00",10%,"?3,869.10","?2,700.00","?1,169.10",Credit Card,Returned,Website,4.0
ORD103175,22-Jan-2026,CUST0191,Shivam Mehta,Male,29,Kochi,South,P003,Smart Watch,Electronics,Wearables,1,"?3,299.00",5%,"?3,134.05","?2,100.00","?1,034.05",UPI,Delivered,Website,5.0
ORD103276,22-Jan-2026,CUST1542,Kabir Gupta,Male,31,Bengaluru,South,P005,Power Bank 20000mAh,Electronics,Accessories,1,"?1,599.00",5%,"?1,519.05",?920.00,?599.05,Debit Card,Cancelled,Mobile App,
ORD100476,22-Jan-2026,CUST0655,Isha Mehta,Female,28,Coimbatore,South,P027,Business Strategy Book,Books,Business,2,?699.00,5%,"?1,328.10",?600.00,?728.10,Credit Card,Delivered,Mobile App,4.0
ORD103787,23-Jan-2026,CUST0042,Arjun Rao,Male,19,Patna,East,P030,Self Help Book,Books,Self Development,1,?599.00,10%,?539.10,?260.00,?279.10,Debit Card,Delivered,Mobile App,5.0
ORD104197,23-Jan-2026,CUST0667,Vansh Chopra,Female,42,Kolkata,East,P021,Face Wash,Beauty,Skincare,1,?499.00,25%,?374.25,?220.00,?154.25,Credit Card,Delivered,Website,3.0
ORD104010,23-Jan-2026,CUST1352,Sanya Malhotra,Female,32,Nashik,West,P028,Data Analytics Book,Books,Technology,3,"?1,099.00",25%,"?2,472.75","?1,560.00",?912.75,Credit Card,Returned,Mobile App,3.0
ORD103522,23-Jan-2026,CUST0704,Aarav Sharma,Male,39,Coimbatore,South,P019,Badminton Racket,Sports & Fitness,Sports,1,"?1,499.00",5%,"?1,424.05",?800.00,?624.05,UPI,Delivered,Mobile App,3.0
ORD100054,23-Jan-2026,CUST1024,Aarav Sharma,Female,35,Hyderabad,South,P006,Laptop Backpack,Fashion,Bags,1,"?1,799.00",5%,"?1,709.05",?950.00,?759.05,UPI,Delivered,Mobile App,5.0
ORD104766,23-Jan-2026,CUST0402,Yash Agarwal,Female,31,Lucknow,North,P022,Sunscreen SPF 50,Beauty,Skincare,1,?799.00,15%,?679.15,?360.00,?319.15,UPI,Delivered,Website,2.0
ORD104040,23-Jan-2026,CUST0216,Ishaan Malhotra,Female,27,Guwahati,East,P024,Perfume,Beauty,Fragrance,1,"?1,799.00",15%,"?1,529.15",?900.00,?629.15,Credit Card,Delivered,Website,4.0
ORD100040,23-Jan-2026,CUST0597,Pranav Bansal,Male,40,Nagpur,West,P009,Denim Jeans,Fashion,Clothing,1,"?1,999.00",5%,"?1,899.05","?1,050.00",?849.05,UPI,Delivered,Mobile App,3.0
ORD102498,23-Jan-2026,CUST1660,Ananya Kumar,Female,31,Ahmedabad,West,P005,Power Bank 20000mAh,Electronics,Accessories,2,"?1,599.00",25%,"?2,398.50","?1,840.00",?558.50,UPI,Delivered,Mobile App,4.0
ORD104081,23-Jan-2026,CUST1689,Meera Singh,Female,29,Kochi,South,P015,Bedsheet Set,Home & Kitchen,Home Decor,3,"?1,599.00",20%,"?3,837.60","?2,550.00","?1,287.60",Credit Card,Delivered,Mobile App,4.0
ORD103329,24-Jan-2026,CUST1523,Anjali Verma,Male,29,Nashik,West,P010,Casual Hoodie,Fashion,Clothing,2,"?1,499.00",20%,"?2,398.40","?1,560.00",?838.40,Net Banking,Delivered,Website,4.0
ORD101121,24-Jan-2026,CUST1672,Sanya Malhotra,Female,26,Lucknow,North,P027,Business Strategy Book,Books,Business,1,?699.00,10%,?629.10,?300.00,?329.10,UPI,Delivered,Website,5.0
ORD100575,24-Jan-2026,CUST1907,Anjali Verma,Female,33,Mumbai,West,P014,Table Lamp,Home & Kitchen,Home Decor,1,"?1,299.00",10%,"?1,169.10",?690.00,?479.10,Debit Card,Delivered,Mobile App,4.0
ORD104889,24-Jan-2026,CUST0048,Mohit Sharma,Female,21,Chandigarh,North,P013,Non-Stick Cookware Set,Home & Kitchen,Cookware,1,"?4,299.00",10%,"?3,869.10","?2,700.00","?1,169.10",UPI,Delivered,Mobile App,4.0
ORD103104,25-Jan-2026,CUST1926,Kabir Gupta,Male,22,Bhubaneswar,East,P023,Shampoo,Beauty,Haircare,2,?649.00,10%,"?1,168.20",?580.00,?588.20,Credit Card,Delivered,Website,5.0
ORD104950,25-Jan-2026,CUST1185,Diya Mishra,Male,20,Dehradun,North,P015,Bedsheet Set,Home & Kitchen,Home Decor,2,"?1,599.00",0%,"?3,198.00","?1,700.00","?1,498.00",UPI,Delivered,Mobile App,5.0
ORD100056,25-Jan-2026,CUST0133,Akash Bansal,Female,32,Bokaro,East,P026,Novel Collection,Books,Fiction,4,?899.00,20%,"?2,876.80","?1,680.00","?1,196.80",Wallet,Delivered,Mobile App,5.0
ORD103281,25-Jan-2026,CUST1866,Arjun Rao,Male,46,Bengaluru,South,P003,Smart Watch,Electronics,Wearables,2,"?3,299.00",5%,"?6,268.10","?4,200.00","?2,068.10",UPI,Delivered,Website,5.0
ORD103751,25-Jan-2026,CUST1058,Manish Agarwal,Female,33,Ranchi,East,P028,Data Analytics Book,Books,Technology,1,"?1,099.00",10%,?989.10,?520.00,?469.10,Wallet,Delivered,Mobile App,4.0
ORD102876,25-Jan-2026,CUST0846,Aditya Kapoor,Male,29,Jaipur,North,P022,Sunscreen SPF 50,Beauty,Skincare,1,?799.00,20%,?639.20,?360.00,?279.20,Debit Card,Delivered,Website,5.0
ORD101788,25-Jan-2026,CUST1624,Ishaan Malhotra,Male,23,Ahmedabad,West,P021,Face Wash,Beauty,Skincare,2,?499.00,10%,?898.20,?440.00,?458.20,Credit Card,Delivered,Mobile App,5.0
ORD102906,25-Jan-2026,CUST0464,Mohit Sharma,Male,31,Delhi,North,P030,Self Help Book,Books,Self Development,1,?599.00,10%,?539.10,?260.00,?279.10,Credit Card,Delivered,Mobile App,5.0
ORD101382,25-Jan-2026,CUST1560,Ishaan Malhotra,Female,27,Ahmedabad,West,P024,Perfume,Beauty,Fragrance,2,"?1,799.00",5%,"?3,418.10","?1,800.00","?1,618.10",Cash on Delivery,Delivered,Mobile App,4.0
ORD104506,25-Jan-2026,CUST1151,Shivam Mehta,Female,18,Surat,West,P011,Coffee Maker,Home & Kitchen,Kitchen,1,"?3,499.00",0%,"?3,499.00","?2,250.00","?1,249.00",Cash on Delivery,Delivered,Website,4.0
ORD104007,25-Jan-2026,CUST1773,Tanvi Patel,Female,31,Chandigarh,North,P026,Novel Collection,Books,Fiction,1,?899.00,15%,?764.15,?420.00,?344.15,Credit Card,Delivered,Mobile App,5.0
ORD102710,25-Jan-2026,CUST0046,Aditya Kapoor,Male,26,Chennai,South,P019,Badminton Racket,Sports & Fitness,Sports,2,"?1,499.00",10%,"?2,698.20","?1,600.00","?1,098.20",UPI,Delivered,Mobile App,4.0
ORD103848,25-Jan-2026,CUST2088,Sanya Malhotra,Male,33,Jaipur,North,P019,Badminton Racket,Sports & Fitness,Sports,3,"?1,499.00",5%,"?4,272.15","?2,400.00","?1,872.15",Credit Card,Delivered,Website,4.0
ORD100525,25-Jan-2026,CUST0594,Yash Agarwal,Male,24,Chennai,South,P018,Cricket Bat,Sports & Fitness,Sports,1,"?2,199.00",10%,"?1,979.10","?1,250.00",?729.10,UPI,Delivered,Mobile App,3.0
ORD104455,26-Jan-2026,CUST0557,Tanvi Patel,Male,35,Kolkata,East,P009,Denim Jeans,Fashion,Clothing,4,"?1,999.00",0%,"?7,996.00","?4,200.00","?3,796.00",Net Banking,Delivered,Website,5.0
ORD103150,26-Jan-2026,CUST0832,Aarav Sharma,Male,28,Bhubaneswar,East,P007,Running Shoes,Fashion,Footwear,1,"?2,899.00",15%,"?2,464.15","?1,700.00",?764.15,Cash on Delivery,Delivered,Mobile App,4.0
ORD103013,26-Jan-2026,CUST1806,Aditya Kapoor,Female,35,Guwahati,East,P029,Programming Book,Books,Technology,2,"?1,299.00",20%,"?2,078.40","?1,220.00",?858.40,UPI,Returned,Mobile App,5.0
ORD102160,26-Jan-2026,CUST0276,Karan Jain,Male,46,Hyderabad,South,P028,Data Analytics Book,Books,Technology,3,"?1,099.00",15%,"?2,802.45","?1,560.00","?1,242.45",Debit Card,Delivered,Mobile App,4.0
ORD101898,26-Jan-2026,CUST1196,Rahul Kumar,Male,53,Bhubaneswar,East,P014,Table Lamp,Home & Kitchen,Home Decor,3,"?1,299.00",15%,"?3,312.45","?2,070.00","?1,242.45",UPI,Delivered,Website,5.0
ORD101068,26-Jan-2026,CUST0620,Rahul Kumar,Female,36,Amritsar,North,P025,Moisturizer,Beauty,Skincare,1,?699.00,15%,?594.15,?310.00,?284.15,Debit Card,Delivered,Mobile App,3.0
ORD102802,26-Jan-2026,CUST0751,Isha Mehta,Female,52,Bokaro,East,P025,Moisturizer,Beauty,Skincare,2,?699.00,5%,"?1,328.10",?620.00,?708.10,UPI,Delivered,Website,3.0
ORD100914,26-Jan-2026,CUST2143,Shivam Mehta,Female,32,Amritsar,North,P021,Face Wash,Beauty,Skincare,1,?499.00,20%,?399.20,?220.00,?179.20,Cash on Delivery,Delivered,Website,5.0
ORD100784,26-Jan-2026,CUST2062,Aditya Kapoor,Male,25,Kolkata,East,P021,Face Wash,Beauty,Skincare,1,?499.00,15%,?424.15,?220.00,?204.15,UPI,Delivered,Website,4.0
ORD101778,27-Jan-2026,CUST0395,Kiara Chopra,Male,26,Ranchi,East,P028,Data Analytics Book,Books,Technology,2,"?1,099.00",5%,"?2,088.10","?1,040.00","?1,048.10",Credit Card,Delivered,Website,2.0
ORD100085,27-Jan-2026,CUST1058,Manish Agarwal,Female,24,Coimbatore,South,P002,Bluetooth Speaker,Electronics,Audio,2,"?1,899.00",0%,"?3,798.00","?2,240.00","?1,558.00",Credit Card,Delivered,Mobile App,4.0
ORD103529,27-Jan-2026,CUST0059,Vansh Chopra,Female,19,Mumbai,West,P007,Running Shoes,Fashion,Footwear,1,"?2,899.00",10%,"?2,609.10","?1,700.00",?909.10,UPI,Delivered,Mobile App,2.0
ORD104929,27-Jan-2026,CUST1994,Arjun Rao,Male,42,Surat,West,P001,Wireless Headphones,Electronics,Audio,1,"?2,499.00",5%,"?2,374.05","?1,550.00",?824.05,Cash on Delivery,Cancelled,Website,
ORD100722,27-Jan-2026,CUST1538,Manish Agarwal,Male,18,Chandigarh,North,P025,Moisturizer,Beauty,Skincare,1,?699.00,5%,?664.05,?310.00,?354.05,Credit Card,Delivered,Mobile App,4.0
ORD103161,27-Jan-2026,CUST1508,Varun Jain,Male,26,Guwahati,East,P004,USB-C Charger,Electronics,Accessories,3,?899.00,20%,"?2,157.60","?1,440.00",?717.60,UPI,Delivered,Mobile App,5.0
ORD101342,27-Jan-2026,CUST1606,Kabir Gupta,Female,44,Guwahati,East,P021,Face Wash,Beauty,Skincare,3,?499.00,20%,"?1,197.60",?660.00,?537.60,Wallet,Delivered,Mobile App,5.0
ORD102493,27-Jan-2026,CUST2126,Aditya Kapoor,Female,47,Nashik,West,P022,Sunscreen SPF 50,Beauty,Skincare,4,?799.00,20%,"?2,556.80","?1,440.00","?1,116.80",UPI,Cancelled,Website,
ORD100223,27-Jan-2026,CUST0139,Kiara Chopra,Male,21,Guwahati,East,P019,Badminton Racket,Sports & Fitness,Sports,1,"?1,499.00",10%,"?1,349.10",?800.00,?549.10,Cash on Delivery,Delivered,Mobile App,4.0
ORD101862,28-Jan-2026,CUST1566,Pooja Kapoor,Female,32,Dehradun,North,P026,Novel Collection,Books,Fiction,2,?899.00,0%,"?1,798.00",?840.00,?958.00,Credit Card,Delivered,Website,4.0
ORD100105,28-Jan-2026,CUST2017,Diya Mishra,Female,31,Coimbatore,South,P001,Wireless Headphones,Electronics,Audio,3,"?2,499.00",0%,"?7,497.00","?4,650.00","?2,847.00",Credit Card,Delivered,Mobile App,4.0
ORD103731,28-Jan-2026,CUST0925,Kavya Patel,Female,39,Hyderabad,South,P025,Moisturizer,Beauty,Skincare,5,?699.00,5%,"?3,320.25","?1,550.00","?1,770.25",Credit Card,Delivered,Website,5.0
ORD102005,28-Jan-2026,CUST0108,Rahul Kumar,Male,36,Lucknow,North,P013,Non-Stick Cookware Set,Home & Kitchen,Cookware,1,"?4,299.00",20%,"?3,439.20","?2,700.00",?739.20,UPI,Delivered,Mobile App,5.0
ORD102834,28-Jan-2026,CUST1001,Zoya Singh,Male,29,Guwahati,East,P011,Coffee Maker,Home & Kitchen,Kitchen,1,"?3,499.00",5%,"?3,324.05","?2,250.00","?1,074.05",Credit Card,Delivered,Mobile App,4.0
ORD104091,28-Jan-2026,CUST0478,Pooja Kapoor,Male,27,Lucknow,North,P021,Face Wash,Beauty,Skincare,2,?499.00,5%,?948.10,?440.00,?508.10,Credit Card,Delivered,Mobile App,3.0
ORD100277,28-Jan-2026,CUST2105,Meera Singh,Male,36,Chandigarh,North,P028,Data Analytics Book,Books,Technology,1,"?1,099.00",5%,"?1,044.05",?520.00,?524.05,Debit Card,Delivered,Mobile App,4.0
ORD102279,28-Jan-2026,CUST0834,Manish Agarwal,Male,24,Jaipur,North,P015,Bedsheet Set,Home & Kitchen,Home Decor,1,"?1,599.00",20%,"?1,279.20",?850.00,?429.20,UPI,Delivered,Website,3.0
ORD100442,28-Jan-2026,CUST0246,Simran Gupta,Female,33,Chandigarh,North,P005,Power Bank 20000mAh,Electronics,Accessories,1,"?1,599.00",15%,"?1,359.15",?920.00,?439.15,UPI,Delivered,Website,5.0
ORD100320,28-Jan-2026,CUST1069,Tanvi Patel,Female,37,Chennai,South,P030,Self Help Book,Books,Self Development,1,?599.00,10%,?539.10,?260.00,?279.10,UPI,Delivered,Website,5.0
ORD102849,29-Jan-2026,CUST0824,Ishaan Malhotra,Male,28,Surat,West,P023,Shampoo,Beauty,Haircare,1,?649.00,0%,?649.00,?290.00,?359.00,UPI,Cancelled,Mobile App,
ORD100388,29-Jan-2026,CUST1006,Aditya Kapoor,Female,27,Pune,West,P016,Yoga Mat,Sports & Fitness,Fitness,1,?999.00,5%,?949.05,?520.00,?429.05,Credit Card,Delivered,Mobile App,4.0
ORD101221,29-Jan-2026,CUST1110,Simran Gupta,Male,29,Bhubaneswar,East,P009,Denim Jeans,Fashion,Clothing,1,"?1,999.00",0%,"?1,999.00","?1,050.00",?949.00,Credit Card,Delivered,Website,5.0
ORD100681,29-Jan-2026,CUST0874,Arjun Rao,Female,28,Chandigarh,North,P021,Face Wash,Beauty,Skincare,1,?499.00,20%,?399.20,?220.00,?179.20,Credit Card,Delivered,Mobile App,4.0
ORD102569,30-Jan-2026,CUST2144,Aarav Sharma,Male,24,Bhubaneswar,East,P005,Power Bank 20000mAh,Electronics,Accessories,2,"?1,599.00",25%,"?2,398.50","?1,840.00",?558.50,Credit Card,Delivered,Website,4.0
ORD101182,30-Jan-2026,CUST1044,Karan Jain,Female,41,Mysuru,South,P005,Power Bank 20000mAh,Electronics,Accessories,1,"?1,599.00",15%,"?1,359.15",?920.00,?439.15,UPI,Delivered,Website,4.0
ORD102491,30-Jan-2026,CUST1939,Anjali Verma,Female,33,Ahmedabad,West,P009,Denim Jeans,Fashion,Clothing,1,"?1,999.00",10%,"?1,799.10","?1,050.00",?749.10,Debit Card,Delivered,Mobile App,4.0
ORD101328,30-Jan-2026,CUST1855,Shivam Mehta,Female,23,Kochi,South,P007,Running Shoes,Fashion,Footwear,1,"?2,899.00",15%,"?2,464.15","?1,700.00",?764.15,Credit Card,Delivered,Website,4.0
ORD103501,30-Jan-2026,CUST0988,Ananya Kumar,Male,18,Delhi,North,P019,Badminton Racket,Sports & Fitness,Sports,2,"?1,499.00",10%,"?2,698.20","?1,600.00","?1,098.20",Cash on Delivery,Delivered,Website,4.0
ORD102236,30-Jan-2026,CUST1208,Ishaan Malhotra,Female,34,Kolkata,East,P023,Shampoo,Beauty,Haircare,1,?649.00,0%,?649.00,?290.00,?359.00,Net Banking,Delivered,Website,3.0
ORD101848,30-Jan-2026,CUST1781,Pranav Bansal,Male,27,Guwahati,East,P016,Yoga Mat,Sports & Fitness,Fitness,2,?999.00,15%,"?1,698.30","?1,040.00",?658.30,Net Banking,Delivered,Mobile App,5.0
ORD101461,30-Jan-2026,CUST0444,Ananya Kumar,Male,31,Bengaluru,South,P010,Casual Hoodie,Fashion,Clothing,3,"?1,499.00",25%,"?3,372.75","?2,340.00","?1,032.75",UPI,Delivered,Website,3.0
ORD104316,31-Jan-2026,CUST1878,Simran Gupta,Male,33,Jaipur,North,P022,Sunscreen SPF 50,Beauty,Skincare,1,?799.00,5%,?759.05,?360.00,?399.05,Cash on Delivery,Delivered,Mobile App,3.0
ORD100950,31-Jan-2026,CUST0448,Aarav Sharma,Male,37,Delhi,North,P025,Moisturizer,Beauty,Skincare,1,?699.00,15%,?594.15,?310.00,?284.15,UPI,Returned,Mobile App,5.0
ORD100405,31-Jan-2026,CUST1502,Pooja Kapoor,Female,22,Chennai,South,P001,Wireless Headphones,Electronics,Audio,2,"?2,499.00",10%,"?4,498.20","?3,100.00","?1,398.20",Debit Card,Delivered,Website,5.0
ORD103506,31-Jan-2026,CUST1759,Shivam Mehta,Male,23,Bhubaneswar,East,P015,Bedsheet Set,Home & Kitchen,Home Decor,1,"?1,599.00",5%,"?1,519.05",?850.00,?669.05,Credit Card,Returned,Mobile App,5.0
ORD100417,31-Jan-2026,CUST2014,Pooja Kapoor,Female,37,Surat,West,P004,USB-C Charger,Electronics,Accessories,1,?899.00,0%,?899.00,?480.00,?419.00,UPI,Delivered,Mobile App,5.0
ORD104569,31-Jan-2026,CUST0414,Pooja Kapoor,Male,39,Dehradun,North,P006,Laptop Backpack,Fashion,Bags,1,"?1,799.00",15%,"?1,529.15",?950.00,?579.15,UPI,Delivered,Website,3.0
ORD100825,31-Jan-2026,CUST1541,Akash Bansal,Male,24,Bengaluru,South,P017,Dumbbell Set,Sports & Fitness,Fitness,1,"?2,499.00",5%,"?2,374.05","?1,450.00",?924.05,Debit Card,Delivered,Mobile App,5.0
ORD101857,01-Feb-2026,CUST1397,Pranav Bansal,Male,33,Amritsar,North,P016,Yoga Mat,Sports & Fitness,Fitness,2,?999.00,10%,"?1,798.20","?1,040.00",?758.20,Credit Card,Delivered,Mobile App,3.0
ORD101094,01-Feb-2026,CUST0623,Isha Mehta,Female,34,Nagpur,West,P022,Sunscreen SPF 50,Beauty,Skincare,1,?799.00,5%,?759.05,?360.00,?399.05,Credit Card,Cancelled,Website,
ORD101951,01-Feb-2026,CUST0934,Kabir Gupta,Male,28,Kolkata,East,P028,Data Analytics Book,Books,Technology,1,"?1,099.00",15%,?934.15,?520.00,?414.15,UPI,Delivered,Website,3.0
ORD100402,01-Feb-2026,CUST1759,Shivam Mehta,Female,30,Dehradun,North,P021,Face Wash,Beauty,Skincare,1,?499.00,15%,?424.15,?220.00,?204.15,Debit Card,Delivered,Website,4.0
ORD100371,01-Feb-2026,CUST1229,Tanvi Patel,Female,32,Amritsar,North,P016,Yoga Mat,Sports & Fitness,Fitness,2,?999.00,5%,"?1,898.10","?1,040.00",?858.10,Credit Card,Delivered,Website,5.0
ORD102396,01-Feb-2026,CUST1429,Pranav Bansal,Female,34,Guwahati,East,P022,Sunscreen SPF 50,Beauty,Skincare,3,?799.00,15%,"?2,037.45","?1,080.00",?957.45,Debit Card,Returned,Mobile App,4.0
ORD101555,01-Feb-2026,CUST0522,Arjun Rao,Male,24,Bengaluru,South,P010,Casual Hoodie,Fashion,Clothing,2,"?1,499.00",30%,"?2,098.60","?1,560.00",?538.60,UPI,Delivered,Mobile App,3.0
ORD102747,01-Feb-2026,CUST0559,Isha Mehta,Female,21,Pune,West,P007,Running Shoes,Fashion,Footwear,2,"?2,899.00",5%,"?5,508.10","?3,400.00","?2,108.10",Net Banking,Delivered,Mobile App,5.0
ORD101279,01-Feb-2026,CUST1550,Aditya Kapoor,Male,18,Kochi,South,P004,USB-C Charger,Electronics,Accessories,1,?899.00,5%,?854.05,?480.00,?374.05,Debit Card,Delivered,Mobile App,5.0
ORD102306,02-Feb-2026,CUST1549,Tanvi Patel,Male,29,Surat,West,P003,Smart Watch,Electronics,Wearables,1,"?3,299.00",0%,"?3,299.00","?2,100.00","?1,199.00",Debit Card,Delivered,Mobile App,4.0
ORD100104,02-Feb-2026,CUST1032,Sanya Malhotra,Male,26,Mysuru,South,P009,Denim Jeans,Fashion,Clothing,3,"?1,999.00",10%,"?5,397.30","?3,150.00","?2,247.30",UPI,Delivered,Website,4.0
ORD104036,02-Feb-2026,CUST2010,Rohan Rao,Female,27,Lucknow,North,P015,Bedsheet Set,Home & Kitchen,Home Decor,1,"?1,599.00",20%,"?1,279.20",?850.00,?429.20,UPI,Delivered,Mobile App,5.0
ORD102781,02-Feb-2026,CUST1920,Aarav Sharma,Male,26,Bhubaneswar,East,P025,Moisturizer,Beauty,Skincare,1,?699.00,20%,?559.20,?310.00,?249.20,UPI,Delivered,Mobile App,4.0
ORD100220,02-Feb-2026,CUST1289,Zoya Singh,Female,37,Patna,East,P024,Perfume,Beauty,Fragrance,1,"?1,799.00",20%,"?1,439.20",?900.00,?539.20,Cash on Delivery,Delivered,Mobile App,2.0
ORD100427,02-Feb-2026,CUST0172,Rahul Kumar,Male,31,Jaipur,North,P021,Face Wash,Beauty,Skincare,2,?499.00,15%,?848.30,?440.00,?408.30,Net Banking,Delivered,Mobile App,4.0
ORD103725,03-Feb-2026,CUST1590,Simran Gupta,Male,32,Surat,West,P030,Self Help Book,Books,Self Development,1,?599.00,25%,?449.25,?260.00,?189.25,Wallet,Delivered,Mobile App,5.0
ORD104016,03-Feb-2026,CUST0494,Aditya Kapoor,Male,50,Guwahati,East,P028,Data Analytics Book,Books,Technology,1,"?1,099.00",10%,?989.10,?520.00,?469.10,Wallet,Delivered,Website,5.0
ORD102982,03-Feb-2026,CUST2018,Manish Agarwal,Male,42,Mysuru,South,P017,Dumbbell Set,Sports & Fitness,Fitness,1,"?2,499.00",10%,"?2,249.10","?1,450.00",?799.10,Cash on Delivery,Delivered,Website,5.0
ORD102114,03-Feb-2026,CUST1291,Kiara Chopra,Male,34,Chandigarh,North,P017,Dumbbell Set,Sports & Fitness,Fitness,1,"?2,499.00",10%,"?2,249.10","?1,450.00",?799.10,UPI,Delivered,Website,5.0
ORD101896,03-Feb-2026,CUST0403,Anjali Verma,Male,35,Bokaro,East,P027,Business Strategy Book,Books,Business,2,?699.00,20%,"?1,118.40",?600.00,?518.40,Net Banking,Delivered,Mobile App,4.0
ORD101130,03-Feb-2026,CUST0858,Rohan Rao,Female,23,Bhubaneswar,East,P011,Coffee Maker,Home & Kitchen,Kitchen,1,"?3,499.00",0%,"?3,499.00","?2,250.00","?1,249.00",Credit Card,Delivered,Website,5.0
ORD101594,03-Feb-2026,CUST1215,Shivam Mehta,Male,43,Guwahati,East,P018,Cricket Bat,Sports & Fitness,Sports,1,"?2,199.00",15%,"?1,869.15","?1,250.00",?619.15,Credit Card,Delivered,Website,1.0
ORD102584,03-Feb-2026,CUST1357,Tanvi Patel,Male,26,Amritsar,North,P008,Cotton T-Shirt,Fashion,Clothing,2,?799.00,15%,"?1,358.30",?780.00,?578.30,Wallet,Delivered,Mobile App,5.0
ORD102072,03-Feb-2026,CUST0895,Shivam Mehta,Male,42,Dehradun,North,P013,Non-Stick Cookware Set,Home & Kitchen,Cookware,1,"?4,299.00",0%,"?4,299.00","?2,700.00","?1,599.00",UPI,Delivered,Mobile App,5.0
ORD101758,03-Feb-2026,CUST1415,Nisha Saxena,Male,28,Ahmedabad,West,P021,Face Wash,Beauty,Skincare,1,?499.00,5%,?474.05,?220.00,?254.05,Credit Card,Delivered,Mobile App,4.0
ORD100290,04-Feb-2026,CUST0683,Kiara Chopra,Female,26,Ranchi,East,P028,Data Analytics Book,Books,Technology,2,"?1,099.00",20%,"?1,758.40","?1,040.00",?718.40,Credit Card,Delivered,Website,1.0
ORD101707,04-Feb-2026,CUST2124,Rahul Kumar,Male,19,Surat,West,P016,Yoga Mat,Sports & Fitness,Fitness,1,?999.00,20%,?799.20,?520.00,?279.20,Net Banking,Cancelled,Website,
ORD102104,04-Feb-2026,CUST1518,Aditya Kapoor,Male,35,Kolkata,East,P003,Smart Watch,Electronics,Wearables,2,"?3,299.00",5%,"?6,268.10","?4,200.00","?2,068.10",Debit Card,Delivered,Mobile App,4.0
ORD103486,04-Feb-2026,CUST1741,Tanvi Patel,Male,46,Pune,West,P025,Moisturizer,Beauty,Skincare,1,?699.00,15%,?594.15,?310.00,?284.15,Debit Card,Delivered,Mobile App,4.0
ORD103556,04-Feb-2026,CUST1841,Sakshi Mishra,Male,27,Amritsar,North,P002,Bluetooth Speaker,Electronics,Audio,3,"?1,899.00",10%,"?5,127.30","?3,360.00","?1,767.30",UPI,Delivered,Mobile App,4.0
ORD104161,04-Feb-2026,CUST0397,Tanvi Patel,Female,30,Delhi,North,P030,Self Help Book,Books,Self Development,1,?599.00,15%,?509.15,?260.00,?249.15,Debit Card,Delivered,Website,5.0
ORD102077,04-Feb-2026,CUST0935,Nisha Saxena,Female,35,Jaipur,North,P001,Wireless Headphones,Electronics,Audio,2,"?2,499.00",10%,"?4,498.20","?3,100.00","?1,398.20",UPI,Returned,Website,3.0
ORD101812,04-Feb-2026,CUST0217,Meera Singh,Male,21,Patna,East,P019,Badminton Racket,Sports & Fitness,Sports,1,"?1,499.00",20%,"?1,199.20",?800.00,?399.20,UPI,Delivered,Mobile App,4.0
ORD104312,04-Feb-2026,CUST0210,Yash Agarwal,Female,35,Chandigarh,North,P019,Badminton Racket,Sports & Fitness,Sports,1,"?1,499.00",20%,"?1,199.20",?800.00,?399.20,Wallet,Delivered,Mobile App,1.0
ORD100576,05-Feb-2026,CUST1596,Ananya Kumar,Female,21,Bokaro,East,P004,USB-C Charger,Electronics,Accessories,1,?899.00,5%,?854.05,?480.00,?374.05,Credit Card,Delivered,Mobile App,5.0
ORD101345,05-Feb-2026,CUST1446,Kabir Gupta,Female,22,Mumbai,West,P029,Programming Book,Books,Technology,4,"?1,299.00",5%,"?4,936.20","?2,440.00","?2,496.20",Net Banking,Delivered,Mobile App,4.0
ORD103353,05-Feb-2026,CUST0344,Ishaan Malhotra,Male,22,Ranchi,East,P029,Programming Book,Books,Technology,1,"?1,299.00",15%,"?1,104.15",?610.00,?494.15,Credit Card,Delivered,Website,5.0
ORD101065,05-Feb-2026,CUST0706,Manish Agarwal,Female,40,Lucknow,North,P001,Wireless Headphones,Electronics,Audio,1,"?2,499.00",10%,"?2,249.10","?1,550.00",?699.10,UPI,Delivered,Mobile App,5.0
ORD102068,05-Feb-2026,CUST1255,Nisha Saxena,Male,32,Bhubaneswar,East,P009,Denim Jeans,Fashion,Clothing,1,"?1,999.00",10%,"?1,799.10","?1,050.00",?749.10,UPI,Delivered,Mobile App,5.0
ORD104709,05-Feb-2026,CUST2136,Ishaan Malhotra,Female,22,Coimbatore,South,P002,Bluetooth Speaker,Electronics,Audio,1,"?1,899.00",10%,"?1,709.10","?1,120.00",?589.10,Cash on Delivery,Delivered,Mobile App,5.0
ORD104321,05-Feb-2026,CUST0268,Rahul Kumar,Female,44,Lucknow,North,P026,Novel Collection,Books,Fiction,2,?899.00,20%,"?1,438.40",?840.00,?598.40,Credit Card,Delivered,Mobile App,1.0
ORD104079,05-Feb-2026,CUST2094,Aditya Kapoor,Male,32,Dehradun,North,P012,Air Fryer,Home & Kitchen,Kitchen,5,"?5,999.00",20%,"?23,996.00","?19,500.00","?4,496.00",UPI,Returned,Mobile App,4.0
ORD103485,05-Feb-2026,CUST1687,Aditi Saxena,Male,39,Kolkata,East,P011,Coffee Maker,Home & Kitchen,Kitchen,2,"?3,499.00",0%,"?6,998.00","?4,500.00","?2,498.00",UPI,Delivered,Mobile App,5.0
ORD100994,05-Feb-2026,CUST0546,Manish Agarwal,Male,21,Bokaro,East,P025,Moisturizer,Beauty,Skincare,2,?699.00,5%,"?1,328.10",?620.00,?708.10,Wallet,Delivered,Mobile App,5.0
ORD100166,05-Feb-2026,CUST0059,Vansh Chopra,Female,35,Chandigarh,North,P025,Moisturizer,Beauty,Skincare,2,?699.00,10%,"?1,258.20",?620.00,?638.20,Credit Card,Delivered,Website,4.0
ORD103133,05-Feb-2026,CUST1598,Pooja Kapoor,Female,29,Kochi,South,P022,Sunscreen SPF 50,Beauty,Skincare,1,?799.00,15%,?679.15,?360.00,?319.15,Wallet,Delivered,Mobile App,4.0
ORD100226,05-Feb-2026,CUST1556,Karan Jain,Male,30,Bengaluru,South,P019,Badminton Racket,Sports & Fitness,Sports,2,"?1,499.00",5%,"?2,848.10","?1,600.00","?1,248.10",Cash on Delivery,Delivered,Mobile App,1.0
ORD102966,05-Feb-2026,CUST1548,Rahul Kumar,Male,25,Amritsar,North,P027,Business Strategy Book,Books,Business,1,?699.00,10%,?629.10,?300.00,?329.10,UPI,Delivered,Website,5.0
ORD100600,05-Feb-2026,CUST0293,Akash Bansal,Female,35,Hyderabad,South,P013,Non-Stick Cookware Set,Home & Kitchen,Cookware,2,"?4,299.00",15%,"?7,308.30","?5,400.00","?1,908.30",Debit Card,Delivered,Website,4.0
ORD102278,05-Feb-2026,CUST1409,Diya Mishra,Male,18,Nashik,West,P017,Dumbbell Set,Sports & Fitness,Fitness,3,"?2,499.00",5%,"?7,122.15","?4,350.00","?2,772.15",Wallet,Cancelled,Mobile App,
ORD101257,05-Feb-2026,CUST2061,Tanvi Patel,Male,18,Nashik,West,P020,Resistance Bands,Sports & Fitness,Fitness,1,?699.00,10%,?629.10,?320.00,?309.10,Credit Card,Delivered,Website,3.0
ORD102721,05-Feb-2026,CUST1489,Sakshi Mishra,Female,26,Ranchi,East,P022,Sunscreen SPF 50,Beauty,Skincare,2,?799.00,10%,"?1,438.20",?720.00,?718.20,UPI,Delivered,Mobile App,5.0
ORD101934,06-Feb-2026,CUST2197,Pranav Bansal,Male,33,Guwahati,East,P007,Running Shoes,Fashion,Footwear,1,"?2,899.00",15%,"?2,464.15","?1,700.00",?764.15,Wallet,Delivered,Website,5.0
ORD100496,06-Feb-2026,CUST1167,Isha Mehta,Female,30,Kochi,South,P023,Shampoo,Beauty,Haircare,1,?649.00,5%,?616.55,?290.00,?326.55,Credit Card,Delivered,Mobile App,5.0
ORD104744,06-Feb-2026,CUST1464,Ishaan Malhotra,Male,18,Nagpur,West,P007,Running Shoes,Fashion,Footwear,3,"?2,899.00",0%,"?8,697.00","?5,100.00","?3,597.00",Net Banking,Delivered,Website,3.0
ORD101076,06-Feb-2026,CUST2199,Aditi Saxena,Male,21,Bengaluru,South,P025,Moisturizer,Beauty,Skincare,1,?699.00,0%,?699.00,?310.00,?389.00,Net Banking,Delivered,Mobile App,4.0
ORD100059,06-Feb-2026,CUST0093,Kavya Patel,Male,50,Bokaro,East,P007,Running Shoes,Fashion,Footwear,2,"?2,899.00",5%,"?5,508.10","?3,400.00","?2,108.10",UPI,Delivered,Website,4.0
ORD100771,06-Feb-2026,CUST1280,Aarav Sharma,Female,43,Hyderabad,South,P007,Running Shoes,Fashion,Footwear,2,"?2,899.00",5%,"?5,508.10","?3,400.00","?2,108.10",UPI,Delivered,Mobile App,5.0
ORD100157,07-Feb-2026,CUST1341,Kavya Patel,Male,33,Ahmedabad,West,P013,Non-Stick Cookware Set,Home & Kitchen,Cookware,2,"?4,299.00",15%,"?7,308.30","?5,400.00","?1,908.30",Net Banking,Delivered,Mobile App,4.0
ORD103154,07-Feb-2026,CUST1284,Varun Jain,Male,24,Mysuru,South,P006,Laptop Backpack,Fashion,Bags,2,"?1,799.00",15%,"?3,058.30","?1,900.00","?1,158.30",UPI,Delivered,Mobile App,2.0
ORD100178,07-Feb-2026,CUST0800,Aarav Sharma,Male,37,Ahmedabad,West,P026,Novel Collection,Books,Fiction,1,?899.00,5%,?854.05,?420.00,?434.05,Debit Card,Delivered,Website,4.0
ORD100622,07-Feb-2026,CUST1998,Aditya Kapoor,Female,40,Pune,West,P004,USB-C Charger,Electronics,Accessories,1,?899.00,15%,?764.15,?480.00,?284.15,Net Banking,Delivered,Mobile App,5.0
ORD102972,07-Feb-2026,CUST1931,Kiara Chopra,Female,22,Kolkata,East,P024,Perfume,Beauty,Fragrance,1,"?1,799.00",5%,"?1,709.05",?900.00,?809.05,Debit Card,Delivered,Website,4.0
ORD102671,07-Feb-2026,CUST1676,Rahul Kumar,Female,51,Bengaluru,South,P012,Air Fryer,Home & Kitchen,Kitchen,2,"?5,999.00",15%,"?10,198.30","?7,800.00","?2,398.30",UPI,Delivered,Mobile App,5.0
ORD103191,07-Feb-2026,CUST2061,Tanvi Patel,Female,24,Ahmedabad,West,P014,Table Lamp,Home & Kitchen,Home Decor,2,"?1,299.00",15%,"?2,208.30","?1,380.00",?828.30,UPI,Returned,Website,2.0
ORD100203,08-Feb-2026,CUST0652,Rahul Kumar,Female,48,Chennai,South,P002,Bluetooth Speaker,Electronics,Audio,3,"?1,899.00",25%,"?4,272.75","?3,360.00",?912.75,Debit Card,Delivered,Website,4.0
ORD102949,08-Feb-2026,CUST0059,Vansh Chopra,Male,35,Bengaluru,South,P009,Denim Jeans,Fashion,Clothing,3,"?1,999.00",5%,"?5,697.15","?3,150.00","?2,547.15",UPI,Delivered,Website,1.0
ORD103157,08-Feb-2026,CUST1797,Akash Bansal,Female,25,Ahmedabad,West,P014,Table Lamp,Home & Kitchen,Home Decor,2,"?1,299.00",15%,"?2,208.30","?1,380.00",?828.30,Cash on Delivery,Delivered,Mobile App,4.0
ORD101412,08-Feb-2026,CUST0613,Akash Bansal,Male,33,Kolkata,East,P009,Denim Jeans,Fashion,Clothing,1,"?1,999.00",10%,"?1,799.10","?1,050.00",?749.10,Credit Card,Delivered,Website,5.0
ORD102960,08-Feb-2026,CUST1639,Nisha Saxena,Male,38,Dehradun,North,P025,Moisturizer,Beauty,Skincare,2,?699.00,15%,"?1,188.30",?620.00,?568.30,Debit Card,Delivered,Mobile App,5.0
ORD103613,08-Feb-2026,CUST0855,Aditi Saxena,Male,44,Kolkata,East,P006,Laptop Backpack,Fashion,Bags,3,"?1,799.00",15%,"?4,587.45","?2,850.00","?1,737.45",Credit Card,Delivered,Website,5.0
ORD102386,08-Feb-2026,CUST0396,Rahul Kumar,Male,34,Bokaro,East,P003,Smart Watch,Electronics,Wearables,2,"?3,299.00",10%,"?5,938.20","?4,200.00","?1,738.20",Credit Card,Delivered,Website,4.0
ORD104518,09-Feb-2026,CUST0801,Diya Mishra,Male,42,Guwahati,East,P002,Bluetooth Speaker,Electronics,Audio,4,"?1,899.00",10%,"?6,836.40","?4,480.00","?2,356.40",Credit Card,Delivered,Mobile App,1.0
ORD103980,09-Feb-2026,CUST1140,Karan Jain,Female,19,Guwahati,East,P024,Perfume,Beauty,Fragrance,1,"?1,799.00",5%,"?1,709.05",?900.00,?809.05,Debit Card,Delivered,Mobile App,4.0
ORD102978,09-Feb-2026,CUST1247,Shivam Mehta,Female,33,Delhi,North,P016,Yoga Mat,Sports & Fitness,Fitness,1,?999.00,15%,?849.15,?520.00,?329.15,Net Banking,Cancelled,Website,
ORD100547,09-Feb-2026,CUST1398,Simran Gupta,Male,38,Guwahati,East,P010,Casual Hoodie,Fashion,Clothing,2,"?1,499.00",25%,"?2,248.50","?1,560.00",?688.50,Debit Card,Delivered,Website,5.0
ORD100626,09-Feb-2026,CUST0535,Aditi Saxena,Male,26,Nashik,West,P008,Cotton T-Shirt,Fashion,Clothing,2,?799.00,15%,"?1,358.30",?780.00,?578.30,Credit Card,Delivered,Website,5.0
ORD104125,09-Feb-2026,CUST0340,Karan Jain,Male,36,Delhi,North,P010,Casual Hoodie,Fashion,Clothing,3,"?1,499.00",5%,"?4,272.15","?2,340.00","?1,932.15",UPI,Delivered,Mobile App,5.0
ORD103532,09-Feb-2026,CUST2160,Mohit Sharma,Male,18,Pune,West,P017,Dumbbell Set,Sports & Fitness,Fitness,1,"?2,499.00",15%,"?2,124.15","?1,450.00",?674.15,Credit Card,Delivered,Website,1.0
ORD101999,09-Feb-2026,CUST0830,Pooja Kapoor,Male,20,Bokaro,East,P023,Shampoo,Beauty,Haircare,2,?649.00,15%,"?1,103.30",?580.00,?523.30,Credit Card,Delivered,Mobile App,5.0
ORD102027,09-Feb-2026,CUST0080,Mohit Sharma,Male,46,Pune,West,P021,Face Wash,Beauty,Skincare,1,?499.00,25%,?374.25,?220.00,?154.25,Debit Card,Delivered,Mobile App,3.0
ORD101759,09-Feb-2026,CUST0628,Karan Jain,Female,30,Bhubaneswar,East,P022,Sunscreen SPF 50,Beauty,Skincare,5,?799.00,25%,"?2,996.25","?1,800.00","?1,196.25",UPI,Delivered,Mobile App,4.0
ORD100842,09-Feb-2026,CUST1630,Pooja Kapoor,Female,33,Bhubaneswar,East,P012,Air Fryer,Home & Kitchen,Kitchen,3,"?5,999.00",0%,"?17,997.00","?11,700.00","?6,297.00",Wallet,Delivered,Mobile App,4.0
ORD101833,09-Feb-2026,CUST1225,Zoya Singh,Female,38,Amritsar,North,P015,Bedsheet Set,Home & Kitchen,Home Decor,1,"?1,599.00",15%,"?1,359.15",?850.00,?509.15,UPI,Delivered,Website,4.0
ORD102049,10-Feb-2026,CUST0852,Karan Jain,Female,39,Nagpur,West,P010,Casual Hoodie,Fashion,Clothing,1,"?1,499.00",15%,"?1,274.15",?780.00,?494.15,Debit Card,Delivered,Mobile App,5.0
ORD101739,10-Feb-2026,CUST0892,Ananya Kumar,Female,31,Bhubaneswar,East,P001,Wireless Headphones,Electronics,Audio,2,"?2,499.00",0%,"?4,998.00","?3,100.00","?1,898.00",Credit Card,Delivered,Website,5.0
ORD102351,10-Feb-2026,CUST0946,Yash Agarwal,Female,43,Coimbatore,South,P006,Laptop Backpack,Fashion,Bags,1,"?1,799.00",5%,"?1,709.05",?950.00,?759.05,Net Banking,Delivered,Website,5.0
ORD101721,10-Feb-2026,CUST0044,Rahul Kumar,Male,40,Nashik,West,P004,USB-C Charger,Electronics,Accessories,1,?899.00,10%,?809.10,?480.00,?329.10,Debit Card,Delivered,Mobile App,5.0
ORD103767,10-Feb-2026,CUST1220,Varun Jain,Male,30,Dehradun,North,P011,Coffee Maker,Home & Kitchen,Kitchen,1,"?3,499.00",25%,"?2,624.25","?2,250.00",?374.25,Debit Card,Delivered,Mobile App,3.0
ORD102360,10-Feb-2026,CUST2015,Shivam Mehta,Male,29,Bengaluru,South,P015,Bedsheet Set,Home & Kitchen,Home Decor,5,"?1,599.00",5%,"?7,595.25","?4,250.00","?3,345.25",Credit Card,Delivered,Mobile App,5.0
ORD103609,10-Feb-2026,CUST1047,Aditi Saxena,Female,28,Ranchi,East,P011,Coffee Maker,Home & Kitchen,Kitchen,3,"?3,499.00",20%,"?8,397.60","?6,750.00","?1,647.60",Debit Card,Delivered,Mobile App,4.0
ORD103786,10-Feb-2026,CUST0299,Kiara Chopra,Male,31,Coimbatore,South,P015,Bedsheet Set,Home & Kitchen,Home Decor,1,"?1,599.00",0%,"?1,599.00",?850.00,?749.00,Wallet,Delivered,Mobile App,4.0
ORD101011,10-Feb-2026,CUST1111,Aditi Saxena,Female,24,Coimbatore,South,P007,Running Shoes,Fashion,Footwear,1,"?2,899.00",10%,"?2,609.10","?1,700.00",?909.10,UPI,Delivered,Mobile App,5.0
ORD101590,11-Feb-2026,CUST1504,Aarav Sharma,Male,40,Mumbai,West,P008,Cotton T-Shirt,Fashion,Clothing,1,?799.00,10%,?719.10,?390.00,?329.10,UPI,Delivered,Website,5.0
ORD104002,11-Feb-2026,CUST0175,Isha Mehta,Male,29,Chandigarh,North,P006,Laptop Backpack,Fashion,Bags,2,"?1,799.00",25%,"?2,698.50","?1,900.00",?798.50,Debit Card,Delivered,Mobile App,5.0
ORD101968,11-Feb-2026,CUST0592,Mohit Sharma,Female,28,Dehradun,North,P017,Dumbbell Set,Sports & Fitness,Fitness,1,"?2,499.00",10%,"?2,249.10","?1,450.00",?799.10,Debit Card,Delivered,Mobile App,3.0
ORD102583,11-Feb-2026,CUST1518,Aditya Kapoor,Female,36,Chandigarh,North,P010,Casual Hoodie,Fashion,Clothing,1,"?1,499.00",30%,"?1,049.30",?780.00,?269.30,UPI,Delivered,Mobile App,5.0
ORD100112,11-Feb-2026,CUST1117,Kavya Patel,Male,39,Delhi,North,P019,Badminton Racket,Sports & Fitness,Sports,1,"?1,499.00",10%,"?1,349.10",?800.00,?549.10,UPI,Delivered,Mobile App,4.0
ORD100841,11-Feb-2026,CUST0745,Zoya Singh,Male,46,Guwahati,East,P001,Wireless Headphones,Electronics,Audio,2,"?2,499.00",10%,"?4,498.20","?3,100.00","?1,398.20",UPI,Delivered,Mobile App,4.0
ORD100098,11-Feb-2026,CUST0443,Vansh Chopra,Male,37,Chennai,South,P026,Novel Collection,Books,Fiction,1,?899.00,10%,?809.10,?420.00,?389.10,Credit Card,Delivered,Mobile App,2.0
ORD103847,11-Feb-2026,CUST0599,Aditi Saxena,Male,34,Kochi,South,P018,Cricket Bat,Sports & Fitness,Sports,1,"?2,199.00",20%,"?1,759.20","?1,250.00",?509.20,UPI,Delivered,Website,3.0
ORD103065,11-Feb-2026,CUST0850,Yash Agarwal,Male,36,Chennai,South,P007,Running Shoes,Fashion,Footwear,3,"?2,899.00",20%,"?6,957.60","?5,100.00","?1,857.60",Net Banking,Delivered,Mobile App,4.0
ORD101733,11-Feb-2026,CUST1815,Aditi Saxena,Female,38,Ahmedabad,West,P023,Shampoo,Beauty,Haircare,2,?649.00,30%,?908.60,?580.00,?328.60,Cash on Delivery,Delivered,Website,5.0
ORD102285,11-Feb-2026,CUST1743,Isha Mehta,Male,32,Jaipur,North,P004,USB-C Charger,Electronics,Accessories,1,?899.00,10%,?809.10,?480.00,?329.10,Credit Card,Delivered,Mobile App,2.0
ORD101887,12-Feb-2026,CUST0090,Rohan Rao,Female,29,Lucknow,North,P001,Wireless Headphones,Electronics,Audio,1,"?2,499.00",15%,"?2,124.15","?1,550.00",?574.15,UPI,Delivered,Website,5.0
ORD100510,12-Feb-2026,CUST0647,Nisha Saxena,Male,33,Pune,West,P002,Bluetooth Speaker,Electronics,Audio,1,"?1,899.00",15%,"?1,614.15","?1,120.00",?494.15,Debit Card,Delivered,Mobile App,3.0
ORD102097,12-Feb-2026,CUST1213,Kavya Patel,Male,42,Bokaro,East,P025,Moisturizer,Beauty,Skincare,3,?699.00,5%,"?1,992.15",?930.00,"?1,062.15",Cash on Delivery,Delivered,Website,4.0
ORD102453,12-Feb-2026,CUST1685,Pranav Bansal,Female,36,Hyderabad,South,P019,Badminton Racket,Sports & Fitness,Sports,1,"?1,499.00",10%,"?1,349.10",?800.00,?549.10,UPI,Delivered,Website,5.0
ORD102690,12-Feb-2026,CUST1247,Shivam Mehta,Male,31,Amritsar,North,P005,Power Bank 20000mAh,Electronics,Accessories,1,"?1,599.00",0%,"?1,599.00",?920.00,?679.00,Wallet,Delivered,Mobile App,5.0
ORD104591,12-Feb-2026,CUST1725,Kavya Patel,Male,37,Mysuru,South,P013,Non-Stick Cookware Set,Home & Kitchen,Cookware,1,"?4,299.00",5%,"?4,084.05","?2,700.00","?1,384.05",Credit Card,Delivered,Website,2.0
ORD100283,12-Feb-2026,CUST0368,Mohit Sharma,Female,27,Chandigarh,North,P016,Yoga Mat,Sports & Fitness,Fitness,2,?999.00,15%,"?1,698.30","?1,040.00",?658.30,Credit Card,Delivered,Mobile App,5.0
ORD104282,12-Feb-2026,CUST1671,Nisha Saxena,Male,19,Chennai,South,P008,Cotton T-Shirt,Fashion,Clothing,1,?799.00,0%,?799.00,?390.00,?409.00,Net Banking,Cancelled,Mobile App,
ORD103238,13-Feb-2026,CUST1814,Simran Gupta,Female,38,Kolkata,East,P022,Sunscreen SPF 50,Beauty,Skincare,1,?799.00,20%,?639.20,?360.00,?279.20,Credit Card,Cancelled,Mobile App,
ORD103466,13-Feb-2026,CUST1637,Akash Bansal,Male,28,Ahmedabad,West,P029,Programming Book,Books,Technology,4,"?1,299.00",20%,"?4,156.80","?2,440.00","?1,716.80",Credit Card,Delivered,Mobile App,5.0
ORD104340,13-Feb-2026,CUST1801,Zoya Singh,Male,26,Coimbatore,South,P019,Badminton Racket,Sports & Fitness,Sports,1,"?1,499.00",25%,"?1,124.25",?800.00,?324.25,UPI,Delivered,Website,5.0
ORD102790,13-Feb-2026,CUST1537,Diya Mishra,Female,31,Nashik,West,P025,Moisturizer,Beauty,Skincare,1,?699.00,15%,?594.15,?310.00,?284.15,UPI,Delivered,Mobile App,4.0
ORD100483,13-Feb-2026,CUST0317,Kavya Patel,Female,25,Bokaro,East,P006,Laptop Backpack,Fashion,Bags,3,"?1,799.00",20%,"?4,317.60","?2,850.00","?1,467.60",Cash on Delivery,Delivered,Mobile App,3.0
ORD101385,14-Feb-2026,CUST1090,Manish Agarwal,Female,52,Chennai,South,P004,USB-C Charger,Electronics,Accessories,2,?899.00,5%,"?1,708.10",?960.00,?748.10,UPI,Delivered,Website,5.0
ORD104231,14-Feb-2026,CUST0775,Nisha Saxena,Male,36,Chandigarh,North,P005,Power Bank 20000mAh,Electronics,Accessories,4,"?1,599.00",20%,"?5,116.80","?3,680.00","?1,436.80",UPI,Delivered,Mobile App,4.0
ORD104664,14-Feb-2026,CUST0728,Ishaan Malhotra,Male,36,Surat,West,P010,Casual Hoodie,Fashion,Clothing,2,"?1,499.00",5%,"?2,848.10","?1,560.00","?1,288.10",Credit Card,Delivered,Website,5.0
ORD104240,14-Feb-2026,CUST1729,Diya Mishra,Female,26,Ahmedabad,West,P014,Table Lamp,Home & Kitchen,Home Decor,1,"?1,299.00",0%,"?1,299.00",?690.00,?609.00,Debit Card,Cancelled,Mobile App,
ORD100767,14-Feb-2026,CUST1552,Mohit Sharma,Male,29,Guwahati,East,P009,Denim Jeans,Fashion,Clothing,3,"?1,999.00",10%,"?5,397.30","?3,150.00","?2,247.30",Credit Card,Delivered,Website,4.0
ORD100728,14-Feb-2026,CUST1444,Varun Jain,Female,18,Pune,West,P005,Power Bank 20000mAh,Electronics,Accessories,2,"?1,599.00",5%,"?3,038.10","?1,840.00","?1,198.10",Debit Card,Delivered,Mobile App,5.0
ORD100796,15-Feb-2026,CUST1184,Aarav Sharma,Female,37,Surat,West,P023,Shampoo,Beauty,Haircare,2,?649.00,10%,"?1,168.20",?580.00,?588.20,Cash on Delivery,Delivered,Mobile App,3.0
ORD104388,15-Feb-2026,CUST1602,Manish Agarwal,Female,28,Delhi,North,P012,Air Fryer,Home & Kitchen,Kitchen,5,"?5,999.00",5%,"?28,495.25","?19,500.00","?8,995.25",UPI,Delivered,Mobile App,5.0
ORD100136,15-Feb-2026,CUST1549,Tanvi Patel,Female,24,Delhi,North,P001,Wireless Headphones,Electronics,Audio,2,"?2,499.00",15%,"?4,248.30","?3,100.00","?1,148.30",Cash on Delivery,Delivered,Website,5.0
ORD100813,15-Feb-2026,CUST1527,Aditi Saxena,Male,29,Coimbatore,South,P004,USB-C Charger,Electronics,Accessories,1,?899.00,10%,?809.10,?480.00,?329.10,Net Banking,Delivered,Mobile App,5.0
ORD103029,15-Feb-2026,CUST0017,Sakshi Mishra,Male,29,Ahmedabad,West,P019,Badminton Racket,Sports & Fitness,Sports,4,"?1,499.00",20%,"?4,796.80","?3,200.00","?1,596.80",UPI,Delivered,Website,4.0
ORD102826,16-Feb-2026,CUST1105,Sakshi Mishra,Male,25,Bhubaneswar,East,P011,Coffee Maker,Home & Kitchen,Kitchen,2,"?3,499.00",0%,"?6,998.00","?4,500.00","?2,498.00",Credit Card,Delivered,Mobile App,4.0
ORD102858,16-Feb-2026,CUST1735,Nisha Saxena,Female,22,Bhubaneswar,East,P028,Data Analytics Book,Books,Technology,1,"?1,099.00",5%,"?1,044.05",?520.00,?524.05,Wallet,Delivered,Mobile App,5.0
ORD101245,16-Feb-2026,CUST0409,Meera Singh,Male,30,Kolkata,East,P009,Denim Jeans,Fashion,Clothing,3,"?1,999.00",10%,"?5,397.30","?3,150.00","?2,247.30",Wallet,Delivered,Website,4.0
ORD102421,16-Feb-2026,CUST1675,Kiara Chopra,Male,18,Bokaro,East,P009,Denim Jeans,Fashion,Clothing,2,"?1,999.00",25%,"?2,998.50","?2,100.00",?898.50,Debit Card,Delivered,Website,4.0
ORD103168,16-Feb-2026,CUST1831,Nisha Saxena,Male,33,Mumbai,West,P003,Smart Watch,Electronics,Wearables,1,"?3,299.00",10%,"?2,969.10","?2,100.00",?869.10,Credit Card,Cancelled,Mobile App,
ORD103765,16-Feb-2026,CUST0133,Akash Bansal,Female,18,Delhi,North,P014,Table Lamp,Home & Kitchen,Home Decor,1,"?1,299.00",20%,"?1,039.20",?690.00,?349.20,UPI,Delivered,Website,4.0
ORD103373,16-Feb-2026,CUST0620,Rahul Kumar,Female,35,Dehradun,North,P022,Sunscreen SPF 50,Beauty,Skincare,2,?799.00,10%,"?1,438.20",?720.00,?718.20,UPI,Delivered,Mobile App,5.0
ORD102688,16-Feb-2026,CUST2075,Vansh Chopra,Male,27,Dehradun,North,P005,Power Bank 20000mAh,Electronics,Accessories,1,"?1,599.00",10%,"?1,439.10",?920.00,?519.10,UPI,Delivered,Website,4.0
ORD104547,16-Feb-2026,CUST0664,Ishaan Malhotra,Male,39,Pune,West,P024,Perfume,Beauty,Fragrance,3,"?1,799.00",5%,"?5,127.15","?2,700.00","?2,427.15",Net Banking,Delivered,Mobile App,4.0
ORD104479,17-Feb-2026,CUST0591,Isha Mehta,Male,38,Patna,East,P014,Table Lamp,Home & Kitchen,Home Decor,2,"?1,299.00",10%,"?2,338.20","?1,380.00",?958.20,Cash on Delivery,Delivered,Website,5.0
ORD103425,17-Feb-2026,CUST1802,Arjun Rao,Female,29,Hyderabad,South,P029,Programming Book,Books,Technology,2,"?1,299.00",5%,"?2,468.10","?1,220.00","?1,248.10",Debit Card,Delivered,Website,2.0
ORD103207,17-Feb-2026,CUST0684,Rahul Kumar,Male,20,Ahmedabad,West,P028,Data Analytics Book,Books,Technology,3,"?1,099.00",25%,"?2,472.75","?1,560.00",?912.75,Cash on Delivery,Delivered,Website,4.0
ORD100384,17-Feb-2026,CUST1819,Vansh Chopra,Female,50,Lucknow,North,P021,Face Wash,Beauty,Skincare,1,?499.00,10%,?449.10,?220.00,?229.10,Credit Card,Delivered,Mobile App,5.0
ORD101978,17-Feb-2026,CUST0411,Vansh Chopra,Male,52,Patna,East,P022,Sunscreen SPF 50,Beauty,Skincare,1,?799.00,15%,?679.15,?360.00,?319.15,Credit Card,Delivered,Mobile App,4.0
ORD101241,18-Feb-2026,CUST0659,Anjali Verma,Female,37,Nagpur,West,P011,Coffee Maker,Home & Kitchen,Kitchen,2,"?3,499.00",20%,"?5,598.40","?4,500.00","?1,098.40",Debit Card,Delivered,Mobile App,5.0
ORD103194,18-Feb-2026,CUST1239,Aditi Saxena,Female,32,Ahmedabad,West,P022,Sunscreen SPF 50,Beauty,Skincare,1,?799.00,5%,?759.05,?360.00,?399.05,Credit Card,Delivered,Website,4.0
ORD102637,18-Feb-2026,CUST1909,Pranav Bansal,Male,18,Bengaluru,South,P002,Bluetooth Speaker,Electronics,Audio,2,"?1,899.00",10%,"?3,418.20","?2,240.00","?1,178.20",Net Banking,Cancelled,Mobile App,
ORD103215,18-Feb-2026,CUST2011,Vansh Chopra,Male,27,Hyderabad,South,P005,Power Bank 20000mAh,Electronics,Accessories,3,"?1,599.00",15%,"?4,077.45","?2,760.00","?1,317.45",UPI,Delivered,Mobile App,4.0
ORD101530,18-Feb-2026,CUST1263,Isha Mehta,Female,35,Chandigarh,North,P019,Badminton Racket,Sports & Fitness,Sports,2,"?1,499.00",15%,"?2,548.30","?1,600.00",?948.30,UPI,Delivered,Mobile App,4.0
ORD103359,18-Feb-2026,CUST0893,Kavya Patel,Female,48,Jaipur,North,P008,Cotton T-Shirt,Fashion,Clothing,1,?799.00,5%,?759.05,?390.00,?369.05,UPI,Delivered,Website,4.0
ORD102098,18-Feb-2026,CUST0872,Sanya Malhotra,Female,27,Nagpur,West,P016,Yoga Mat,Sports & Fitness,Fitness,2,?999.00,15%,"?1,698.30","?1,040.00",?658.30,Debit Card,Delivered,Website,5.0
ORD100019,18-Feb-2026,CUST1930,Arjun Rao,Female,29,Surat,West,P017,Dumbbell Set,Sports & Fitness,Fitness,4,"?2,499.00",0%,"?9,996.00","?5,800.00","?4,196.00",UPI,Delivered,Mobile App,4.0
ORD103346,18-Feb-2026,CUST1678,Aditya Kapoor,Female,26,Nashik,West,P019,Badminton Racket,Sports & Fitness,Sports,1,"?1,499.00",10%,"?1,349.10",?800.00,?549.10,Wallet,Delivered,Website,4.0
ORD104434,18-Feb-2026,CUST1919,Shivam Mehta,Female,27,Hyderabad,South,P008,Cotton T-Shirt,Fashion,Clothing,1,?799.00,15%,?679.15,?390.00,?289.15,Debit Card,Delivered,Website,3.0
ORD101104,18-Feb-2026,CUST0582,Kabir Gupta,Male,35,Bhubaneswar,East,P018,Cricket Bat,Sports & Fitness,Sports,4,"?2,199.00",0%,"?8,796.00","?5,000.00","?3,796.00",Credit Card,Delivered,Website,5.0
ORD103456,18-Feb-2026,CUST0507,Vansh Chopra,Male,33,Chennai,South,P023,Shampoo,Beauty,Haircare,3,?649.00,20%,"?1,557.60",?870.00,?687.60,Net Banking,Delivered,Mobile App,5.0
ORD101938,18-Feb-2026,CUST2021,Akash Bansal,Male,20,Guwahati,East,P003,Smart Watch,Electronics,Wearables,1,"?3,299.00",5%,"?3,134.05","?2,100.00","?1,034.05",Debit Card,Delivered,Website,3.0
ORD103998,19-Feb-2026,CUST1985,Diya Mishra,Male,30,Surat,West,P020,Resistance Bands,Sports & Fitness,Fitness,1,?699.00,15%,?594.15,?320.00,?274.15,UPI,Delivered,Website,4.0
ORD100460,19-Feb-2026,CUST0461,Tanvi Patel,Male,27,Mumbai,West,P002,Bluetooth Speaker,Electronics,Audio,1,"?1,899.00",0%,"?1,899.00","?1,120.00",?779.00,Cash on Delivery,Delivered,Website,3.0
ORD104211,19-Feb-2026,CUST0876,Rahul Kumar,Female,36,Lucknow,North,P005,Power Bank 20000mAh,Electronics,Accessories,1,"?1,599.00",10%,"?1,439.10",?920.00,?519.10,Debit Card,Delivered,Mobile App,4.0
ORD100502,19-Feb-2026,CUST1495,Aditi Saxena,Male,42,Surat,West,P021,Face Wash,Beauty,Skincare,4,?499.00,10%,"?1,796.40",?880.00,?916.40,Credit Card,Delivered,Mobile App,5.0
ORD103564,19-Feb-2026,CUST0079,Isha Mehta,Male,28,Guwahati,East,P008,Cotton T-Shirt,Fashion,Clothing,1,?799.00,10%,?719.10,?390.00,?329.10,Net Banking,Cancelled,Mobile App,
ORD104900,19-Feb-2026,CUST0819,Anjali Verma,Male,43,Patna,East,P004,USB-C Charger,Electronics,Accessories,1,?899.00,30%,?629.30,?480.00,?149.30,Credit Card,Delivered,Mobile App,4.0
ORD100187,19-Feb-2026,CUST1342,Pooja Kapoor,Female,37,Bengaluru,South,P025,Moisturizer,Beauty,Skincare,3,?699.00,0%,"?2,097.00",?930.00,"?1,167.00",UPI,Delivered,Mobile App,4.0
ORD104083,20-Feb-2026,CUST2122,Arjun Rao,Male,34,Delhi,North,P009,Denim Jeans,Fashion,Clothing,3,"?1,999.00",5%,"?5,697.15","?3,150.00","?2,547.15",Credit Card,Delivered,Mobile App,5.0
ORD101876,20-Feb-2026,CUST1081,Meera Singh,Male,23,Kochi,South,P020,Resistance Bands,Sports & Fitness,Fitness,1,?699.00,15%,?594.15,?320.00,?274.15,UPI,Delivered,Mobile App,4.0
ORD100160,20-Feb-2026,CUST0546,Manish Agarwal,Female,38,Bhubaneswar,East,P008,Cotton T-Shirt,Fashion,Clothing,4,?799.00,15%,"?2,716.60","?1,560.00","?1,156.60",Cash on Delivery,Delivered,Mobile App,5.0
ORD103844,20-Feb-2026,CUST2134,Simran Gupta,Male,32,Dehradun,North,P027,Business Strategy Book,Books,Business,4,?699.00,15%,"?2,376.60","?1,200.00","?1,176.60",Wallet,Delivered,Website,4.0
ORD102537,20-Feb-2026,CUST1485,Tanvi Patel,Female,23,Kolkata,East,P007,Running Shoes,Fashion,Footwear,2,"?2,899.00",10%,"?5,218.20","?3,400.00","?1,818.20",Credit Card,Delivered,Mobile App,2.0
ORD101369,20-Feb-2026,CUST0368,Mohit Sharma,Male,37,Amritsar,North,P002,Bluetooth Speaker,Electronics,Audio,2,"?1,899.00",0%,"?3,798.00","?2,240.00","?1,558.00",UPI,Delivered,Website,5.0
ORD103361,20-Feb-2026,CUST0915,Anjali Verma,Female,18,Amritsar,North,P024,Perfume,Beauty,Fragrance,2,"?1,799.00",15%,"?3,058.30","?1,800.00","?1,258.30",Net Banking,Delivered,Mobile App,4.0
ORD103413,20-Feb-2026,CUST1202,Yash Agarwal,Male,26,Bhubaneswar,East,P028,Data Analytics Book,Books,Technology,2,"?1,099.00",15%,"?1,868.30","?1,040.00",?828.30,Credit Card,Delivered,Mobile App,3.0
ORD101108,20-Feb-2026,CUST1687,Aditi Saxena,Male,31,Ahmedabad,West,P030,Self Help Book,Books,Self Development,2,?599.00,5%,"?1,138.10",?520.00,?618.10,Debit Card,Delivered,Website,3.0
ORD104554,20-Feb-2026,CUST1226,Arjun Rao,Female,30,Guwahati,East,P003,Smart Watch,Electronics,Wearables,3,"?3,299.00",10%,"?8,907.30","?6,300.00","?2,607.30",Credit Card,Delivered,Mobile App,3.0
ORD101565,21-Feb-2026,CUST2038,Simran Gupta,Male,23,Delhi,North,P011,Coffee Maker,Home & Kitchen,Kitchen,4,"?3,499.00",10%,"?12,596.40","?9,000.00","?3,596.40",Credit Card,Delivered,Website,5.0
ORD102581,21-Feb-2026,CUST1758,Pooja Kapoor,Male,25,Hyderabad,South,P026,Novel Collection,Books,Fiction,4,?899.00,15%,"?3,056.60","?1,680.00","?1,376.60",Credit Card,Delivered,Mobile App,4.0
ORD102247,21-Feb-2026,CUST0986,Rohan Rao,Female,29,Nashik,West,P022,Sunscreen SPF 50,Beauty,Skincare,1,?799.00,15%,?679.15,?360.00,?319.15,Debit Card,Delivered,Mobile App,4.0
ORD103824,21-Feb-2026,CUST1938,Yash Agarwal,Female,44,Coimbatore,South,P007,Running Shoes,Fashion,Footwear,1,"?2,899.00",20%,"?2,319.20","?1,700.00",?619.20,UPI,Delivered,Mobile App,2.0
ORD100367,21-Feb-2026,CUST1075,Anjali Verma,Male,29,Dehradun,North,P012,Air Fryer,Home & Kitchen,Kitchen,2,"?5,999.00",0%,"?11,998.00","?7,800.00","?4,198.00",Credit Card,Delivered,Website,5.0
ORD101423,22-Feb-2026,CUST0723,Anjali Verma,Male,35,Ahmedabad,West,P001,Wireless Headphones,Electronics,Audio,2,"?2,499.00",0%,"?4,998.00","?3,100.00","?1,898.00",Net Banking,Returned,Website,4.0
ORD102012,22-Feb-2026,CUST0227,Riya Verma,Female,23,Amritsar,North,P014,Table Lamp,Home & Kitchen,Home Decor,3,"?1,299.00",10%,"?3,507.30","?2,070.00","?1,437.30",Credit Card,Delivered,Mobile App,4.0
ORD100861,22-Feb-2026,CUST1138,Yash Agarwal,Female,40,Pune,West,P009,Denim Jeans,Fashion,Clothing,1,"?1,999.00",15%,"?1,699.15","?1,050.00",?649.15,Debit Card,Delivered,Mobile App,4.0
ORD100925,22-Feb-2026,CUST1926,Kabir Gupta,Female,18,Surat,West,P002,Bluetooth Speaker,Electronics,Audio,1,"?1,899.00",10%,"?1,709.10","?1,120.00",?589.10,UPI,Delivered,Mobile App,3.0
ORD100378,22-Feb-2026,CUST1742,Aditya Kapoor,Male,22,Amritsar,North,P024,Perfume,Beauty,Fragrance,1,"?1,799.00",0%,"?1,799.00",?900.00,?899.00,UPI,Delivered,Website,4.0
ORD103070,22-Feb-2026,CUST0169,Zoya Singh,Female,28,Surat,West,P007,Running Shoes,Fashion,Footwear,2,"?2,899.00",20%,"?4,638.40","?3,400.00","?1,238.40",Credit Card,Delivered,Website,5.0
ORD103234,23-Feb-2026,CUST1169,Sakshi Mishra,Male,43,Ranchi,East,P021,Face Wash,Beauty,Skincare,2,?499.00,0%,?998.00,?440.00,?558.00,Net Banking,Delivered,Mobile App,4.0
ORD100748,23-Feb-2026,CUST0566,Simran Gupta,Female,40,Lucknow,North,P015,Bedsheet Set,Home & Kitchen,Home Decor,1,"?1,599.00",5%,"?1,519.05",?850.00,?669.05,UPI,Delivered,Mobile App,4.0
ORD104673,23-Feb-2026,CUST1216,Aarav Sharma,Female,32,Ahmedabad,West,P025,Moisturizer,Beauty,Skincare,1,?699.00,20%,?559.20,?310.00,?249.20,Credit Card,Delivered,Mobile App,4.0
ORD103093,23-Feb-2026,CUST1130,Arjun Rao,Female,37,Hyderabad,South,P007,Running Shoes,Fashion,Footwear,1,"?2,899.00",15%,"?2,464.15","?1,700.00",?764.15,UPI,Delivered,Website,5.0
ORD101738,23-Feb-2026,CUST0276,Karan Jain,Male,21,Hyderabad,South,P006,Laptop Backpack,Fashion,Bags,2,"?1,799.00",25%,"?2,698.50","?1,900.00",?798.50,Cash on Delivery,Delivered,Mobile App,5.0
ORD101653,23-Feb-2026,CUST1924,Varun Jain,Male,20,Amritsar,North,P009,Denim Jeans,Fashion,Clothing,2,"?1,999.00",5%,"?3,798.10","?2,100.00","?1,698.10",Cash on Delivery,Delivered,Website,5.0
ORD104021,23-Feb-2026,CUST0884,Karan Jain,Male,42,Nashik,West,P013,Non-Stick Cookware Set,Home & Kitchen,Cookware,2,"?4,299.00",5%,"?8,168.10","?5,400.00","?2,768.10",UPI,Delivered,Mobile App,4.0
ORD101161,23-Feb-2026,CUST0559,Isha Mehta,Female,38,Pune,West,P025,Moisturizer,Beauty,Skincare,3,?699.00,10%,"?1,887.30",?930.00,?957.30,UPI,Delivered,Mobile App,5.0
ORD100086,23-Feb-2026,CUST1956,Varun Jain,Female,35,Guwahati,East,P022,Sunscreen SPF 50,Beauty,Skincare,1,?799.00,15%,?679.15,?360.00,?319.15,Credit Card,Delivered,Website,4.0
ORD104019,23-Feb-2026,CUST0904,Sanya Malhotra,Female,46,Lucknow,North,P004,USB-C Charger,Electronics,Accessories,2,?899.00,25%,"?1,348.50",?960.00,?388.50,UPI,Returned,Website,5.0
ORD102486,23-Feb-2026,CUST0886,Simran Gupta,Male,38,Bokaro,East,P009,Denim Jeans,Fashion,Clothing,2,"?1,999.00",20%,"?3,198.40","?2,100.00","?1,098.40",Wallet,Delivered,Website,3.0
ORD102444,23-Feb-2026,CUST0462,Aditya Kapoor,Female,21,Amritsar,North,P013,Non-Stick Cookware Set,Home & Kitchen,Cookware,2,"?4,299.00",15%,"?7,308.30","?5,400.00","?1,908.30",Credit Card,Delivered,Website,3.0
ORD103225,24-Feb-2026,CUST1797,Akash Bansal,Male,28,Nagpur,West,P023,Shampoo,Beauty,Haircare,1,?649.00,15%,?551.65,?290.00,?261.65,Net Banking,Delivered,Mobile App,4.0
ORD100844,24-Feb-2026,CUST0763,Vansh Chopra,Female,37,Dehradun,North,P021,Face Wash,Beauty,Skincare,1,?499.00,25%,?374.25,?220.00,?154.25,UPI,Returned,Mobile App,5.0
ORD101818,24-Feb-2026,CUST0511,Shivam Mehta,Female,24,Nashik,West,P006,Laptop Backpack,Fashion,Bags,1,"?1,799.00",25%,"?1,349.25",?950.00,?399.25,Cash on Delivery,Delivered,Mobile App,5.0
ORD101607,24-Feb-2026,CUST0314,Rohan Rao,Female,28,Surat,West,P021,Face Wash,Beauty,Skincare,1,?499.00,15%,?424.15,?220.00,?204.15,UPI,Returned,Mobile App,4.0
ORD100386,24-Feb-2026,CUST0793,Meera Singh,Male,27,Coimbatore,South,P028,Data Analytics Book,Books,Technology,2,"?1,099.00",0%,"?2,198.00","?1,040.00","?1,158.00",UPI,Cancelled,Website,
ORD100792,24-Feb-2026,CUST0289,Diya Mishra,Female,37,Jaipur,North,P006,Laptop Backpack,Fashion,Bags,2,"?1,799.00",5%,"?3,418.10","?1,900.00","?1,518.10",Cash on Delivery,Delivered,Mobile App,5.0
ORD104605,24-Feb-2026,CUST1757,Kavya Patel,Male,37,Surat,West,P025,Moisturizer,Beauty,Skincare,1,?699.00,25%,?524.25,?310.00,?214.25,Cash on Delivery,Delivered,Mobile App,5.0
ORD103289,24-Feb-2026,CUST0965,Akash Bansal,Male,21,Kolkata,East,P013,Non-Stick Cookware Set,Home & Kitchen,Cookware,2,"?4,299.00",10%,"?7,738.20","?5,400.00","?2,338.20",Debit Card,Delivered,Website,4.0
ORD100207,24-Feb-2026,CUST0167,Nisha Saxena,Female,29,Bokaro,East,P007,Running Shoes,Fashion,Footwear,1,"?2,899.00",5%,"?2,754.05","?1,700.00","?1,054.05",UPI,Delivered,Website,4.0
ORD103022,24-Feb-2026,CUST0079,Isha Mehta,Female,32,Ahmedabad,West,P002,Bluetooth Speaker,Electronics,Audio,1,"?1,899.00",10%,"?1,709.10","?1,120.00",?589.10,Debit Card,Delivered,Mobile App,5.0
ORD104299,24-Feb-2026,CUST0702,Pooja Kapoor,Female,32,Ahmedabad,West,P016,Yoga Mat,Sports & Fitness,Fitness,2,?999.00,10%,"?1,798.20","?1,040.00",?758.20,Net Banking,Delivered,Mobile App,3.0
ORD102459,24-Feb-2026,CUST0111,Isha Mehta,Female,42,Mumbai,West,P011,Coffee Maker,Home & Kitchen,Kitchen,2,"?3,499.00",0%,"?6,998.00","?4,500.00","?2,498.00",Debit Card,Cancelled,Mobile App,
ORD103684,24-Feb-2026,CUST0963,Riya Verma,Female,21,Kolkata,East,P007,Running Shoes,Fashion,Footwear,1,"?2,899.00",5%,"?2,754.05","?1,700.00","?1,054.05",Net Banking,Delivered,Mobile App,4.0
ORD102419,24-Feb-2026,CUST1799,Nisha Saxena,Male,24,Guwahati,East,P004,USB-C Charger,Electronics,Accessories,3,?899.00,5%,"?2,562.15","?1,440.00","?1,122.15",Debit Card,Delivered,Mobile App,3.0
ORD101418,24-Feb-2026,CUST0638,Pooja Kapoor,Male,40,Surat,West,P005,Power Bank 20000mAh,Electronics,Accessories,2,"?1,599.00",20%,"?2,558.40","?1,840.00",?718.40,Wallet,Delivered,Website,4.0
ORD102928,25-Feb-2026,CUST0154,Rohan Rao,Male,28,Delhi,North,P017,Dumbbell Set,Sports & Fitness,Fitness,3,"?2,499.00",15%,"?6,372.45","?4,350.00","?2,022.45",Credit Card,Delivered,Mobile App,4.0
ORD102992,25-Feb-2026,CUST1806,Aditya Kapoor,Female,40,Mysuru,South,P006,Laptop Backpack,Fashion,Bags,3,"?1,799.00",5%,"?5,127.15","?2,850.00","?2,277.15",Cash on Delivery,Delivered,Website,5.0
ORD104405,25-Feb-2026,CUST1184,Aarav Sharma,Male,40,Pune,West,P002,Bluetooth Speaker,Electronics,Audio,1,"?1,899.00",5%,"?1,804.05","?1,120.00",?684.05,Debit Card,Delivered,Mobile App,5.0
ORD101973,25-Feb-2026,CUST1111,Aditi Saxena,Male,33,Bhubaneswar,East,P019,Badminton Racket,Sports & Fitness,Sports,2,"?1,499.00",20%,"?2,398.40","?1,600.00",?798.40,Debit Card,Delivered,Website,4.0
ORD102800,25-Feb-2026,CUST1954,Manish Agarwal,Male,30,Ranchi,East,P023,Shampoo,Beauty,Haircare,1,?649.00,25%,?486.75,?290.00,?196.75,Cash on Delivery,Delivered,Mobile App,4.0
ORD102720,25-Feb-2026,CUST0812,Rahul Kumar,Female,28,Guwahati,East,P017,Dumbbell Set,Sports & Fitness,Fitness,3,"?2,499.00",5%,"?7,122.15","?4,350.00","?2,772.15",Credit Card,Delivered,Website,4.0
ORD104259,25-Feb-2026,CUST1663,Shivam Mehta,Male,27,Mysuru,South,P027,Business Strategy Book,Books,Business,1,?699.00,15%,?594.15,?300.00,?294.15,UPI,Delivered,Mobile App,5.0
ORD104485,25-Feb-2026,CUST2065,Sakshi Mishra,Male,33,Kochi,South,P005,Power Bank 20000mAh,Electronics,Accessories,3,"?1,599.00",15%,"?4,077.45","?2,760.00","?1,317.45",Cash on Delivery,Delivered,Website,4.0
ORD102481,25-Feb-2026,CUST1217,Diya Mishra,Male,35,Kochi,South,P004,USB-C Charger,Electronics,Accessories,1,?899.00,5%,?854.05,?480.00,?374.05,UPI,Delivered,Website,5.0
ORD104529,25-Feb-2026,CUST1524,Karan Jain,Male,33,Ranchi,East,P023,Shampoo,Beauty,Haircare,1,?649.00,15%,?551.65,?290.00,?261.65,Debit Card,Delivered,Website,5.0
ORD101820,26-Feb-2026,CUST1897,Zoya Singh,Female,37,Bengaluru,South,P010,Casual Hoodie,Fashion,Clothing,2,"?1,499.00",15%,"?2,548.30","?1,560.00",?988.30,Credit Card,Delivered,Website,5.0
ORD100208,26-Feb-2026,CUST1257,Zoya Singh,Female,25,Amritsar,North,P022,Sunscreen SPF 50,Beauty,Skincare,3,?799.00,20%,"?1,917.60","?1,080.00",?837.60,Credit Card,Delivered,Mobile App,4.0
ORD104528,26-Feb-2026,CUST0375,Aditi Saxena,Female,39,Guwahati,East,P016,Yoga Mat,Sports & Fitness,Fitness,2,?999.00,10%,"?1,798.20","?1,040.00",?758.20,Credit Card,Delivered,Mobile App,4.0
ORD100447,26-Feb-2026,CUST0785,Sakshi Mishra,Male,26,Pune,West,P028,Data Analytics Book,Books,Technology,1,"?1,099.00",0%,"?1,099.00",?520.00,?579.00,Debit Card,Returned,Mobile App,5.0
ORD104963,26-Feb-2026,CUST1898,Arjun Rao,Male,30,Bokaro,East,P019,Badminton Racket,Sports & Fitness,Sports,1,"?1,499.00",20%,"?1,199.20",?800.00,?399.20,Credit Card,Delivered,Mobile App,5.0
ORD100775,26-Feb-2026,CUST0632,Ishaan Malhotra,Male,33,Bengaluru,South,P008,Cotton T-Shirt,Fashion,Clothing,2,?799.00,15%,"?1,358.30",?780.00,?578.30,Wallet,Delivered,Mobile App,4.0
ORD101855,26-Feb-2026,CUST1913,Meera Singh,Male,24,Amritsar,North,P016,Yoga Mat,Sports & Fitness,Fitness,1,?999.00,10%,?899.10,?520.00,?379.10,UPI,Delivered,Website,4.0
ORD100583,26-Feb-2026,CUST2159,Isha Mehta,Female,40,Amritsar,North,P011,Coffee Maker,Home & Kitchen,Kitchen,2,"?3,499.00",5%,"?6,648.10","?4,500.00","?2,148.10",Credit Card,Delivered,Mobile App,4.0
ORD103760,26-Feb-2026,CUST0055,Aditi Saxena,Female,36,Bengaluru,South,P012,Air Fryer,Home & Kitchen,Kitchen,2,"?5,999.00",15%,"?10,198.30","?7,800.00","?2,398.30",UPI,Delivered,Website,4.0
ORD101215,26-Feb-2026,CUST0586,Arjun Rao,Female,20,Ranchi,East,P025,Moisturizer,Beauty,Skincare,3,?699.00,20%,"?1,677.60",?930.00,?747.60,UPI,Delivered,Website,4.0
ORD104445,26-Feb-2026,CUST1961,Zoya Singh,Male,38,Surat,West,P007,Running Shoes,Fashion,Footwear,2,"?2,899.00",10%,"?5,218.20","?3,400.00","?1,818.20",UPI,Delivered,Mobile App,4.0
ORD102871,26-Feb-2026,CUST1614,Aditya Kapoor,Female,39,Delhi,North,P020,Resistance Bands,Sports & Fitness,Fitness,1,?699.00,0%,?699.00,?320.00,?379.00,Cash on Delivery,Delivered,Mobile App,1.0
ORD103768,26-Feb-2026,CUST1286,Kabir Gupta,Female,34,Bengaluru,South,P006,Laptop Backpack,Fashion,Bags,1,"?1,799.00",10%,"?1,619.10",?950.00,?669.10,Credit Card,Delivered,Mobile App,4.0
ORD102141,27-Feb-2026,CUST2155,Kiara Chopra,Female,26,Guwahati,East,P028,Data Analytics Book,Books,Technology,3,"?1,099.00",25%,"?2,472.75","?1,560.00",?912.75,Credit Card,Delivered,Mobile App,4.0
ORD104516,27-Feb-2026,CUST0615,Nisha Saxena,Female,38,Pune,West,P023,Shampoo,Beauty,Haircare,3,?649.00,15%,"?1,654.95",?870.00,?784.95,Debit Card,Delivered,Website,4.0
ORD104059,27-Feb-2026,CUST0100,Varun Jain,Male,32,Chennai,South,P016,Yoga Mat,Sports & Fitness,Fitness,1,?999.00,10%,?899.10,?520.00,?379.10,UPI,Delivered,Website,5.0
ORD103062,27-Feb-2026,CUST0158,Pooja Kapoor,Female,36,Guwahati,East,P009,Denim Jeans,Fashion,Clothing,1,"?1,999.00",5%,"?1,899.05","?1,050.00",?849.05,Credit Card,Cancelled,Mobile App,
ORD104223,27-Feb-2026,CUST0471,Aditi Saxena,Female,35,Kolkata,East,P013,Non-Stick Cookware Set,Home & Kitchen,Cookware,3,"?4,299.00",15%,"?10,962.45","?8,100.00","?2,862.45",UPI,Delivered,Website,5.0
ORD101836,27-Feb-2026,CUST1676,Rahul Kumar,Male,30,Nagpur,West,P001,Wireless Headphones,Electronics,Audio,1,"?2,499.00",5%,"?2,374.05","?1,550.00",?824.05,UPI,Delivered,Mobile App,5.0
ORD101456,28-Feb-2026,CUST0725,Pranav Bansal,Female,39,Amritsar,North,P009,Denim Jeans,Fashion,Clothing,1,"?1,999.00",10%,"?1,799.10","?1,050.00",?749.10,Wallet,Delivered,Website,5.0
ORD102293,28-Feb-2026,CUST1830,Kabir Gupta,Female,37,Dehradun,North,P014,Table Lamp,Home & Kitchen,Home Decor,2,"?1,299.00",30%,"?1,818.60","?1,380.00",?438.60,UPI,Delivered,Website,4.0
ORD103706,28-Feb-2026,CUST1721,Meera Singh,Male,35,Hyderabad,South,P003,Smart Watch,Electronics,Wearables,1,"?3,299.00",0%,"?3,299.00","?2,100.00","?1,199.00",Cash on Delivery,Delivered,Website,5.0
ORD103846,28-Feb-2026,CUST0118,Simran Gupta,Female,52,Ranchi,East,P015,Bedsheet Set,Home & Kitchen,Home Decor,2,"?1,599.00",15%,"?2,718.30","?1,700.00","?1,018.30",Credit Card,Cancelled,Website,
ORD100895,28-Feb-2026,CUST1915,Vansh Chopra,Female,18,Coimbatore,South,P005,Power Bank 20000mAh,Electronics,Accessories,3,"?1,599.00",5%,"?4,557.15","?2,760.00","?1,797.15",Credit Card,Delivered,Mobile App,5.0
ORD104273,28-Feb-2026,CUST1921,Diya Mishra,Male,39,Hyderabad,South,P017,Dumbbell Set,Sports & Fitness,Fitness,5,"?2,499.00",10%,"?11,245.50","?7,250.00","?3,995.50",Credit Card,Delivered,Mobile App,5.0
ORD102345,28-Feb-2026,CUST1155,Riya Verma,Male,33,Chennai,South,P030,Self Help Book,Books,Self Development,1,?599.00,15%,?509.15,?260.00,?249.15,UPI,Delivered,Mobile App,4.0
ORD102378,28-Feb-2026,CUST0993,Diya Mishra,Male,35,Chandigarh,North,P021,Face Wash,Beauty,Skincare,4,?499.00,5%,"?1,896.20",?880.00,"?1,016.20",Net Banking,Delivered,Mobile App,3.0
ORD104071,28-Feb-2026,CUST0542,Pooja Kapoor,Female,27,Nashik,West,P006,Laptop Backpack,Fashion,Bags,2,"?1,799.00",5%,"?3,418.10","?1,900.00","?1,518.10",UPI,Delivered,Mobile App,2.0
ORD103602,01-Mar-2026,CUST1602,Manish Agarwal,Male,46,Bengaluru,South,P021,Face Wash,Beauty,Skincare,1,?499.00,25%,?374.25,?220.00,?154.25,Wallet,Delivered,Website,4.0
ORD103421,01-Mar-2026,CUST0712,Sanya Malhotra,Male,31,Bengaluru,South,P007,Running Shoes,Fashion,Footwear,1,"?2,899.00",10%,"?2,609.10","?1,700.00",?909.10,Debit Card,Delivered,Mobile App,4.0
ORD101341,01-Mar-2026,CUST0593,Sakshi Mishra,Female,35,Pune,West,P004,USB-C Charger,Electronics,Accessories,1,?899.00,0%,?899.00,?480.00,?419.00,Cash on Delivery,Delivered,Website,5.0
ORD104590,01-Mar-2026,CUST1559,Aditi Saxena,Female,35,Kolkata,East,P007,Running Shoes,Fashion,Footwear,1,"?2,899.00",0%,"?2,899.00","?1,700.00","?1,199.00",Net Banking,Cancelled,Website,
ORD103339,01-Mar-2026,CUST1419,Kiara Chopra,Male,27,Bhubaneswar,East,P030,Self Help Book,Books,Self Development,2,?599.00,15%,"?1,018.30",?520.00,?498.30,Debit Card,Delivered,Mobile App,5.0
ORD101863,01-Mar-2026,CUST0001,Diya Mishra,Male,22,Bhubaneswar,East,P025,Moisturizer,Beauty,Skincare,2,?699.00,5%,"?1,328.10",?620.00,?708.10,Cash on Delivery,Delivered,Mobile App,5.0
ORD101678,01-Mar-2026,CUST0173,Tanvi Patel,Male,32,Patna,East,P013,Non-Stick Cookware Set,Home & Kitchen,Cookware,2,"?4,299.00",10%,"?7,738.20","?5,400.00","?2,338.20",Credit Card,Delivered,Website,2.0
ORD103173,01-Mar-2026,CUST0490,Arjun Rao,Female,40,Dehradun,North,P021,Face Wash,Beauty,Skincare,3,?499.00,15%,"?1,272.45",?660.00,?612.45,Credit Card,Delivered,Mobile App,5.0
ORD100692,01-Mar-2026,CUST0799,Shivam Mehta,Female,40,Chennai,South,P029,Programming Book,Books,Technology,1,"?1,299.00",15%,"?1,104.15",?610.00,?494.15,Wallet,Delivered,Website,5.0
ORD102132,01-Mar-2026,CUST0219,Vansh Chopra,Male,37,Chennai,South,P029,Programming Book,Books,Technology,1,"?1,299.00",5%,"?1,234.05",?610.00,?624.05,UPI,Delivered,Mobile App,4.0
ORD104995,02-Mar-2026,CUST0585,Zoya Singh,Female,22,Delhi,North,P017,Dumbbell Set,Sports & Fitness,Fitness,2,"?2,499.00",15%,"?4,248.30","?2,900.00","?1,348.30",UPI,Delivered,Mobile App,4.0
ORD102083,02-Mar-2026,CUST1518,Aditya Kapoor,Male,49,Mysuru,South,P022,Sunscreen SPF 50,Beauty,Skincare,1,?799.00,5%,?759.05,?360.00,?399.05,UPI,Delivered,Mobile App,5.0
ORD103341,02-Mar-2026,CUST1009,Sakshi Mishra,Female,38,Chennai,South,P030,Self Help Book,Books,Self Development,1,?599.00,25%,?449.25,?260.00,?189.25,Debit Card,Delivered,Mobile App,4.0
ORD103979,02-Mar-2026,CUST0260,Varun Jain,Female,33,Bokaro,East,P015,Bedsheet Set,Home & Kitchen,Home Decor,3,"?1,599.00",0%,"?4,797.00","?2,550.00","?2,247.00",Cash on Delivery,Delivered,Mobile App,5.0
ORD104957,02-Mar-2026,CUST1174,Simran Gupta,Male,33,Chandigarh,North,P009,Denim Jeans,Fashion,Clothing,1,"?1,999.00",20%,"?1,599.20","?1,050.00",?549.20,Debit Card,Cancelled,Website,
ORD102297,02-Mar-2026,CUST0364,Rahul Kumar,Female,32,Kolkata,East,P010,Casual Hoodie,Fashion,Clothing,1,"?1,499.00",5%,"?1,424.05",?780.00,?644.05,UPI,Delivered,Mobile App,4.0
ORD101098,02-Mar-2026,CUST1724,Ananya Kumar,Female,33,Guwahati,East,P006,Laptop Backpack,Fashion,Bags,3,"?1,799.00",5%,"?5,127.15","?2,850.00","?2,277.15",UPI,Delivered,Website,3.0
ORD104541,02-Mar-2026,CUST1780,Karan Jain,Male,36,Lucknow,North,P028,Data Analytics Book,Books,Technology,1,"?1,099.00",0%,"?1,099.00",?520.00,?579.00,UPI,Delivered,Mobile App,5.0
ORD102119,02-Mar-2026,CUST1134,Aditya Kapoor,Male,27,Lucknow,North,P008,Cotton T-Shirt,Fashion,Clothing,1,?799.00,25%,?599.25,?390.00,?209.25,UPI,Delivered,Website,5.0
ORD101220,02-Mar-2026,CUST0370,Yash Agarwal,Male,41,Bokaro,East,P004,USB-C Charger,Electronics,Accessories,2,?899.00,15%,"?1,528.30",?960.00,?568.30,Cash on Delivery,Returned,Mobile App,3.0
ORD104608,03-Mar-2026,CUST0175,Isha Mehta,Female,46,Lucknow,North,P004,USB-C Charger,Electronics,Accessories,4,?899.00,5%,"?3,416.20","?1,920.00","?1,496.20",Credit Card,Delivered,Mobile App,5.0
ORD102182,03-Mar-2026,CUST0258,Manish Agarwal,Male,36,Mysuru,South,P028,Data Analytics Book,Books,Technology,1,"?1,099.00",0%,"?1,099.00",?520.00,?579.00,UPI,Delivered,Website,5.0
ORD104186,03-Mar-2026,CUST1328,Mohit Sharma,Female,30,Bhubaneswar,East,P001,Wireless Headphones,Electronics,Audio,2,"?2,499.00",10%,"?4,498.20","?3,100.00","?1,398.20",Credit Card,Delivered,Mobile App,5.0
ORD102921,03-Mar-2026,CUST0192,Aarav Sharma,Female,38,Surat,West,P016,Yoga Mat,Sports & Fitness,Fitness,2,?999.00,0%,"?1,998.00","?1,040.00",?958.00,UPI,Delivered,Mobile App,5.0
ORD100365,03-Mar-2026,CUST1210,Rohan Rao,Female,37,Kochi,South,P028,Data Analytics Book,Books,Technology,1,"?1,099.00",25%,?824.25,?520.00,?304.25,Net Banking,Delivered,Mobile App,5.0
ORD102487,03-Mar-2026,CUST1988,Varun Jain,Female,39,Pune,West,P009,Denim Jeans,Fashion,Clothing,1,"?1,999.00",10%,"?1,799.10","?1,050.00",?749.10,UPI,Delivered,Mobile App,5.0
ORD101588,03-Mar-2026,CUST0221,Kavya Patel,Female,21,Kolkata,East,P024,Perfume,Beauty,Fragrance,1,"?1,799.00",30%,"?1,259.30",?900.00,?359.30,Cash on Delivery,Delivered,Mobile App,5.0
ORD104462,03-Mar-2026,CUST1271,Aditi Saxena,Female,35,Dehradun,North,P009,Denim Jeans,Fashion,Clothing,2,"?1,999.00",10%,"?3,598.20","?2,100.00","?1,498.20",UPI,Delivered,Mobile App,4.0
ORD101507,03-Mar-2026,CUST2017,Diya Mishra,Male,46,Kolkata,East,P019,Badminton Racket,Sports & Fitness,Sports,4,"?1,499.00",10%,"?5,396.40","?3,200.00","?2,196.40",UPI,Delivered,Website,4.0
ORD104390,03-Mar-2026,CUST1659,Vansh Chopra,Female,27,Pune,West,P001,Wireless Headphones,Electronics,Audio,3,"?2,499.00",5%,"?7,122.15","?4,650.00","?2,472.15",UPI,Delivered,Website,5.0
ORD101529,03-Mar-2026,CUST0984,Ishaan Malhotra,Male,54,Delhi,North,P006,Laptop Backpack,Fashion,Bags,1,"?1,799.00",10%,"?1,619.10",?950.00,?669.10,Net Banking,Delivered,Website,3.0
ORD103112,04-Mar-2026,CUST1531,Vansh Chopra,Female,18,Ranchi,East,P022,Sunscreen SPF 50,Beauty,Skincare,3,?799.00,5%,"?2,277.15","?1,080.00","?1,197.15",Net Banking,Delivered,Mobile App,4.0
ORD101362,04-Mar-2026,CUST1499,Vansh Chopra,Male,33,Patna,East,P022,Sunscreen SPF 50,Beauty,Skincare,1,?799.00,15%,?679.15,?360.00,?319.15,Net Banking,Delivered,Website,4.0
ORD100049,04-Mar-2026,CUST1378,Manish Agarwal,Male,39,Guwahati,East,P001,Wireless Headphones,Electronics,Audio,3,"?2,499.00",5%,"?7,122.15","?4,650.00","?2,472.15",Debit Card,Delivered,Website,4.0
ORD104651,04-Mar-2026,CUST1917,Kavya Patel,Female,43,Nagpur,West,P020,Resistance Bands,Sports & Fitness,Fitness,4,?699.00,5%,"?2,656.20","?1,280.00","?1,376.20",Debit Card,Delivered,Mobile App,5.0
ORD101509,04-Mar-2026,CUST1744,Mohit Sharma,Male,34,Mysuru,South,P011,Coffee Maker,Home & Kitchen,Kitchen,1,"?3,499.00",15%,"?2,974.15","?2,250.00",?724.15,Credit Card,Delivered,Website,4.0
ORD103737,04-Mar-2026,CUST0528,Mohit Sharma,Female,19,Chandigarh,North,P024,Perfume,Beauty,Fragrance,1,"?1,799.00",15%,"?1,529.15",?900.00,?629.15,UPI,Delivered,Mobile App,4.0
ORD102886,04-Mar-2026,CUST1835,Kiara Chopra,Male,30,Mysuru,South,P018,Cricket Bat,Sports & Fitness,Sports,1,"?2,199.00",5%,"?2,089.05","?1,250.00",?839.05,Credit Card,Delivered,Website,5.0
ORD104593,04-Mar-2026,CUST1029,Akash Bansal,Male,28,Bokaro,East,P006,Laptop Backpack,Fashion,Bags,1,"?1,799.00",30%,"?1,259.30",?950.00,?309.30,Credit Card,Delivered,Mobile App,5.0
ORD101680,04-Mar-2026,CUST1811,Anjali Verma,Female,48,Coimbatore,South,P029,Programming Book,Books,Technology,1,"?1,299.00",25%,?974.25,?610.00,?364.25,Debit Card,Delivered,Website,5.0
ORD102714,04-Mar-2026,CUST0543,Shivam Mehta,Male,20,Chandigarh,North,P022,Sunscreen SPF 50,Beauty,Skincare,1,?799.00,15%,?679.15,?360.00,?319.15,UPI,Delivered,Mobile App,5.0
ORD103989,05-Mar-2026,CUST1281,Diya Mishra,Female,33,Kolkata,East,P021,Face Wash,Beauty,Skincare,1,?499.00,10%,?449.10,?220.00,?229.10,Wallet,Delivered,Website,4.0
ORD104553,05-Mar-2026,CUST0988,Ananya Kumar,Male,47,Chennai,South,P003,Smart Watch,Electronics,Wearables,1,"?3,299.00",20%,"?2,639.20","?2,100.00",?539.20,UPI,Delivered,Mobile App,5.0
ORD103427,05-Mar-2026,CUST0449,Diya Mishra,Female,33,Nashik,West,P022,Sunscreen SPF 50,Beauty,Skincare,3,?799.00,15%,"?2,037.45","?1,080.00",?957.45,UPI,Delivered,Mobile App,5.0
ORD103472,05-Mar-2026,CUST0247,Aditi Saxena,Male,18,Chennai,South,P025,Moisturizer,Beauty,Skincare,1,?699.00,25%,?524.25,?310.00,?214.25,Credit Card,Delivered,Website,4.0
ORD104730,05-Mar-2026,CUST1213,Kavya Patel,Female,47,Guwahati,East,P016,Yoga Mat,Sports & Fitness,Fitness,1,?999.00,20%,?799.20,?520.00,?279.20,Net Banking,Delivered,Website,4.0
ORD101123,05-Mar-2026,CUST1758,Pooja Kapoor,Male,37,Amritsar,North,P014,Table Lamp,Home & Kitchen,Home Decor,1,"?1,299.00",10%,"?1,169.10",?690.00,?479.10,Debit Card,Cancelled,Mobile App,
ORD102460,05-Mar-2026,CUST0620,Rahul Kumar,Male,27,Amritsar,North,P005,Power Bank 20000mAh,Electronics,Accessories,1,"?1,599.00",20%,"?1,279.20",?920.00,?359.20,Net Banking,Returned,Website,4.0
ORD104421,05-Mar-2026,CUST0061,Kavya Patel,Male,37,Bhubaneswar,East,P022,Sunscreen SPF 50,Beauty,Skincare,1,?799.00,10%,?719.10,?360.00,?359.10,Net Banking,Delivered,Mobile App,4.0
ORD104041,05-Mar-2026,CUST1117,Kavya Patel,Male,42,Chandigarh,North,P001,Wireless Headphones,Electronics,Audio,1,"?2,499.00",10%,"?2,249.10","?1,550.00",?699.10,UPI,Delivered,Mobile App,5.0
ORD101749,05-Mar-2026,CUST1219,Riya Verma,Male,18,Bokaro,East,P013,Non-Stick Cookware Set,Home & Kitchen,Cookware,3,"?4,299.00",20%,"?10,317.60","?8,100.00","?2,217.60",UPI,Delivered,Website,4.0
ORD100891,05-Mar-2026,CUST1787,Vansh Chopra,Female,18,Surat,West,P015,Bedsheet Set,Home & Kitchen,Home Decor,1,"?1,599.00",10%,"?1,439.10",?850.00,?589.10,Net Banking,Delivered,Website,4.0
ORD104632,05-Mar-2026,CUST2145,Diya Mishra,Female,34,Nagpur,West,P022,Sunscreen SPF 50,Beauty,Skincare,2,?799.00,0%,"?1,598.00",?720.00,?878.00,UPI,Returned,Website,4.0
ORD101308,06-Mar-2026,CUST1766,Kabir Gupta,Female,18,Bhubaneswar,East,P025,Moisturizer,Beauty,Skincare,1,?699.00,15%,?594.15,?310.00,?284.15,Credit Card,Delivered,Website,5.0
ORD102505,06-Mar-2026,CUST1181,Kavya Patel,Female,41,Hyderabad,South,P029,Programming Book,Books,Technology,1,"?1,299.00",10%,"?1,169.10",?610.00,?559.10,UPI,Delivered,Website,4.0
ORD101275,06-Mar-2026,CUST0723,Anjali Verma,Male,28,Amritsar,North,P007,Running Shoes,Fashion,Footwear,4,"?2,899.00",15%,"?9,856.60","?6,800.00","?3,056.60",UPI,Delivered,Website,4.0
ORD103611,06-Mar-2026,CUST0399,Isha Mehta,Female,36,Hyderabad,South,P024,Perfume,Beauty,Fragrance,1,"?1,799.00",5%,"?1,709.05",?900.00,?809.05,Credit Card,Delivered,Website,5.0
ORD102417,07-Mar-2026,CUST0406,Simran Gupta,Male,25,Bengaluru,South,P008,Cotton T-Shirt,Fashion,Clothing,1,?799.00,15%,?679.15,?390.00,?289.15,Net Banking,Delivered,Mobile App,4.0
ORD100848,07-Mar-2026,CUST1532,Ananya Kumar,Female,27,Patna,East,P009,Denim Jeans,Fashion,Clothing,2,"?1,999.00",15%,"?3,398.30","?2,100.00","?1,298.30",Cash on Delivery,Delivered,Website,5.0
ORD102524,07-Mar-2026,CUST0504,Ishaan Malhotra,Female,40,Nashik,West,P029,Programming Book,Books,Technology,2,"?1,299.00",10%,"?2,338.20","?1,220.00","?1,118.20",UPI,Delivered,Mobile App,4.0
ORD104169,07-Mar-2026,CUST0269,Tanvi Patel,Male,39,Patna,East,P020,Resistance Bands,Sports & Fitness,Fitness,2,?699.00,5%,"?1,328.10",?640.00,?688.10,Credit Card,Delivered,Mobile App,5.0
ORD102732,07-Mar-2026,CUST1892,Varun Jain,Male,41,Guwahati,East,P025,Moisturizer,Beauty,Skincare,2,?699.00,15%,"?1,188.30",?620.00,?568.30,Debit Card,Delivered,Website,4.0
ORD104140,07-Mar-2026,CUST1319,Nisha Saxena,Male,39,Guwahati,East,P015,Bedsheet Set,Home & Kitchen,Home Decor,1,"?1,599.00",10%,"?1,439.10",?850.00,?589.10,UPI,Delivered,Mobile App,5.0
ORD102344,07-Mar-2026,CUST0106,Arjun Rao,Female,20,Hyderabad,South,P016,Yoga Mat,Sports & Fitness,Fitness,4,?999.00,0%,"?3,996.00","?2,080.00","?1,916.00",Credit Card,Delivered,Mobile App,5.0
ORD104023,08-Mar-2026,CUST0620,Rahul Kumar,Female,31,Lucknow,North,P028,Data Analytics Book,Books,Technology,3,"?1,099.00",5%,"?3,132.15","?1,560.00","?1,572.15",UPI,Delivered,Website,5.0
ORD101129,08-Mar-2026,CUST1392,Mohit Sharma,Male,41,Surat,West,P028,Data Analytics Book,Books,Technology,1,"?1,099.00",15%,?934.15,?520.00,?414.15,Credit Card,Delivered,Mobile App,5.0
ORD102381,08-Mar-2026,CUST2196,Karan Jain,Female,48,Chennai,South,P017,Dumbbell Set,Sports & Fitness,Fitness,1,"?2,499.00",20%,"?1,999.20","?1,450.00",?549.20,Credit Card,Delivered,Website,5.0
ORD102056,08-Mar-2026,CUST1332,Karan Jain,Female,44,Nashik,West,P015,Bedsheet Set,Home & Kitchen,Home Decor,1,"?1,599.00",20%,"?1,279.20",?850.00,?429.20,Debit Card,Delivered,Mobile App,2.0
ORD104630,08-Mar-2026,CUST0242,Yash Agarwal,Male,52,Bengaluru,South,P001,Wireless Headphones,Electronics,Audio,4,"?2,499.00",0%,"?9,996.00","?6,200.00","?3,796.00",Net Banking,Delivered,Website,4.0
ORD100344,08-Mar-2026,CUST0500,Karan Jain,Female,31,Pune,West,P001,Wireless Headphones,Electronics,Audio,1,"?2,499.00",15%,"?2,124.15","?1,550.00",?574.15,UPI,Delivered,Website,4.0
ORD104888,08-Mar-2026,CUST0112,Mohit Sharma,Female,30,Bengaluru,South,P007,Running Shoes,Fashion,Footwear,2,"?2,899.00",30%,"?4,058.60","?3,400.00",?658.60,UPI,Delivered,Mobile App,4.0
ORD101652,08-Mar-2026,CUST0847,Isha Mehta,Male,52,Kolkata,East,P008,Cotton T-Shirt,Fashion,Clothing,3,?799.00,25%,"?1,797.75","?1,170.00",?627.75,UPI,Delivered,Mobile App,5.0
ORD104696,08-Mar-2026,CUST0049,Sakshi Mishra,Male,30,Bokaro,East,P002,Bluetooth Speaker,Electronics,Audio,2,"?1,899.00",5%,"?3,608.10","?2,240.00","?1,368.10",Wallet,Delivered,Mobile App,5.0
ORD102326,08-Mar-2026,CUST1263,Isha Mehta,Male,41,Nagpur,West,P007,Running Shoes,Fashion,Footwear,3,"?2,899.00",5%,"?8,262.15","?5,100.00","?3,162.15",UPI,Delivered,Website,5.0
ORD103003,09-Mar-2026,CUST1153,Diya Mishra,Male,34,Surat,West,P020,Resistance Bands,Sports & Fitness,Fitness,3,?699.00,0%,"?2,097.00",?960.00,"?1,137.00",Credit Card,Delivered,Mobile App,4.0
ORD103391,09-Mar-2026,CUST0850,Yash Agarwal,Female,38,Kolkata,East,P022,Sunscreen SPF 50,Beauty,Skincare,1,?799.00,0%,?799.00,?360.00,?439.00,Credit Card,Delivered,Mobile App,5.0
ORD103567,09-Mar-2026,CUST2151,Nisha Saxena,Male,32,Nashik,West,P001,Wireless Headphones,Electronics,Audio,2,"?2,499.00",5%,"?4,748.10","?3,100.00","?1,648.10",Wallet,Delivered,Website,4.0
ORD103931,09-Mar-2026,CUST1434,Rohan Rao,Male,26,Bokaro,East,P011,Coffee Maker,Home & Kitchen,Kitchen,2,"?3,499.00",5%,"?6,648.10","?4,500.00","?2,148.10",Wallet,Delivered,Mobile App,4.0
ORD104551,09-Mar-2026,CUST1572,Varun Jain,Male,43,Pune,West,P001,Wireless Headphones,Electronics,Audio,1,"?2,499.00",5%,"?2,374.05","?1,550.00",?824.05,UPI,Returned,Mobile App,5.0
ORD102499,10-Mar-2026,CUST0917,Pranav Bansal,Male,43,Mumbai,West,P008,Cotton T-Shirt,Fashion,Clothing,1,?799.00,5%,?759.05,?390.00,?369.05,UPI,Delivered,Website,4.0
ORD104804,10-Mar-2026,CUST1135,Isha Mehta,Female,35,Surat,West,P005,Power Bank 20000mAh,Electronics,Accessories,3,"?1,599.00",5%,"?4,557.15","?2,760.00","?1,797.15",Net Banking,Delivered,Website,5.0
ORD103614,10-Mar-2026,CUST2196,Karan Jain,Female,33,Nagpur,West,P029,Programming Book,Books,Technology,2,"?1,299.00",0%,"?2,598.00","?1,220.00","?1,378.00",Debit Card,Delivered,Mobile App,5.0
ORD102233,10-Mar-2026,CUST1856,Aarav Sharma,Female,30,Chennai,South,P024,Perfume,Beauty,Fragrance,2,"?1,799.00",10%,"?3,238.20","?1,800.00","?1,438.20",UPI,Returned,Mobile App,4.0
ORD103612,10-Mar-2026,CUST2179,Riya Verma,Male,32,Chennai,South,P004,USB-C Charger,Electronics,Accessories,2,?899.00,0%,"?1,798.00",?960.00,?838.00,Cash on Delivery,Delivered,Mobile App,2.0
ORD103920,10-Mar-2026,CUST2057,Zoya Singh,Female,46,Kochi,South,P002,Bluetooth Speaker,Electronics,Audio,2,"?1,899.00",10%,"?3,418.20","?2,240.00","?1,178.20",UPI,Delivered,Mobile App,5.0
ORD102835,10-Mar-2026,CUST1083,Vansh Chopra,Male,32,Ahmedabad,West,P016,Yoga Mat,Sports & Fitness,Fitness,1,?999.00,15%,?849.15,?520.00,?329.15,Cash on Delivery,Cancelled,Website,
ORD100587,11-Mar-2026,CUST0803,Riya Verma,Female,30,Surat,West,P004,USB-C Charger,Electronics,Accessories,2,?899.00,20%,"?1,438.40",?960.00,?478.40,UPI,Delivered,Mobile App,5.0
ORD100724,11-Mar-2026,CUST0475,Vansh Chopra,Male,36,Guwahati,East,P022,Sunscreen SPF 50,Beauty,Skincare,1,?799.00,5%,?759.05,?360.00,?399.05,Debit Card,Delivered,Website,5.0
ORD100333,11-Mar-2026,CUST1043,Anjali Verma,Male,43,Bengaluru,South,P030,Self Help Book,Books,Self Development,1,?599.00,0%,?599.00,?260.00,?339.00,UPI,Cancelled,Website,
ORD102154,11-Mar-2026,CUST1063,Nisha Saxena,Male,24,Amritsar,North,P006,Laptop Backpack,Fashion,Bags,1,"?1,799.00",10%,"?1,619.10",?950.00,?669.10,Debit Card,Delivered,Mobile App,5.0
ORD100886,11-Mar-2026,CUST0884,Karan Jain,Female,31,Kolkata,East,P024,Perfume,Beauty,Fragrance,1,"?1,799.00",15%,"?1,529.15",?900.00,?629.15,UPI,Delivered,Website,5.0
ORD104384,11-Mar-2026,CUST1954,Manish Agarwal,Female,37,Surat,West,P010,Casual Hoodie,Fashion,Clothing,3,"?1,499.00",15%,"?3,822.45","?2,340.00","?1,482.45",Credit Card,Delivered,Website,5.0
ORD101039,11-Mar-2026,CUST1987,Riya Verma,Female,28,Lucknow,North,P028,Data Analytics Book,Books,Technology,1,"?1,099.00",10%,?989.10,?520.00,?469.10,Debit Card,Delivered,Website,5.0
ORD103432,11-Mar-2026,CUST0751,Isha Mehta,Female,43,Chandigarh,North,P016,Yoga Mat,Sports & Fitness,Fitness,1,?999.00,20%,?799.20,?520.00,?279.20,UPI,Delivered,Mobile App,5.0
ORD101886,11-Mar-2026,CUST1095,Nisha Saxena,Male,18,Ranchi,East,P016,Yoga Mat,Sports & Fitness,Fitness,2,?999.00,0%,"?1,998.00","?1,040.00",?958.00,UPI,Delivered,Mobile App,5.0
ORD102552,11-Mar-2026,CUST2116,Varun Jain,Male,51,Coimbatore,South,P008,Cotton T-Shirt,Fashion,Clothing,2,?799.00,0%,"?1,598.00",?780.00,?818.00,Debit Card,Delivered,Mobile App,4.0
ORD104693,11-Mar-2026,CUST1323,Kiara Chopra,Male,32,Dehradun,North,P024,Perfume,Beauty,Fragrance,1,"?1,799.00",10%,"?1,619.10",?900.00,?719.10,UPI,Delivered,Mobile App,5.0
ORD104281,11-Mar-2026,CUST0215,Aditi Saxena,Male,40,Mumbai,West,P025,Moisturizer,Beauty,Skincare,3,?699.00,15%,"?1,782.45",?930.00,?852.45,Wallet,Delivered,Mobile App,5.0
ORD101941,11-Mar-2026,CUST1001,Zoya Singh,Male,18,Hyderabad,South,P002,Bluetooth Speaker,Electronics,Audio,2,"?1,899.00",20%,"?3,038.40","?2,240.00",?798.40,UPI,Delivered,Mobile App,4.0
ORD100581,11-Mar-2026,CUST0968,Sanya Malhotra,Male,43,Ahmedabad,West,P001,Wireless Headphones,Electronics,Audio,1,"?2,499.00",5%,"?2,374.05","?1,550.00",?824.05,Net Banking,Delivered,Website,5.0
ORD100002,12-Mar-2026,CUST1942,Simran Gupta,Male,22,Surat,West,P018,Cricket Bat,Sports & Fitness,Sports,1,"?2,199.00",0%,"?2,199.00","?1,250.00",?949.00,UPI,Delivered,Website,4.0
ORD102179,12-Mar-2026,CUST1878,Simran Gupta,Female,24,Lucknow,North,P028,Data Analytics Book,Books,Technology,1,"?1,099.00",15%,?934.15,?520.00,?414.15,UPI,Cancelled,Website,
ORD101895,12-Mar-2026,CUST2031,Isha Mehta,Male,25,Pune,West,P030,Self Help Book,Books,Self Development,1,?599.00,20%,?479.20,?260.00,?219.20,UPI,Delivered,Mobile App,5.0
ORD101965,12-Mar-2026,CUST2152,Sanya Malhotra,Male,34,Ranchi,East,P012,Air Fryer,Home & Kitchen,Kitchen,4,"?5,999.00",30%,"?16,797.20","?15,600.00","?1,197.20",Credit Card,Delivered,Website,5.0
ORD103255,12-Mar-2026,CUST1231,Isha Mehta,Male,27,Bhubaneswar,East,P022,Sunscreen SPF 50,Beauty,Skincare,1,?799.00,10%,?719.10,?360.00,?359.10,Net Banking,Delivered,Website,4.0
ORD100852,12-Mar-2026,CUST0840,Sanya Malhotra,Female,35,Kolkata,East,P010,Casual Hoodie,Fashion,Clothing,3,"?1,499.00",0%,"?4,497.00","?2,340.00","?2,157.00",Debit Card,Delivered,Mobile App,4.0
ORD103051,12-Mar-2026,CUST1172,Karan Jain,Female,31,Surat,West,P006,Laptop Backpack,Fashion,Bags,5,"?1,799.00",10%,"?8,095.50","?4,750.00","?3,345.50",Net Banking,Delivered,Mobile App,5.0
ORD101854,12-Mar-2026,CUST0826,Rohan Rao,Female,27,Mumbai,West,P010,Casual Hoodie,Fashion,Clothing,1,"?1,499.00",5%,"?1,424.05",?780.00,?644.05,Credit Card,Delivered,Mobile App,5.0
ORD101773,12-Mar-2026,CUST0869,Akash Bansal,Male,40,Bengaluru,South,P029,Programming Book,Books,Technology,1,"?1,299.00",5%,"?1,234.05",?610.00,?624.05,Debit Card,Delivered,Mobile App,4.0
ORD104170,12-Mar-2026,CUST0638,Pooja Kapoor,Male,29,Kolkata,East,P023,Shampoo,Beauty,Haircare,2,?649.00,5%,"?1,233.10",?580.00,?653.10,Net Banking,Delivered,Mobile App,5.0
ORD104350,13-Mar-2026,CUST1809,Sakshi Mishra,Male,37,Pune,West,P006,Laptop Backpack,Fashion,Bags,1,"?1,799.00",15%,"?1,529.15",?950.00,?579.15,UPI,Returned,Mobile App,5.0
ORD100550,13-Mar-2026,CUST1818,Rohan Rao,Male,21,Delhi,North,P007,Running Shoes,Fashion,Footwear,4,"?2,899.00",5%,"?11,016.20","?6,800.00","?4,216.20",Credit Card,Delivered,Website,5.0
ORD100700,13-Mar-2026,CUST0603,Vansh Chopra,Male,19,Nashik,West,P029,Programming Book,Books,Technology,2,"?1,299.00",25%,"?1,948.50","?1,220.00",?728.50,Credit Card,Delivered,Website,1.0
ORD102308,13-Mar-2026,CUST1941,Pranav Bansal,Female,42,Ahmedabad,West,P006,Laptop Backpack,Fashion,Bags,1,"?1,799.00",10%,"?1,619.10",?950.00,?669.10,UPI,Delivered,Website,3.0
ORD102013,13-Mar-2026,CUST0623,Isha Mehta,Female,22,Dehradun,North,P016,Yoga Mat,Sports & Fitness,Fitness,1,?999.00,20%,?799.20,?520.00,?279.20,Debit Card,Delivered,Mobile App,5.0
ORD101223,13-Mar-2026,CUST1484,Rahul Kumar,Female,37,Delhi,North,P028,Data Analytics Book,Books,Technology,1,"?1,099.00",10%,?989.10,?520.00,?469.10,Debit Card,Delivered,Website,4.0
ORD102669,13-Mar-2026,CUST0887,Aditi Saxena,Male,36,Dehradun,North,P022,Sunscreen SPF 50,Beauty,Skincare,1,?799.00,10%,?719.10,?360.00,?359.10,Debit Card,Delivered,Mobile App,3.0
ORD103520,13-Mar-2026,CUST1393,Sakshi Mishra,Female,43,Bhubaneswar,East,P028,Data Analytics Book,Books,Technology,1,"?1,099.00",5%,"?1,044.05",?520.00,?524.05,Credit Card,Delivered,Website,5.0
ORD100569,14-Mar-2026,CUST0271,Isha Mehta,Male,31,Bengaluru,South,P012,Air Fryer,Home & Kitchen,Kitchen,1,"?5,999.00",0%,"?5,999.00","?3,900.00","?2,099.00",Net Banking,Delivered,Mobile App,5.0
ORD102457,14-Mar-2026,CUST1922,Manish Agarwal,Male,18,Lucknow,North,P028,Data Analytics Book,Books,Technology,1,"?1,099.00",10%,?989.10,?520.00,?469.10,UPI,Delivered,Website,4.0
ORD102943,14-Mar-2026,CUST1739,Kiara Chopra,Male,18,Ahmedabad,West,P015,Bedsheet Set,Home & Kitchen,Home Decor,2,"?1,599.00",5%,"?3,038.10","?1,700.00","?1,338.10",Debit Card,Delivered,Mobile App,3.0
ORD103630,14-Mar-2026,CUST2058,Arjun Rao,Male,39,Chennai,South,P024,Perfume,Beauty,Fragrance,1,"?1,799.00",30%,"?1,259.30",?900.00,?359.30,Credit Card,Delivered,Mobile App,5.0
ORD103968,14-Mar-2026,CUST1311,Shivam Mehta,Male,45,Mysuru,South,P014,Table Lamp,Home & Kitchen,Home Decor,1,"?1,299.00",0%,"?1,299.00",?690.00,?609.00,UPI,Delivered,Mobile App,2.0
ORD104419,14-Mar-2026,CUST1294,Aditya Kapoor,Male,37,Chandigarh,North,P028,Data Analytics Book,Books,Technology,2,"?1,099.00",10%,"?1,978.20","?1,040.00",?938.20,Debit Card,Delivered,Website,5.0
ORD102347,14-Mar-2026,CUST1909,Pranav Bansal,Female,50,Ranchi,East,P023,Shampoo,Beauty,Haircare,3,?649.00,10%,"?1,752.30",?870.00,?882.30,Wallet,Delivered,Mobile App,3.0
ORD102863,14-Mar-2026,CUST0945,Sakshi Mishra,Female,40,Bhubaneswar,East,P004,USB-C Charger,Electronics,Accessories,1,?899.00,10%,?809.10,?480.00,?329.10,UPI,Delivered,Website,5.0
ORD100235,14-Mar-2026,CUST1895,Nisha Saxena,Male,34,Coimbatore,South,P017,Dumbbell Set,Sports & Fitness,Fitness,1,"?2,499.00",0%,"?2,499.00","?1,450.00","?1,049.00",UPI,Delivered,Website,4.0
ORD102765,14-Mar-2026,CUST2126,Aditya Kapoor,Female,32,Bokaro,East,P004,USB-C Charger,Electronics,Accessories,1,?899.00,5%,?854.05,?480.00,?374.05,Cash on Delivery,Delivered,Website,3.0
ORD103717,15-Mar-2026,CUST1557,Pranav Bansal,Female,45,Coimbatore,South,P004,USB-C Charger,Electronics,Accessories,1,?899.00,5%,?854.05,?480.00,?374.05,Credit Card,Delivered,Mobile App,4.0
ORD104657,15-Mar-2026,CUST0789,Pranav Bansal,Female,18,Bengaluru,South,P008,Cotton T-Shirt,Fashion,Clothing,1,?799.00,15%,?679.15,?390.00,?289.15,Net Banking,Delivered,Website,4.0
ORD104644,15-Mar-2026,CUST1151,Shivam Mehta,Female,38,Ahmedabad,West,P023,Shampoo,Beauty,Haircare,2,?649.00,15%,"?1,103.30",?580.00,?523.30,Debit Card,Delivered,Website,5.0
ORD104743,15-Mar-2026,CUST1147,Vansh Chopra,Male,33,Dehradun,North,P012,Air Fryer,Home & Kitchen,Kitchen,2,"?5,999.00",25%,"?8,998.50","?7,800.00","?1,198.50",Debit Card,Delivered,Mobile App,3.0
ORD101647,15-Mar-2026,CUST0237,Tanvi Patel,Male,37,Hyderabad,South,P017,Dumbbell Set,Sports & Fitness,Fitness,4,"?2,499.00",25%,"?7,497.00","?5,800.00","?1,697.00",Cash on Delivery,Delivered,Mobile App,4.0
ORD104676,15-Mar-2026,CUST0048,Mohit Sharma,Male,44,Pune,West,P015,Bedsheet Set,Home & Kitchen,Home Decor,1,"?1,599.00",0%,"?1,599.00",?850.00,?749.00,UPI,Delivered,Mobile App,4.0
ORD104386,15-Mar-2026,CUST0185,Meera Singh,Male,29,Amritsar,North,P014,Table Lamp,Home & Kitchen,Home Decor,2,"?1,299.00",15%,"?2,208.30","?1,380.00",?828.30,Cash on Delivery,Delivered,Mobile App,4.0
ORD104848,15-Mar-2026,CUST1422,Aditya Kapoor,Male,33,Bhubaneswar,East,P003,Smart Watch,Electronics,Wearables,1,"?3,299.00",0%,"?3,299.00","?2,100.00","?1,199.00",Wallet,Delivered,Mobile App,5.0
ORD103637,15-Mar-2026,CUST0085,Pranav Bansal,Female,37,Patna,East,P012,Air Fryer,Home & Kitchen,Kitchen,1,"?5,999.00",20%,"?4,799.20","?3,900.00",?899.20,UPI,Delivered,Mobile App,5.0
ORD103183,15-Mar-2026,CUST1170,Yash Agarwal,Male,29,Ahmedabad,West,P015,Bedsheet Set,Home & Kitchen,Home Decor,2,"?1,599.00",0%,"?3,198.00","?1,700.00","?1,498.00",UPI,Delivered,Website,5.0
ORD100162,15-Mar-2026,CUST0547,Riya Verma,Female,34,Mumbai,West,P012,Air Fryer,Home & Kitchen,Kitchen,1,"?5,999.00",15%,"?5,099.15","?3,900.00","?1,199.15",Debit Card,Delivered,Website,5.0
ORD104961,15-Mar-2026,CUST0945,Sakshi Mishra,Male,25,Patna,East,P016,Yoga Mat,Sports & Fitness,Fitness,1,?999.00,15%,?849.15,?520.00,?329.15,UPI,Delivered,Website,5.0
ORD104981,15-Mar-2026,CUST0399,Isha Mehta,Male,33,Hyderabad,South,P028,Data Analytics Book,Books,Technology,1,"?1,099.00",5%,"?1,044.05",?520.00,?524.05,UPI,Delivered,Website,4.0
ORD103973,15-Mar-2026,CUST2004,Karan Jain,Male,30,Ranchi,East,P006,Laptop Backpack,Fashion,Bags,1,"?1,799.00",5%,"?1,709.05",?950.00,?759.05,Credit Card,Delivered,Mobile App,5.0
ORD103745,15-Mar-2026,CUST0427,Kiara Chopra,Male,34,Bokaro,East,P016,Yoga Mat,Sports & Fitness,Fitness,4,?999.00,5%,"?3,796.20","?2,080.00","?1,716.20",Cash on Delivery,Delivered,Mobile App,4.0
ORD104988,16-Mar-2026,CUST1295,Isha Mehta,Male,33,Mysuru,South,P017,Dumbbell Set,Sports & Fitness,Fitness,1,"?2,499.00",0%,"?2,499.00","?1,450.00","?1,049.00",Cash on Delivery,Delivered,Website,5.0
ORD101291,16-Mar-2026,CUST1647,Isha Mehta,Male,34,Ranchi,East,P019,Badminton Racket,Sports & Fitness,Sports,1,"?1,499.00",10%,"?1,349.10",?800.00,?549.10,UPI,Delivered,Mobile App,5.0
ORD102478,16-Mar-2026,CUST0066,Manish Agarwal,Female,22,Coimbatore,South,P010,Casual Hoodie,Fashion,Clothing,1,"?1,499.00",15%,"?1,274.15",?780.00,?494.15,Net Banking,Delivered,Mobile App,5.0
ORD104303,16-Mar-2026,CUST0794,Rohan Rao,Male,33,Ranchi,East,P006,Laptop Backpack,Fashion,Bags,1,"?1,799.00",0%,"?1,799.00",?950.00,?849.00,UPI,Delivered,Website,5.0
ORD104382,16-Mar-2026,CUST0056,Ishaan Malhotra,Female,22,Bokaro,East,P010,Casual Hoodie,Fashion,Clothing,3,"?1,499.00",0%,"?4,497.00","?2,340.00","?2,157.00",UPI,Delivered,Mobile App,4.0
ORD104653,16-Mar-2026,CUST2015,Shivam Mehta,Male,37,Jaipur,North,P025,Moisturizer,Beauty,Skincare,2,?699.00,10%,"?1,258.20",?620.00,?638.20,Cash on Delivery,Delivered,Mobile App,2.0
ORD101115,16-Mar-2026,CUST1117,Kavya Patel,Female,43,Delhi,North,P001,Wireless Headphones,Electronics,Audio,1,"?2,499.00",5%,"?2,374.05","?1,550.00",?824.05,Credit Card,Delivered,Mobile App,5.0
ORD102494,16-Mar-2026,CUST0441,Meera Singh,Female,25,Nashik,West,P004,USB-C Charger,Electronics,Accessories,1,?899.00,5%,?854.05,?480.00,?374.05,Debit Card,Delivered,Website,4.0
ORD101136,16-Mar-2026,CUST0430,Aditya Kapoor,Male,37,Mumbai,West,P012,Air Fryer,Home & Kitchen,Kitchen,3,"?5,999.00",5%,"?17,097.15","?11,700.00","?5,397.15",UPI,Delivered,Mobile App,4.0
ORD104369,17-Mar-2026,CUST1354,Arjun Rao,Male,18,Jaipur,North,P011,Coffee Maker,Home & Kitchen,Kitchen,1,"?3,499.00",10%,"?3,149.10","?2,250.00",?899.10,Cash on Delivery,Delivered,Mobile App,4.0
ORD102109,17-Mar-2026,CUST1584,Mohit Sharma,Female,18,Nashik,West,P020,Resistance Bands,Sports & Fitness,Fitness,1,?699.00,15%,?594.15,?320.00,?274.15,UPI,Delivered,Mobile App,4.0
ORD100794,17-Mar-2026,CUST1444,Varun Jain,Male,24,Guwahati,East,P005,Power Bank 20000mAh,Electronics,Accessories,1,"?1,599.00",10%,"?1,439.10",?920.00,?519.10,UPI,Delivered,Mobile App,4.0
ORD104193,17-Mar-2026,CUST1376,Aarav Sharma,Male,18,Chandigarh,North,P025,Moisturizer,Beauty,Skincare,1,?699.00,15%,?594.15,?310.00,?284.15,Debit Card,Delivered,Mobile App,4.0
ORD102376,17-Mar-2026,CUST1549,Tanvi Patel,Male,23,Nagpur,West,P022,Sunscreen SPF 50,Beauty,Skincare,3,?799.00,10%,"?2,157.30","?1,080.00","?1,077.30",UPI,Delivered,Mobile App,4.0
ORD104616,17-Mar-2026,CUST2079,Shivam Mehta,Female,23,Mysuru,South,P019,Badminton Racket,Sports & Fitness,Sports,1,"?1,499.00",5%,"?1,424.05",?800.00,?624.05,Wallet,Delivered,Mobile App,4.0
ORD104454,17-Mar-2026,CUST1664,Aarav Sharma,Male,38,Mysuru,South,P004,USB-C Charger,Electronics,Accessories,2,?899.00,10%,"?1,618.20",?960.00,?658.20,UPI,Delivered,Mobile App,2.0
ORD102846,17-Mar-2026,CUST0615,Nisha Saxena,Female,36,Hyderabad,South,P016,Yoga Mat,Sports & Fitness,Fitness,4,?999.00,10%,"?3,596.40","?2,080.00","?1,516.40",UPI,Delivered,Mobile App,4.0
ORD101659,17-Mar-2026,CUST1781,Pranav Bansal,Male,31,Pune,West,P004,USB-C Charger,Electronics,Accessories,3,?899.00,10%,"?2,427.30","?1,440.00",?987.30,Net Banking,Cancelled,Website,
ORD100720,17-Mar-2026,CUST0325,Akash Bansal,Male,32,Coimbatore,South,P013,Non-Stick Cookware Set,Home & Kitchen,Cookware,5,"?4,299.00",10%,"?19,345.50","?13,500.00","?5,845.50",Cash on Delivery,Delivered,Mobile App,4.0
ORD100495,17-Mar-2026,CUST1452,Rahul Kumar,Male,30,Nashik,West,P016,Yoga Mat,Sports & Fitness,Fitness,1,?999.00,5%,?949.05,?520.00,?429.05,Debit Card,Delivered,Mobile App,5.0
ORD102702,17-Mar-2026,CUST1166,Aditya Kapoor,Female,28,Bengaluru,South,P030,Self Help Book,Books,Self Development,1,?599.00,5%,?569.05,?260.00,?309.05,Debit Card,Cancelled,Mobile App,
ORD104209,17-Mar-2026,CUST0395,Kiara Chopra,Female,26,Bokaro,East,P027,Business Strategy Book,Books,Business,2,?699.00,5%,"?1,328.10",?600.00,?728.10,UPI,Delivered,Mobile App,5.0
ORD103571,18-Mar-2026,CUST1618,Yash Agarwal,Female,26,Delhi,North,P012,Air Fryer,Home & Kitchen,Kitchen,4,"?5,999.00",5%,"?22,796.20","?15,600.00","?7,196.20",Credit Card,Delivered,Website,5.0
ORD102270,18-Mar-2026,CUST0820,Karan Jain,Female,33,Nagpur,West,P028,Data Analytics Book,Books,Technology,4,"?1,099.00",20%,"?3,516.80","?2,080.00","?1,436.80",UPI,Delivered,Mobile App,4.0
ORD101697,18-Mar-2026,CUST1943,Aditi Saxena,Female,31,Kochi,South,P013,Non-Stick Cookware Set,Home & Kitchen,Cookware,1,"?4,299.00",15%,"?3,654.15","?2,700.00",?954.15,Credit Card,Delivered,Mobile App,4.0
ORD103484,18-Mar-2026,CUST1909,Pranav Bansal,Female,54,Hyderabad,South,P004,USB-C Charger,Electronics,Accessories,1,?899.00,10%,?809.10,?480.00,?329.10,Net Banking,Delivered,Mobile App,2.0
ORD100145,18-Mar-2026,CUST1058,Manish Agarwal,Female,30,Lucknow,North,P028,Data Analytics Book,Books,Technology,1,"?1,099.00",25%,?824.25,?520.00,?304.25,Debit Card,Delivered,Website,5.0
ORD100975,18-Mar-2026,CUST1614,Aditya Kapoor,Male,34,Lucknow,North,P012,Air Fryer,Home & Kitchen,Kitchen,1,"?5,999.00",5%,"?5,699.05","?3,900.00","?1,799.05",UPI,Delivered,Mobile App,4.0
ORD101902,18-Mar-2026,CUST0284,Ananya Kumar,Male,36,Nashik,West,P017,Dumbbell Set,Sports & Fitness,Fitness,2,"?2,499.00",0%,"?4,998.00","?2,900.00","?2,098.00",UPI,Returned,Website,5.0
ORD104504,18-Mar-2026,CUST1360,Mohit Sharma,Female,23,Dehradun,North,P011,Coffee Maker,Home & Kitchen,Kitchen,1,"?3,499.00",10%,"?3,149.10","?2,250.00",?899.10,UPI,Delivered,Website,4.0
ORD104945,18-Mar-2026,CUST1472,Aarav Sharma,Male,26,Kolkata,East,P022,Sunscreen SPF 50,Beauty,Skincare,1,?799.00,15%,?679.15,?360.00,?319.15,Credit Card,Delivered,Mobile App,4.0
ORD100354,18-Mar-2026,CUST0828,Ananya Kumar,Male,38,Bengaluru,South,P022,Sunscreen SPF 50,Beauty,Skincare,4,?799.00,25%,"?2,397.00","?1,440.00",?957.00,Credit Card,Delivered,Website,3.0
ORD103273,19-Mar-2026,CUST0575,Shivam Mehta,Male,29,Bhubaneswar,East,P012,Air Fryer,Home & Kitchen,Kitchen,2,"?5,999.00",10%,"?10,798.20","?7,800.00","?2,998.20",Debit Card,Delivered,Mobile App,5.0
ORD103959,19-Mar-2026,CUST1141,Pranav Bansal,Male,28,Patna,East,P018,Cricket Bat,Sports & Fitness,Sports,1,"?2,199.00",15%,"?1,869.15","?1,250.00",?619.15,UPI,Delivered,Mobile App,5.0
ORD104559,19-Mar-2026,CUST0634,Rohan Rao,Male,37,Patna,East,P011,Coffee Maker,Home & Kitchen,Kitchen,2,"?3,499.00",0%,"?6,998.00","?4,500.00","?2,498.00",Credit Card,Delivered,Website,5.0
ORD103044,19-Mar-2026,CUST1068,Rahul Kumar,Female,37,Kolkata,East,P020,Resistance Bands,Sports & Fitness,Fitness,3,?699.00,25%,"?1,572.75",?960.00,?612.75,UPI,Delivered,Website,4.0
ORD102286,19-Mar-2026,CUST1971,Anjali Verma,Male,25,Nashik,West,P022,Sunscreen SPF 50,Beauty,Skincare,1,?799.00,30%,?559.30,?360.00,?199.30,Credit Card,Delivered,Mobile App,4.0
ORD104397,19-Mar-2026,CUST1618,Yash Agarwal,Male,36,Pune,West,P005,Power Bank 20000mAh,Electronics,Accessories,2,"?1,599.00",20%,"?2,558.40","?1,840.00",?718.40,UPI,Delivered,Website,5.0
ORD101077,19-Mar-2026,CUST1743,Isha Mehta,Female,45,Chandigarh,North,P005,Power Bank 20000mAh,Electronics,Accessories,1,"?1,599.00",5%,"?1,519.05",?920.00,?599.05,Net Banking,Delivered,Website,3.0
ORD103202,19-Mar-2026,CUST2145,Diya Mishra,Female,33,Jaipur,North,P003,Smart Watch,Electronics,Wearables,1,"?3,299.00",10%,"?2,969.10","?2,100.00",?869.10,UPI,Delivered,Mobile App,4.0
ORD102502,19-Mar-2026,CUST1644,Rahul Kumar,Male,36,Nashik,West,P004,USB-C Charger,Electronics,Accessories,1,?899.00,20%,?719.20,?480.00,?239.20,Credit Card,Delivered,Mobile App,2.0
ORD100918,19-Mar-2026,CUST1190,Kabir Gupta,Male,42,Ahmedabad,West,P014,Table Lamp,Home & Kitchen,Home Decor,1,"?1,299.00",10%,"?1,169.10",?690.00,?479.10,Credit Card,Delivered,Mobile App,4.0
ORD100696,19-Mar-2026,CUST2169,Meera Singh,Female,20,Mysuru,South,P005,Power Bank 20000mAh,Electronics,Accessories,2,"?1,599.00",20%,"?2,558.40","?1,840.00",?718.40,Cash on Delivery,Delivered,Website,5.0
ORD102597,19-Mar-2026,CUST0673,Diya Mishra,Female,53,Kolkata,East,P022,Sunscreen SPF 50,Beauty,Skincare,4,?799.00,15%,"?2,716.60","?1,440.00","?1,276.60",UPI,Delivered,Website,4.0
ORD103318,20-Mar-2026,CUST0010,Arjun Rao,Male,43,Bhubaneswar,East,P015,Bedsheet Set,Home & Kitchen,Home Decor,3,"?1,599.00",25%,"?3,597.75","?2,550.00","?1,047.75",Net Banking,Delivered,Mobile App,4.0
ORD102485,20-Mar-2026,CUST1126,Kabir Gupta,Male,34,Bokaro,East,P007,Running Shoes,Fashion,Footwear,2,"?2,899.00",5%,"?5,508.10","?3,400.00","?2,108.10",Debit Card,Delivered,Mobile App,4.0
ORD100303,20-Mar-2026,CUST1424,Mohit Sharma,Male,30,Chennai,South,P023,Shampoo,Beauty,Haircare,1,?649.00,5%,?616.55,?290.00,?326.55,Cash on Delivery,Returned,Website,5.0
ORD104674,20-Mar-2026,CUST0012,Rahul Kumar,Female,32,Mumbai,West,P029,Programming Book,Books,Technology,2,"?1,299.00",10%,"?2,338.20","?1,220.00","?1,118.20",Debit Card,Delivered,Website,5.0
ORD103740,20-Mar-2026,CUST1842,Yash Agarwal,Male,36,Amritsar,North,P010,Casual Hoodie,Fashion,Clothing,1,"?1,499.00",25%,"?1,124.25",?780.00,?344.25,Cash on Delivery,Delivered,Mobile App,4.0
ORD104254,20-Mar-2026,CUST0173,Tanvi Patel,Male,19,Guwahati,East,P001,Wireless Headphones,Electronics,Audio,1,"?2,499.00",15%,"?2,124.15","?1,550.00",?574.15,Credit Card,Cancelled,Mobile App,
ORD104614,20-Mar-2026,CUST0226,Manish Agarwal,Female,34,Kochi,South,P023,Shampoo,Beauty,Haircare,3,?649.00,15%,"?1,654.95",?870.00,?784.95,Credit Card,Delivered,Mobile App,4.0
ORD100461,21-Mar-2026,CUST0844,Rahul Kumar,Female,44,Bhubaneswar,East,P010,Casual Hoodie,Fashion,Clothing,2,"?1,499.00",10%,"?2,698.20","?1,560.00","?1,138.20",Wallet,Delivered,Mobile App,3.0
ORD103490,21-Mar-2026,CUST1089,Diya Mishra,Male,40,Lucknow,North,P003,Smart Watch,Electronics,Wearables,3,"?3,299.00",5%,"?9,402.15","?6,300.00","?3,102.15",UPI,Delivered,Mobile App,3.0
ORD101405,21-Mar-2026,CUST1360,Mohit Sharma,Male,43,Hyderabad,South,P007,Running Shoes,Fashion,Footwear,2,"?2,899.00",5%,"?5,508.10","?3,400.00","?2,108.10",Credit Card,Delivered,Mobile App,5.0
ORD101620,21-Mar-2026,CUST1547,Kiara Chopra,Female,37,Lucknow,North,P008,Cotton T-Shirt,Fashion,Clothing,3,?799.00,10%,"?2,157.30","?1,170.00",?987.30,UPI,Returned,Mobile App,4.0
ORD103285,21-Mar-2026,CUST1360,Mohit Sharma,Male,39,Bengaluru,South,P028,Data Analytics Book,Books,Technology,1,"?1,099.00",20%,?879.20,?520.00,?359.20,UPI,Delivered,Mobile App,4.0
ORD104938,21-Mar-2026,CUST1853,Kavya Patel,Female,30,Amritsar,North,P005,Power Bank 20000mAh,Electronics,Accessories,2,"?1,599.00",0%,"?3,198.00","?1,840.00","?1,358.00",Net Banking,Delivered,Website,5.0
ORD102335,21-Mar-2026,CUST0062,Pooja Kapoor,Male,18,Pune,West,P022,Sunscreen SPF 50,Beauty,Skincare,1,?799.00,15%,?679.15,?360.00,?319.15,Debit Card,Delivered,Mobile App,4.0
ORD103967,21-Mar-2026,CUST1819,Vansh Chopra,Female,22,Ahmedabad,West,P003,Smart Watch,Electronics,Wearables,2,"?3,299.00",5%,"?6,268.10","?4,200.00","?2,068.10",UPI,Delivered,Mobile App,5.0
ORD102407,21-Mar-2026,CUST1439,Shivam Mehta,Male,49,Mumbai,West,P002,Bluetooth Speaker,Electronics,Audio,2,"?1,899.00",5%,"?3,608.10","?2,240.00","?1,368.10",Credit Card,Delivered,Website,3.0
ORD100406,21-Mar-2026,CUST0309,Pranav Bansal,Male,45,Jaipur,North,P022,Sunscreen SPF 50,Beauty,Skincare,2,?799.00,20%,"?1,278.40",?720.00,?558.40,Net Banking,Delivered,Mobile App,4.0
ORD102131,21-Mar-2026,CUST1623,Aditi Saxena,Female,46,Ranchi,East,P022,Sunscreen SPF 50,Beauty,Skincare,1,?799.00,10%,?719.10,?360.00,?359.10,Debit Card,Delivered,Mobile App,3.0
ORD103995,21-Mar-2026,CUST0416,Aarav Sharma,Male,28,Lucknow,North,P023,Shampoo,Beauty,Haircare,2,?649.00,15%,"?1,103.30",?580.00,?523.30,Wallet,Delivered,Website,5.0
ORD101704,22-Mar-2026,CUST0775,Nisha Saxena,Male,31,Chennai,South,P010,Casual Hoodie,Fashion,Clothing,3,"?1,499.00",5%,"?4,272.15","?2,340.00","?1,932.15",UPI,Delivered,Website,3.0
ORD100560,22-Mar-2026,CUST0330,Arjun Rao,Male,29,Bengaluru,South,P012,Air Fryer,Home & Kitchen,Kitchen,1,"?5,999.00",20%,"?4,799.20","?3,900.00",?899.20,Wallet,Delivered,Website,4.0
ORD102898,22-Mar-2026,CUST1128,Sanya Malhotra,Female,18,Bokaro,East,P001,Wireless Headphones,Electronics,Audio,2,"?2,499.00",10%,"?4,498.20","?3,100.00","?1,398.20",Credit Card,Delivered,Website,5.0
ORD103711,22-Mar-2026,CUST1566,Pooja Kapoor,Male,42,Bengaluru,South,P008,Cotton T-Shirt,Fashion,Clothing,1,?799.00,0%,?799.00,?390.00,?409.00,UPI,Delivered,Mobile App,5.0
ORD103933,22-Mar-2026,CUST1829,Akash Bansal,Female,43,Bhubaneswar,East,P015,Bedsheet Set,Home & Kitchen,Home Decor,1,"?1,599.00",20%,"?1,279.20",?850.00,?429.20,UPI,Delivered,Website,5.0
ORD102680,22-Mar-2026,CUST1517,Tanvi Patel,Female,35,Kolkata,East,P022,Sunscreen SPF 50,Beauty,Skincare,3,?799.00,20%,"?1,917.60","?1,080.00",?837.60,Cash on Delivery,Delivered,Mobile App,5.0
ORD102878,22-Mar-2026,CUST0618,Arjun Rao,Male,26,Bhubaneswar,East,P022,Sunscreen SPF 50,Beauty,Skincare,1,?799.00,20%,?639.20,?360.00,?279.20,Wallet,Delivered,Mobile App,4.0
ORD104919,22-Mar-2026,CUST2047,Shivam Mehta,Female,22,Mysuru,South,P026,Novel Collection,Books,Fiction,2,?899.00,15%,"?1,528.30",?840.00,?688.30,UPI,Delivered,Website,5.0
ORD104893,22-Mar-2026,CUST2081,Diya Mishra,Female,27,Guwahati,East,P027,Business Strategy Book,Books,Business,2,?699.00,0%,"?1,398.00",?600.00,?798.00,UPI,Delivered,Mobile App,5.0
ORD100705,22-Mar-2026,CUST0841,Zoya Singh,Female,41,Delhi,North,P020,Resistance Bands,Sports & Fitness,Fitness,2,?699.00,25%,"?1,048.50",?640.00,?408.50,UPI,Delivered,Website,3.0
ORD100329,23-Mar-2026,CUST1305,Meera Singh,Female,31,Surat,West,P024,Perfume,Beauty,Fragrance,3,"?1,799.00",5%,"?5,127.15","?2,700.00","?2,427.15",UPI,Delivered,Mobile App,5.0
ORD102173,23-Mar-2026,CUST0815,Isha Mehta,Female,18,Guwahati,East,P023,Shampoo,Beauty,Haircare,1,?649.00,5%,?616.55,?290.00,?326.55,Credit Card,Delivered,Mobile App,5.0
ORD103736,23-Mar-2026,CUST1495,Aditi Saxena,Female,32,Mumbai,West,P018,Cricket Bat,Sports & Fitness,Sports,3,"?2,199.00",10%,"?5,937.30","?3,750.00","?2,187.30",UPI,Delivered,Mobile App,5.0
ORD103887,23-Mar-2026,CUST1197,Tanvi Patel,Female,26,Ranchi,East,P003,Smart Watch,Electronics,Wearables,1,"?3,299.00",5%,"?3,134.05","?2,100.00","?1,034.05",Credit Card,Delivered,Website,2.0
ORD101787,23-Mar-2026,CUST1788,Ananya Kumar,Male,46,Surat,West,P017,Dumbbell Set,Sports & Fitness,Fitness,3,"?2,499.00",10%,"?6,747.30","?4,350.00","?2,397.30",Credit Card,Delivered,Mobile App,4.0
ORD104077,23-Mar-2026,CUST0519,Nisha Saxena,Male,28,Delhi,North,P015,Bedsheet Set,Home & Kitchen,Home Decor,1,"?1,599.00",20%,"?1,279.20",?850.00,?429.20,Debit Card,Delivered,Mobile App,3.0
ORD104896,23-Mar-2026,CUST1027,Riya Verma,Male,36,Dehradun,North,P008,Cotton T-Shirt,Fashion,Clothing,2,?799.00,10%,"?1,438.20",?780.00,?658.20,UPI,Delivered,Website,2.0
ORD100588,23-Mar-2026,CUST1418,Arjun Rao,Female,37,Bhubaneswar,East,P020,Resistance Bands,Sports & Fitness,Fitness,5,?699.00,5%,"?3,320.25","?1,600.00","?1,720.25",UPI,Delivered,Mobile App,4.0
ORD102507,24-Mar-2026,CUST1139,Anjali Verma,Male,39,Nashik,West,P012,Air Fryer,Home & Kitchen,Kitchen,2,"?5,999.00",5%,"?11,398.10","?7,800.00","?3,598.10",Cash on Delivery,Delivered,Website,5.0
ORD104392,24-Mar-2026,CUST1003,Kiara Chopra,Male,35,Lucknow,North,P023,Shampoo,Beauty,Haircare,1,?649.00,15%,?551.65,?290.00,?261.65,Cash on Delivery,Delivered,Mobile App,5.0
ORD104128,24-Mar-2026,CUST1624,Ishaan Malhotra,Male,33,Jaipur,North,P028,Data Analytics Book,Books,Technology,3,"?1,099.00",15%,"?2,802.45","?1,560.00","?1,242.45",Wallet,Delivered,Mobile App,5.0
ORD104008,24-Mar-2026,CUST0171,Kiara Chopra,Male,35,Hyderabad,South,P022,Sunscreen SPF 50,Beauty,Skincare,1,?799.00,15%,?679.15,?360.00,?319.15,Net Banking,Delivered,Website,4.0
ORD100786,24-Mar-2026,CUST1961,Zoya Singh,Male,28,Nashik,West,P011,Coffee Maker,Home & Kitchen,Kitchen,3,"?3,499.00",5%,"?9,972.15","?6,750.00","?3,222.15",Net Banking,Delivered,Mobile App,4.0
ORD101237,24-Mar-2026,CUST1726,Pooja Kapoor,Male,29,Lucknow,North,P019,Badminton Racket,Sports & Fitness,Sports,1,"?1,499.00",15%,"?1,274.15",?800.00,?474.15,Debit Card,Delivered,Website,1.0
ORD104953,24-Mar-2026,CUST0778,Arjun Rao,Male,38,Amritsar,North,P028,Data Analytics Book,Books,Technology,1,"?1,099.00",10%,?989.10,?520.00,?469.10,Credit Card,Delivered,Website,2.0
ORD101877,25-Mar-2026,CUST1528,Ishaan Malhotra,Male,24,Kolkata,East,P030,Self Help Book,Books,Self Development,1,?599.00,5%,?569.05,?260.00,?309.05,Debit Card,Delivered,Mobile App,4.0
ORD102375,25-Mar-2026,CUST0593,Sakshi Mishra,Male,28,Coimbatore,South,P003,Smart Watch,Electronics,Wearables,3,"?3,299.00",15%,"?8,412.45","?6,300.00","?2,112.45",Credit Card,Delivered,Website,1.0
ORD101455,25-Mar-2026,CUST0571,Vansh Chopra,Female,39,Delhi,North,P001,Wireless Headphones,Electronics,Audio,2,"?2,499.00",15%,"?4,248.30","?3,100.00","?1,148.30",Debit Card,Delivered,Website,4.0
ORD100561,25-Mar-2026,CUST0660,Karan Jain,Male,28,Kolkata,East,P015,Bedsheet Set,Home & Kitchen,Home Decor,3,"?1,599.00",10%,"?4,317.30","?2,550.00","?1,767.30",Credit Card,Delivered,Website,5.0
ORD103218,25-Mar-2026,CUST0105,Zoya Singh,Female,54,Dehradun,North,P021,Face Wash,Beauty,Skincare,5,?499.00,15%,"?2,120.75","?1,100.00","?1,020.75",Cash on Delivery,Delivered,Mobile App,4.0
ORD103384,25-Mar-2026,CUST0687,Isha Mehta,Male,18,Mumbai,West,P009,Denim Jeans,Fashion,Clothing,2,"?1,999.00",15%,"?3,398.30","?2,100.00","?1,298.30",UPI,Delivered,Mobile App,4.0
ORD101992,25-Mar-2026,CUST0185,Meera Singh,Female,44,Mysuru,South,P001,Wireless Headphones,Electronics,Audio,1,"?2,499.00",20%,"?1,999.20","?1,550.00",?449.20,Cash on Delivery,Delivered,Mobile App,5.0
ORD103963,25-Mar-2026,CUST1205,Pranav Bansal,Female,18,Coimbatore,South,P017,Dumbbell Set,Sports & Fitness,Fitness,5,"?2,499.00",10%,"?11,245.50","?7,250.00","?3,995.50",Net Banking,Delivered,Website,5.0
ORD101731,25-Mar-2026,CUST1428,Karan Jain,Male,27,Bengaluru,South,P026,Novel Collection,Books,Fiction,3,?899.00,10%,"?2,427.30","?1,260.00","?1,167.30",UPI,Delivered,Website,5.0
ORD102655,26-Mar-2026,CUST1856,Aarav Sharma,Female,33,Jaipur,North,P001,Wireless Headphones,Electronics,Audio,2,"?2,499.00",5%,"?4,748.10","?3,100.00","?1,648.10",Wallet,Returned,Mobile App,5.0
ORD102429,26-Mar-2026,CUST0351,Shivam Mehta,Female,34,Hyderabad,South,P026,Novel Collection,Books,Fiction,3,?899.00,5%,"?2,562.15","?1,260.00","?1,302.15",Debit Card,Delivered,Website,1.0
ORD100606,26-Mar-2026,CUST2092,Rahul Kumar,Male,22,Chandigarh,North,P025,Moisturizer,Beauty,Skincare,2,?699.00,15%,"?1,188.30",?620.00,?568.30,Debit Card,Delivered,Mobile App,5.0
ORD101574,26-Mar-2026,CUST1593,Meera Singh,Female,40,Amritsar,North,P018,Cricket Bat,Sports & Fitness,Sports,2,"?2,199.00",5%,"?4,178.10","?2,500.00","?1,678.10",UPI,Delivered,Mobile App,5.0
ORD103145,26-Mar-2026,CUST0891,Vansh Chopra,Male,35,Hyderabad,South,P008,Cotton T-Shirt,Fashion,Clothing,1,?799.00,10%,?719.10,?390.00,?329.10,UPI,Delivered,Mobile App,5.0
ORD102237,26-Mar-2026,CUST1449,Zoya Singh,Female,18,Ahmedabad,West,P005,Power Bank 20000mAh,Electronics,Accessories,2,"?1,599.00",15%,"?2,718.30","?1,840.00",?878.30,Credit Card,Delivered,Mobile App,4.0
ORD100527,26-Mar-2026,CUST0256,Aarav Sharma,Male,18,Pune,West,P030,Self Help Book,Books,Self Development,2,?599.00,0%,"?1,198.00",?520.00,?678.00,Credit Card,Cancelled,Website,
ORD101100,26-Mar-2026,CUST0919,Aditi Saxena,Female,23,Lucknow,North,P001,Wireless Headphones,Electronics,Audio,3,"?2,499.00",0%,"?7,497.00","?4,650.00","?2,847.00",Net Banking,Delivered,Mobile App,4.0
ORD101024,26-Mar-2026,CUST0758,Simran Gupta,Male,38,Kolkata,East,P007,Running Shoes,Fashion,Footwear,2,"?2,899.00",10%,"?5,218.20","?3,400.00","?1,818.20",Net Banking,Cancelled,Mobile App,
ORD102912,26-Mar-2026,CUST1917,Kavya Patel,Female,33,Amritsar,North,P026,Novel Collection,Books,Fiction,3,?899.00,5%,"?2,562.15","?1,260.00","?1,302.15",Net Banking,Delivered,Website,5.0
ORD103859,26-Mar-2026,CUST0136,Sanya Malhotra,Male,18,Surat,West,P002,Bluetooth Speaker,Electronics,Audio,3,"?1,899.00",10%,"?5,127.30","?3,360.00","?1,767.30",UPI,Delivered,Website,3.0
ORD104537,26-Mar-2026,CUST1562,Rohan Rao,Female,47,Kolkata,East,P030,Self Help Book,Books,Self Development,2,?599.00,30%,?838.60,?520.00,?318.60,UPI,Delivered,Mobile App,4.0
ORD103583,26-Mar-2026,CUST0562,Yash Agarwal,Female,19,Guwahati,East,P007,Running Shoes,Fashion,Footwear,3,"?2,899.00",5%,"?8,262.15","?5,100.00","?3,162.15",Credit Card,Delivered,Mobile App,5.0
ORD103355,26-Mar-2026,CUST1258,Arjun Rao,Male,38,Delhi,North,P006,Laptop Backpack,Fashion,Bags,1,"?1,799.00",5%,"?1,709.05",?950.00,?759.05,Credit Card,Returned,Website,5.0
ORD103764,27-Mar-2026,CUST0208,Mohit Sharma,Female,37,Dehradun,North,P022,Sunscreen SPF 50,Beauty,Skincare,1,?799.00,20%,?639.20,?360.00,?279.20,Credit Card,Delivered,Website,3.0
ORD102466,27-Mar-2026,CUST1958,Kabir Gupta,Male,34,Bhubaneswar,East,P018,Cricket Bat,Sports & Fitness,Sports,4,"?2,199.00",10%,"?7,916.40","?5,000.00","?2,916.40",UPI,Delivered,Mobile App,5.0
ORD104578,27-Mar-2026,CUST1860,Varun Jain,Female,35,Ahmedabad,West,P026,Novel Collection,Books,Fiction,2,?899.00,10%,"?1,618.20",?840.00,?778.20,Credit Card,Delivered,Website,5.0
ORD103121,27-Mar-2026,CUST1236,Karan Jain,Female,34,Surat,West,P006,Laptop Backpack,Fashion,Bags,1,"?1,799.00",10%,"?1,619.10",?950.00,?669.10,UPI,Delivered,Website,5.0
ORD100468,27-Mar-2026,CUST2032,Mohit Sharma,Female,33,Dehradun,North,P011,Coffee Maker,Home & Kitchen,Kitchen,3,"?3,499.00",0%,"?10,497.00","?6,750.00","?3,747.00",Cash on Delivery,Delivered,Mobile App,4.0
ORD102663,27-Mar-2026,CUST1384,Sanya Malhotra,Female,38,Amritsar,North,P014,Table Lamp,Home & Kitchen,Home Decor,2,"?1,299.00",10%,"?2,338.20","?1,380.00",?958.20,UPI,Returned,Mobile App,5.0
ORD102939,27-Mar-2026,CUST2094,Aditya Kapoor,Female,40,Jaipur,North,P026,Novel Collection,Books,Fiction,2,?899.00,5%,"?1,708.10",?840.00,?868.10,UPI,Delivered,Mobile App,3.0
ORD103401,27-Mar-2026,CUST0528,Mohit Sharma,Male,32,Lucknow,North,P011,Coffee Maker,Home & Kitchen,Kitchen,1,"?3,499.00",10%,"?3,149.10","?2,250.00",?899.10,Cash on Delivery,Delivered,Mobile App,4.0
ORD103553,27-Mar-2026,CUST1033,Zoya Singh,Male,30,Hyderabad,South,P022,Sunscreen SPF 50,Beauty,Skincare,3,?799.00,0%,"?2,397.00","?1,080.00","?1,317.00",Credit Card,Delivered,Website,5.0
ORD103090,28-Mar-2026,CUST0031,Shivam Mehta,Female,43,Surat,West,P016,Yoga Mat,Sports & Fitness,Fitness,1,?999.00,0%,?999.00,?520.00,?479.00,Cash on Delivery,Delivered,Mobile App,5.0
ORD103146,28-Mar-2026,CUST1956,Varun Jain,Male,27,Dehradun,North,P019,Badminton Racket,Sports & Fitness,Sports,1,"?1,499.00",10%,"?1,349.10",?800.00,?549.10,Credit Card,Returned,Website,2.0
ORD102715,28-Mar-2026,CUST1452,Rahul Kumar,Male,18,Amritsar,North,P022,Sunscreen SPF 50,Beauty,Skincare,2,?799.00,10%,"?1,438.20",?720.00,?718.20,Cash on Delivery,Delivered,Mobile App,5.0
ORD104313,28-Mar-2026,CUST0888,Ishaan Malhotra,Male,29,Bengaluru,South,P021,Face Wash,Beauty,Skincare,3,?499.00,25%,"?1,122.75",?660.00,?462.75,Net Banking,Delivered,Website,5.0
ORD101624,28-Mar-2026,CUST1296,Mohit Sharma,Female,24,Nagpur,West,P002,Bluetooth Speaker,Electronics,Audio,2,"?1,899.00",5%,"?3,608.10","?2,240.00","?1,368.10",UPI,Delivered,Mobile App,4.0
ORD102731,28-Mar-2026,CUST0286,Pooja Kapoor,Female,42,Guwahati,East,P010,Casual Hoodie,Fashion,Clothing,2,"?1,499.00",5%,"?2,848.10","?1,560.00","?1,288.10",Debit Card,Delivered,Website,5.0
ORD103111,28-Mar-2026,CUST2059,Kiara Chopra,Male,22,Chandigarh,North,P018,Cricket Bat,Sports & Fitness,Sports,1,"?2,199.00",15%,"?1,869.15","?1,250.00",?619.15,Net Banking,Delivered,Website,4.0
ORD104082,28-Mar-2026,CUST1000,Sanya Malhotra,Male,30,Chennai,South,P018,Cricket Bat,Sports & Fitness,Sports,2,"?2,199.00",30%,"?3,078.60","?2,500.00",?578.60,Wallet,Delivered,Mobile App,3.0
ORD103208,28-Mar-2026,CUST0333,Tanvi Patel,Male,45,Delhi,North,P018,Cricket Bat,Sports & Fitness,Sports,1,"?2,199.00",5%,"?2,089.05","?1,250.00",?839.05,Net Banking,Returned,Website,5.0
ORD100932,28-Mar-2026,CUST1640,Sanya Malhotra,Female,20,Lucknow,North,P010,Casual Hoodie,Fashion,Clothing,1,"?1,499.00",10%,"?1,349.10",?780.00,?569.10,Debit Card,Delivered,Website,5.0
ORD102412,29-Mar-2026,CUST1271,Aditi Saxena,Male,22,Pune,West,P018,Cricket Bat,Sports & Fitness,Sports,5,"?2,199.00",15%,"?9,345.75","?6,250.00","?3,095.75",Wallet,Delivered,Website,4.0
ORD104063,29-Mar-2026,CUST0183,Aditi Saxena,Male,26,Coimbatore,South,P007,Running Shoes,Fashion,Footwear,1,"?2,899.00",10%,"?2,609.10","?1,700.00",?909.10,Debit Card,Delivered,Mobile App,5.0
ORD104555,29-Mar-2026,CUST1209,Meera Singh,Male,27,Kolkata,East,P011,Coffee Maker,Home & Kitchen,Kitchen,2,"?3,499.00",10%,"?6,298.20","?4,500.00","?1,798.20",UPI,Delivered,Website,5.0
ORD100242,29-Mar-2026,CUST0415,Shivam Mehta,Female,35,Bokaro,East,P027,Business Strategy Book,Books,Business,1,?699.00,10%,?629.10,?300.00,?329.10,UPI,Delivered,Website,4.0
ORD100340,29-Mar-2026,CUST1461,Pranav Bansal,Female,30,Chennai,South,P001,Wireless Headphones,Electronics,Audio,2,"?2,499.00",10%,"?4,498.20","?3,100.00","?1,398.20",Debit Card,Delivered,Mobile App,4.0
ORD101698,29-Mar-2026,CUST1218,Manish Agarwal,Male,31,Delhi,North,P022,Sunscreen SPF 50,Beauty,Skincare,3,?799.00,5%,"?2,277.15","?1,080.00","?1,197.15",Net Banking,Delivered,Website,5.0
ORD103702,29-Mar-2026,CUST1197,Tanvi Patel,Male,25,Amritsar,North,P009,Denim Jeans,Fashion,Clothing,2,"?1,999.00",20%,"?3,198.40","?2,100.00","?1,098.40",Wallet,Delivered,Mobile App,4.0
ORD100195,29-Mar-2026,CUST1810,Yash Agarwal,Male,36,Kochi,South,P029,Programming Book,Books,Technology,1,"?1,299.00",20%,"?1,039.20",?610.00,?429.20,UPI,Delivered,Mobile App,2.0
ORD102875,29-Mar-2026,CUST0082,Yash Agarwal,Male,29,Kolkata,East,P014,Table Lamp,Home & Kitchen,Home Decor,1,"?1,299.00",5%,"?1,234.05",?690.00,?544.05,Debit Card,Delivered,Mobile App,5.0
ORD101295,29-Mar-2026,CUST1028,Varun Jain,Male,31,Nagpur,West,P006,Laptop Backpack,Fashion,Bags,1,"?1,799.00",25%,"?1,349.25",?950.00,?399.25,Credit Card,Delivered,Website,2.0
ORD103101,29-Mar-2026,CUST2080,Aarav Sharma,Female,21,Dehradun,North,P016,Yoga Mat,Sports & Fitness,Fitness,1,?999.00,0%,?999.00,?520.00,?479.00,Credit Card,Delivered,Website,2.0
ORD104297,30-Mar-2026,CUST1855,Shivam Mehta,Male,29,Amritsar,North,P025,Moisturizer,Beauty,Skincare,3,?699.00,5%,"?1,992.15",?930.00,"?1,062.15",Credit Card,Returned,Mobile App,5.0
ORD102197,30-Mar-2026,CUST1993,Zoya Singh,Female,42,Jaipur,North,P014,Table Lamp,Home & Kitchen,Home Decor,3,"?1,299.00",10%,"?3,507.30","?2,070.00","?1,437.30",Cash on Delivery,Delivered,Website,4.0
ORD104085,30-Mar-2026,CUST1871,Isha Mehta,Female,31,Bhubaneswar,East,P024,Perfume,Beauty,Fragrance,2,"?1,799.00",10%,"?3,238.20","?1,800.00","?1,438.20",UPI,Delivered,Website,1.0
ORD101553,30-Mar-2026,CUST0082,Yash Agarwal,Female,18,Surat,West,P001,Wireless Headphones,Electronics,Audio,1,"?2,499.00",10%,"?2,249.10","?1,550.00",?699.10,UPI,Delivered,Mobile App,4.0
ORD102436,30-Mar-2026,CUST1584,Mohit Sharma,Male,34,Guwahati,East,P008,Cotton T-Shirt,Fashion,Clothing,1,?799.00,10%,?719.10,?390.00,?329.10,Credit Card,Delivered,Mobile App,4.0
ORD102264,30-Mar-2026,CUST0052,Karan Jain,Male,29,Kolkata,East,P001,Wireless Headphones,Electronics,Audio,2,"?2,499.00",5%,"?4,748.10","?3,100.00","?1,648.10",Credit Card,Delivered,Website,4.0
ORD101575,30-Mar-2026,CUST1082,Rohan Rao,Male,40,Bengaluru,South,P007,Running Shoes,Fashion,Footwear,1,"?2,899.00",0%,"?2,899.00","?1,700.00","?1,199.00",Credit Card,Cancelled,Mobile App,
ORD101189,30-Mar-2026,CUST1609,Zoya Singh,Male,32,Jaipur,North,P017,Dumbbell Set,Sports & Fitness,Fitness,1,"?2,499.00",20%,"?1,999.20","?1,450.00",?549.20,UPI,Delivered,Mobile App,5.0
ORD101242,31-Mar-2026,CUST2059,Kiara Chopra,Male,49,Dehradun,North,P005,Power Bank 20000mAh,Electronics,Accessories,1,"?1,599.00",30%,"?1,119.30",?920.00,?199.30,Credit Card,Delivered,Website,4.0
ORD104500,31-Mar-2026,CUST0074,Arjun Rao,Male,24,Nashik,West,P003,Smart Watch,Electronics,Wearables,1,"?3,299.00",10%,"?2,969.10","?2,100.00",?869.10,Debit Card,Delivered,Mobile App,3.0
ORD101560,31-Mar-2026,CUST1514,Arjun Rao,Male,27,Dehradun,North,P014,Table Lamp,Home & Kitchen,Home Decor,2,"?1,299.00",10%,"?2,338.20","?1,380.00",?958.20,Debit Card,Delivered,Mobile App,4.0
ORD100048,31-Mar-2026,CUST1636,Varun Jain,Male,21,Mysuru,South,P022,Sunscreen SPF 50,Beauty,Skincare,2,?799.00,15%,"?1,358.30",?720.00,?638.30,Net Banking,Delivered,Mobile App,4.0
ORD103539,31-Mar-2026,CUST1954,Manish Agarwal,Female,21,Ranchi,East,P023,Shampoo,Beauty,Haircare,3,?649.00,30%,"?1,362.90",?870.00,?492.90,Net Banking,Delivered,Mobile App,5.0
ORD101829,31-Mar-2026,CUST1894,Kabir Gupta,Female,38,Bokaro,East,P008,Cotton T-Shirt,Fashion,Clothing,1,?799.00,10%,?719.10,?390.00,?329.10,UPI,Delivered,Website,3.0
ORD101320,31-Mar-2026,CUST1643,Kiara Chopra,Female,39,Bengaluru,South,P007,Running Shoes,Fashion,Footwear,5,"?2,899.00",0%,"?14,495.00","?8,500.00","?5,995.00",Cash on Delivery,Delivered,Mobile App,5.0
ORD102357,31-Mar-2026,CUST1305,Meera Singh,Female,36,Dehradun,North,P024,Perfume,Beauty,Fragrance,1,"?1,799.00",5%,"?1,709.05",?900.00,?809.05,Net Banking,Delivered,Mobile App,5.0
ORD102744,31-Mar-2026,CUST1917,Kavya Patel,Male,31,Kochi,South,P017,Dumbbell Set,Sports & Fitness,Fitness,1,"?2,499.00",5%,"?2,374.05","?1,450.00",?924.05,UPI,Delivered,Mobile App,3.0
ORD103312,31-Mar-2026,CUST0191,Shivam Mehta,Male,32,Coimbatore,South,P007,Running Shoes,Fashion,Footwear,2,"?2,899.00",20%,"?4,638.40","?3,400.00","?1,238.40",Net Banking,Delivered,Website,5.0
ORD100993,31-Mar-2026,CUST2109,Kavya Patel,Female,35,Hyderabad,South,P007,Running Shoes,Fashion,Footwear,3,"?2,899.00",25%,"?6,522.75","?5,100.00","?1,422.75",Debit Card,Delivered,Mobile App,5.0
ORD100410,31-Mar-2026,CUST0115,Anjali Verma,Male,26,Coimbatore,South,P006,Laptop Backpack,Fashion,Bags,1,"?1,799.00",5%,"?1,709.05",?950.00,?759.05,Wallet,Cancelled,Website,
ORD101654,31-Mar-2026,CUST0634,Rohan Rao,Female,35,Nagpur,West,P015,Bedsheet Set,Home & Kitchen,Home Decor,2,"?1,599.00",10%,"?2,878.20","?1,700.00","?1,178.20",Wallet,Delivered,Mobile App,4.0
ORD102404,01-Apr-2026,CUST0670,Pooja Kapoor,Male,21,Delhi,North,P002,Bluetooth Speaker,Electronics,Audio,2,"?1,899.00",20%,"?3,038.40","?2,240.00",?798.40,Cash on Delivery,Delivered,Mobile App,3.0
ORD100473,01-Apr-2026,CUST2197,Pranav Bansal,Female,26,Surat,West,P011,Coffee Maker,Home & Kitchen,Kitchen,2,"?3,499.00",0%,"?6,998.00","?4,500.00","?2,498.00",UPI,Delivered,Mobile App,5.0
ORD102936,01-Apr-2026,CUST0143,Isha Mehta,Female,31,Bhubaneswar,East,P005,Power Bank 20000mAh,Electronics,Accessories,4,"?1,599.00",5%,"?6,076.20","?3,680.00","?2,396.20",UPI,Delivered,Website,2.0
ORD102684,01-Apr-2026,CUST0475,Vansh Chopra,Female,26,Mumbai,West,P012,Air Fryer,Home & Kitchen,Kitchen,1,"?5,999.00",10%,"?5,399.10","?3,900.00","?1,499.10",UPI,Delivered,Mobile App,4.0
ORD100064,01-Apr-2026,CUST1002,Arjun Rao,Male,39,Lucknow,North,P024,Perfume,Beauty,Fragrance,3,"?1,799.00",0%,"?5,397.00","?2,700.00","?2,697.00",UPI,Delivered,Website,3.0
ORD100135,01-Apr-2026,CUST1189,Akash Bansal,Male,37,Guwahati,East,P005,Power Bank 20000mAh,Electronics,Accessories,2,"?1,599.00",15%,"?2,718.30","?1,840.00",?878.30,UPI,Delivered,Website,4.0
ORD102818,01-Apr-2026,CUST1272,Ishaan Malhotra,Male,43,Nagpur,West,P019,Badminton Racket,Sports & Fitness,Sports,1,"?1,499.00",20%,"?1,199.20",?800.00,?399.20,Debit Card,Returned,Website,4.0
ORD102855,01-Apr-2026,CUST0036,Varun Jain,Male,21,Hyderabad,South,P003,Smart Watch,Electronics,Wearables,2,"?3,299.00",5%,"?6,268.10","?4,200.00","?2,068.10",Credit Card,Returned,Mobile App,5.0
ORD101722,01-Apr-2026,CUST1852,Ananya Kumar,Male,30,Lucknow,North,P028,Data Analytics Book,Books,Technology,2,"?1,099.00",15%,"?1,868.30","?1,040.00",?828.30,UPI,Delivered,Website,5.0
ORD104072,02-Apr-2026,CUST1938,Yash Agarwal,Male,29,Guwahati,East,P005,Power Bank 20000mAh,Electronics,Accessories,1,"?1,599.00",0%,"?1,599.00",?920.00,?679.00,Net Banking,Delivered,Website,2.0
ORD103347,02-Apr-2026,CUST1983,Shivam Mehta,Male,54,Nagpur,West,P018,Cricket Bat,Sports & Fitness,Sports,1,"?2,199.00",25%,"?1,649.25","?1,250.00",?399.25,Debit Card,Delivered,Mobile App,4.0
ORD101802,02-Apr-2026,CUST1616,Mohit Sharma,Male,35,Chennai,South,P014,Table Lamp,Home & Kitchen,Home Decor,2,"?1,299.00",0%,"?2,598.00","?1,380.00","?1,218.00",Credit Card,Delivered,Mobile App,5.0
ORD104469,02-Apr-2026,CUST1950,Pooja Kapoor,Female,37,Nagpur,West,P018,Cricket Bat,Sports & Fitness,Sports,1,"?2,199.00",10%,"?1,979.10","?1,250.00",?729.10,Net Banking,Returned,Mobile App,5.0
ORD102239,02-Apr-2026,CUST2089,Zoya Singh,Male,29,Kolkata,East,P020,Resistance Bands,Sports & Fitness,Fitness,1,?699.00,25%,?524.25,?320.00,?204.25,UPI,Delivered,Website,4.0
ORD103969,02-Apr-2026,CUST0475,Vansh Chopra,Female,48,Coimbatore,South,P009,Denim Jeans,Fashion,Clothing,4,"?1,999.00",10%,"?7,196.40","?4,200.00","?2,996.40",Debit Card,Delivered,Mobile App,2.0
ORD100557,02-Apr-2026,CUST1915,Vansh Chopra,Female,34,Kochi,South,P019,Badminton Racket,Sports & Fitness,Sports,3,"?1,499.00",0%,"?4,497.00","?2,400.00","?2,097.00",Cash on Delivery,Delivered,Mobile App,5.0
ORD100389,02-Apr-2026,CUST0942,Aditya Kapoor,Male,28,Patna,East,P025,Moisturizer,Beauty,Skincare,1,?699.00,10%,?629.10,?310.00,?319.10,Credit Card,Delivered,Mobile App,5.0
ORD102813,02-Apr-2026,CUST2065,Sakshi Mishra,Male,40,Delhi,North,P005,Power Bank 20000mAh,Electronics,Accessories,1,"?1,599.00",0%,"?1,599.00",?920.00,?679.00,UPI,Delivered,Mobile App,5.0
ORD100552,03-Apr-2026,CUST1815,Aditi Saxena,Male,42,Bokaro,East,P017,Dumbbell Set,Sports & Fitness,Fitness,3,"?2,499.00",20%,"?5,997.60","?4,350.00","?1,647.60",Debit Card,Delivered,Mobile App,5.0
ORD103108,03-Apr-2026,CUST1545,Zoya Singh,Male,29,Amritsar,North,P002,Bluetooth Speaker,Electronics,Audio,3,"?1,899.00",10%,"?5,127.30","?3,360.00","?1,767.30",UPI,Delivered,Mobile App,5.0
ORD104056,03-Apr-2026,CUST0834,Manish Agarwal,Female,34,Bhubaneswar,East,P027,Business Strategy Book,Books,Business,1,?699.00,0%,?699.00,?300.00,?399.00,Wallet,Delivered,Mobile App,4.0
ORD103552,03-Apr-2026,CUST1054,Pooja Kapoor,Female,30,Nagpur,West,P019,Badminton Racket,Sports & Fitness,Sports,2,"?1,499.00",10%,"?2,698.20","?1,600.00","?1,098.20",Credit Card,Delivered,Website,1.0
ORD103605,03-Apr-2026,CUST1996,Rahul Kumar,Male,24,Bhubaneswar,East,P021,Face Wash,Beauty,Skincare,1,?499.00,15%,?424.15,?220.00,?204.15,Wallet,Returned,Mobile App,5.0
ORD100907,03-Apr-2026,CUST0104,Sanya Malhotra,Male,40,Coimbatore,South,P008,Cotton T-Shirt,Fashion,Clothing,1,?799.00,15%,?679.15,?390.00,?289.15,Wallet,Delivered,Mobile App,5.0
ORD103558,04-Apr-2026,CUST1728,Aarav Sharma,Female,20,Nashik,West,P006,Laptop Backpack,Fashion,Bags,1,"?1,799.00",20%,"?1,439.20",?950.00,?489.20,Debit Card,Delivered,Mobile App,3.0
ORD100754,04-Apr-2026,CUST1246,Pooja Kapoor,Male,26,Guwahati,East,P006,Laptop Backpack,Fashion,Bags,2,"?1,799.00",25%,"?2,698.50","?1,900.00",?798.50,Wallet,Delivered,Website,4.0
ORD101379,04-Apr-2026,CUST1747,Anjali Verma,Male,40,Patna,East,P010,Casual Hoodie,Fashion,Clothing,2,"?1,499.00",20%,"?2,398.40","?1,560.00",?838.40,Credit Card,Delivered,Mobile App,4.0
ORD104123,04-Apr-2026,CUST0507,Vansh Chopra,Female,35,Jaipur,North,P008,Cotton T-Shirt,Fashion,Clothing,1,?799.00,15%,?679.15,?390.00,?289.15,UPI,Delivered,Mobile App,4.0
ORD101288,04-Apr-2026,CUST0568,Ishaan Malhotra,Female,42,Nagpur,West,P007,Running Shoes,Fashion,Footwear,1,"?2,899.00",15%,"?2,464.15","?1,700.00",?764.15,Credit Card,Cancelled,Mobile App,
ORD100011,04-Apr-2026,CUST0254,Pooja Kapoor,Female,18,Bhubaneswar,East,P024,Perfume,Beauty,Fragrance,1,"?1,799.00",15%,"?1,529.15",?900.00,?629.15,UPI,Delivered,Mobile App,5.0
ORD102753,04-Apr-2026,CUST1637,Akash Bansal,Male,31,Hyderabad,South,P028,Data Analytics Book,Books,Technology,3,"?1,099.00",15%,"?2,802.45","?1,560.00","?1,242.45",UPI,Cancelled,Mobile App,
ORD102869,04-Apr-2026,CUST0178,Yash Agarwal,Female,29,Amritsar,North,P022,Sunscreen SPF 50,Beauty,Skincare,1,?799.00,5%,?759.05,?360.00,?399.05,Net Banking,Delivered,Mobile App,3.0
ORD101665,04-Apr-2026,CUST1086,Pooja Kapoor,Male,47,Delhi,North,P022,Sunscreen SPF 50,Beauty,Skincare,1,?799.00,10%,?719.10,?360.00,?359.10,Cash on Delivery,Delivered,Mobile App,5.0
ORD101612,04-Apr-2026,CUST0748,Rahul Kumar,Male,40,Jaipur,North,P004,USB-C Charger,Electronics,Accessories,1,?899.00,5%,?854.05,?480.00,?374.05,Debit Card,Delivered,Website,5.0
ORD101272,04-Apr-2026,CUST0976,Mohit Sharma,Female,32,Dehradun,North,P029,Programming Book,Books,Technology,1,"?1,299.00",0%,"?1,299.00",?610.00,?689.00,UPI,Delivered,Mobile App,5.0
ORD101267,05-Apr-2026,CUST0360,Sanya Malhotra,Female,33,Surat,West,P026,Novel Collection,Books,Fiction,1,?899.00,10%,?809.10,?420.00,?389.10,Credit Card,Delivered,Mobile App,4.0
ORD101457,05-Apr-2026,CUST1850,Rohan Rao,Female,44,Kolkata,East,P003,Smart Watch,Electronics,Wearables,4,"?3,299.00",20%,"?10,556.80","?8,400.00","?2,156.80",Credit Card,Delivered,Website,5.0
ORD100228,05-Apr-2026,CUST0092,Ananya Kumar,Male,18,Mysuru,South,P009,Denim Jeans,Fashion,Clothing,1,"?1,999.00",5%,"?1,899.05","?1,050.00",?849.05,Credit Card,Cancelled,Mobile App,
ORD101724,05-Apr-2026,CUST0595,Anjali Verma,Male,34,Ranchi,East,P030,Self Help Book,Books,Self Development,2,?599.00,20%,?958.40,?520.00,?438.40,Cash on Delivery,Delivered,Website,4.0
ORD102277,05-Apr-2026,CUST0079,Isha Mehta,Male,18,Pune,West,P010,Casual Hoodie,Fashion,Clothing,1,"?1,499.00",25%,"?1,124.25",?780.00,?344.25,Net Banking,Delivered,Website,5.0
ORD103915,05-Apr-2026,CUST0866,Manish Agarwal,Male,34,Dehradun,North,P020,Resistance Bands,Sports & Fitness,Fitness,1,?699.00,10%,?629.10,?320.00,?309.10,UPI,Delivered,Mobile App,4.0
ORD100024,05-Apr-2026,CUST0858,Rohan Rao,Male,36,Bhubaneswar,East,P012,Air Fryer,Home & Kitchen,Kitchen,1,"?5,999.00",5%,"?5,699.05","?3,900.00","?1,799.05",Debit Card,Delivered,Mobile App,5.0
ORD103888,05-Apr-2026,CUST0079,Isha Mehta,Female,35,Patna,East,P023,Shampoo,Beauty,Haircare,2,?649.00,0%,"?1,298.00",?580.00,?718.00,UPI,Delivered,Mobile App,2.0
ORD100829,05-Apr-2026,CUST0661,Pranav Bansal,Female,47,Nagpur,West,P027,Business Strategy Book,Books,Business,1,?699.00,10%,?629.10,?300.00,?329.10,Wallet,Delivered,Website,4.0
ORD101971,06-Apr-2026,CUST0884,Karan Jain,Male,36,Amritsar,North,P027,Business Strategy Book,Books,Business,4,?699.00,10%,"?2,516.40","?1,200.00","?1,316.40",UPI,Returned,Mobile App,5.0
ORD100542,06-Apr-2026,CUST0813,Tanvi Patel,Male,30,Surat,West,P021,Face Wash,Beauty,Skincare,3,?499.00,20%,"?1,197.60",?660.00,?537.60,UPI,Delivered,Website,2.0
ORD100523,06-Apr-2026,CUST1734,Kabir Gupta,Male,33,Ranchi,East,P004,USB-C Charger,Electronics,Accessories,1,?899.00,15%,?764.15,?480.00,?284.15,Cash on Delivery,Delivered,Mobile App,3.0
ORD102854,06-Apr-2026,CUST0474,Rohan Rao,Female,25,Mumbai,West,P030,Self Help Book,Books,Self Development,1,?599.00,5%,?569.05,?260.00,?309.05,Credit Card,Returned,Mobile App,5.0
ORD104171,06-Apr-2026,CUST1349,Akash Bansal,Female,19,Hyderabad,South,P026,Novel Collection,Books,Fiction,3,?899.00,10%,"?2,427.30","?1,260.00","?1,167.30",UPI,Delivered,Website,5.0
ORD100108,06-Apr-2026,CUST0472,Ishaan Malhotra,Male,26,Dehradun,North,P020,Resistance Bands,Sports & Fitness,Fitness,1,?699.00,15%,?594.15,?320.00,?274.15,Credit Card,Returned,Mobile App,5.0
ORD101752,07-Apr-2026,CUST1434,Rohan Rao,Male,54,Kochi,South,P001,Wireless Headphones,Electronics,Audio,3,"?2,499.00",10%,"?6,747.30","?4,650.00","?2,097.30",UPI,Delivered,Website,4.0
ORD100065,07-Apr-2026,CUST1661,Kavya Patel,Female,18,Mysuru,South,P012,Air Fryer,Home & Kitchen,Kitchen,1,"?5,999.00",15%,"?5,099.15","?3,900.00","?1,199.15",Cash on Delivery,Delivered,Mobile App,5.0
ORD100838,07-Apr-2026,CUST1555,Anjali Verma,Male,50,Kochi,South,P028,Data Analytics Book,Books,Technology,1,"?1,099.00",10%,?989.10,?520.00,?469.10,Debit Card,Delivered,Mobile App,5.0
ORD104315,07-Apr-2026,CUST0850,Yash Agarwal,Female,31,Bokaro,East,P020,Resistance Bands,Sports & Fitness,Fitness,3,?699.00,5%,"?1,992.15",?960.00,"?1,032.15",Net Banking,Delivered,Website,4.0
ORD102979,07-Apr-2026,CUST1773,Tanvi Patel,Male,40,Jaipur,North,P025,Moisturizer,Beauty,Skincare,1,?699.00,0%,?699.00,?310.00,?389.00,UPI,Returned,Website,4.0
ORD103565,07-Apr-2026,CUST1499,Vansh Chopra,Male,19,Bengaluru,South,P029,Programming Book,Books,Technology,3,"?1,299.00",0%,"?3,897.00","?1,830.00","?2,067.00",UPI,Delivered,Mobile App,4.0
ORD104013,07-Apr-2026,CUST1169,Sakshi Mishra,Male,41,Hyderabad,South,P006,Laptop Backpack,Fashion,Bags,1,"?1,799.00",10%,"?1,619.10",?950.00,?669.10,UPI,Delivered,Website,4.0
ORD100100,07-Apr-2026,CUST0282,Rohan Rao,Male,18,Mumbai,West,P027,Business Strategy Book,Books,Business,1,?699.00,20%,?559.20,?300.00,?259.20,Wallet,Delivered,Mobile App,5.0
ORD101964,08-Apr-2026,CUST0465,Sakshi Mishra,Male,29,Delhi,North,P003,Smart Watch,Electronics,Wearables,1,"?3,299.00",10%,"?2,969.10","?2,100.00",?869.10,Credit Card,Delivered,Website,5.0
ORD101967,08-Apr-2026,CUST1750,Simran Gupta,Female,32,Kolkata,East,P017,Dumbbell Set,Sports & Fitness,Fitness,5,"?2,499.00",5%,"?11,870.25","?7,250.00","?4,620.25",Wallet,Delivered,Mobile App,4.0
ORD101347,08-Apr-2026,CUST0112,Mohit Sharma,Female,33,Chandigarh,North,P016,Yoga Mat,Sports & Fitness,Fitness,1,?999.00,25%,?749.25,?520.00,?229.25,UPI,Delivered,Mobile App,3.0
ORD101178,08-Apr-2026,CUST2030,Aditya Kapoor,Male,37,Hyderabad,South,P029,Programming Book,Books,Technology,1,"?1,299.00",15%,"?1,104.15",?610.00,?494.15,Net Banking,Delivered,Mobile App,5.0
ORD104037,08-Apr-2026,CUST2193,Sakshi Mishra,Male,39,Guwahati,East,P025,Moisturizer,Beauty,Skincare,2,?699.00,10%,"?1,258.20",?620.00,?638.20,Credit Card,Delivered,Mobile App,4.0
ORD101915,08-Apr-2026,CUST0336,Mohit Sharma,Male,37,Guwahati,East,P030,Self Help Book,Books,Self Development,3,?599.00,0%,"?1,797.00",?780.00,"?1,017.00",UPI,Returned,Website,4.0
ORD101801,08-Apr-2026,CUST1554,Yash Agarwal,Male,18,Lucknow,North,P008,Cotton T-Shirt,Fashion,Clothing,1,?799.00,25%,?599.25,?390.00,?209.25,UPI,Delivered,Mobile App,3.0
ORD104687,08-Apr-2026,CUST1150,Pooja Kapoor,Male,30,Kochi,South,P001,Wireless Headphones,Electronics,Audio,1,"?2,499.00",10%,"?2,249.10","?1,550.00",?699.10,Credit Card,Delivered,Mobile App,4.0
ORD104984,09-Apr-2026,CUST1604,Varun Jain,Female,18,Surat,West,P023,Shampoo,Beauty,Haircare,1,?649.00,0%,?649.00,?290.00,?359.00,Credit Card,Delivered,Mobile App,4.0
ORD104878,09-Apr-2026,CUST0408,Ishaan Malhotra,Female,25,Bhubaneswar,East,P016,Yoga Mat,Sports & Fitness,Fitness,1,?999.00,10%,?899.10,?520.00,?379.10,Credit Card,Delivered,Website,1.0
ORD103125,09-Apr-2026,CUST0955,Vansh Chopra,Female,36,Jaipur,North,P020,Resistance Bands,Sports & Fitness,Fitness,3,?699.00,25%,"?1,572.75",?960.00,?612.75,Credit Card,Delivered,Website,1.0
ORD103911,09-Apr-2026,CUST2193,Sakshi Mishra,Male,32,Amritsar,North,P010,Casual Hoodie,Fashion,Clothing,1,"?1,499.00",15%,"?1,274.15",?780.00,?494.15,Credit Card,Delivered,Mobile App,5.0
ORD100176,09-Apr-2026,CUST0121,Meera Singh,Female,32,Bokaro,East,P024,Perfume,Beauty,Fragrance,1,"?1,799.00",15%,"?1,529.15",?900.00,?629.15,Net Banking,Delivered,Website,5.0
ORD102796,10-Apr-2026,CUST0553,Zoya Singh,Male,32,Dehradun,North,P007,Running Shoes,Fashion,Footwear,3,"?2,899.00",20%,"?6,957.60","?5,100.00","?1,857.60",Debit Card,Delivered,Website,5.0
ORD103343,10-Apr-2026,CUST1226,Arjun Rao,Female,39,Chennai,South,P011,Coffee Maker,Home & Kitchen,Kitchen,1,"?3,499.00",20%,"?2,799.20","?2,250.00",?549.20,Debit Card,Delivered,Mobile App,3.0
ORD104155,10-Apr-2026,CUST0254,Pooja Kapoor,Female,18,Kochi,South,P010,Casual Hoodie,Fashion,Clothing,1,"?1,499.00",5%,"?1,424.05",?780.00,?644.05,Credit Card,Delivered,Mobile App,4.0
ORD102586,10-Apr-2026,CUST0937,Zoya Singh,Male,37,Pune,West,P003,Smart Watch,Electronics,Wearables,3,"?3,299.00",15%,"?8,412.45","?6,300.00","?2,112.45",Net Banking,Delivered,Website,5.0
ORD104602,10-Apr-2026,CUST2067,Anjali Verma,Female,26,Jaipur,North,P003,Smart Watch,Electronics,Wearables,2,"?3,299.00",5%,"?6,268.10","?4,200.00","?2,068.10",Net Banking,Returned,Mobile App,5.0
ORD103652,10-Apr-2026,CUST1270,Simran Gupta,Female,19,Surat,West,P007,Running Shoes,Fashion,Footwear,2,"?2,899.00",15%,"?4,928.30","?3,400.00","?1,528.30",Debit Card,Delivered,Website,4.0
ORD102309,10-Apr-2026,CUST0368,Mohit Sharma,Female,30,Bokaro,East,P011,Coffee Maker,Home & Kitchen,Kitchen,3,"?3,499.00",15%,"?8,922.45","?6,750.00","?2,172.45",Credit Card,Delivered,Website,4.0
ORD101846,10-Apr-2026,CUST1422,Aditya Kapoor,Female,32,Kolkata,East,P005,Power Bank 20000mAh,Electronics,Accessories,4,"?1,599.00",5%,"?6,076.20","?3,680.00","?2,396.20",Cash on Delivery,Delivered,Website,5.0
ORD101735,11-Apr-2026,CUST0337,Sakshi Mishra,Male,27,Patna,East,P007,Running Shoes,Fashion,Footwear,2,"?2,899.00",5%,"?5,508.10","?3,400.00","?2,108.10",Credit Card,Delivered,Mobile App,3.0
ORD104690,11-Apr-2026,CUST1009,Sakshi Mishra,Female,24,Chandigarh,North,P009,Denim Jeans,Fashion,Clothing,1,"?1,999.00",5%,"?1,899.05","?1,050.00",?849.05,Cash on Delivery,Delivered,Website,5.0
ORD100624,11-Apr-2026,CUST1565,Kavya Patel,Male,19,Patna,East,P012,Air Fryer,Home & Kitchen,Kitchen,1,"?5,999.00",15%,"?5,099.15","?3,900.00","?1,199.15",Credit Card,Cancelled,Mobile App,
ORD101961,11-Apr-2026,CUST0344,Ishaan Malhotra,Female,35,Pune,West,P002,Bluetooth Speaker,Electronics,Audio,1,"?1,899.00",10%,"?1,709.10","?1,120.00",?589.10,Debit Card,Delivered,Website,5.0
ORD102697,11-Apr-2026,CUST1012,Karan Jain,Female,30,Mysuru,South,P020,Resistance Bands,Sports & Fitness,Fitness,2,?699.00,5%,"?1,328.10",?640.00,?688.10,Cash on Delivery,Cancelled,Mobile App,
ORD101761,11-Apr-2026,CUST0142,Aditya Kapoor,Male,30,Amritsar,North,P003,Smart Watch,Electronics,Wearables,1,"?3,299.00",5%,"?3,134.05","?2,100.00","?1,034.05",Credit Card,Delivered,Mobile App,5.0
ORD101057,11-Apr-2026,CUST0599,Aditi Saxena,Male,47,Ahmedabad,West,P021,Face Wash,Beauty,Skincare,3,?499.00,10%,"?1,347.30",?660.00,?687.30,Wallet,Delivered,Mobile App,5.0
ORD104815,12-Apr-2026,CUST0085,Pranav Bansal,Male,45,Lucknow,North,P018,Cricket Bat,Sports & Fitness,Sports,5,"?2,199.00",15%,"?9,345.75","?6,250.00","?3,095.75",Net Banking,Delivered,Website,5.0
ORD100008,12-Apr-2026,CUST1844,Karan Jain,Female,36,Chandigarh,North,P014,Table Lamp,Home & Kitchen,Home Decor,3,"?1,299.00",10%,"?3,507.30","?2,070.00","?1,437.30",Cash on Delivery,Delivered,Mobile App,4.0
ORD102372,12-Apr-2026,CUST1302,Simran Gupta,Female,26,Nashik,West,P022,Sunscreen SPF 50,Beauty,Skincare,1,?799.00,5%,?759.05,?360.00,?399.05,UPI,Delivered,Mobile App,5.0
ORD101793,12-Apr-2026,CUST1084,Ananya Kumar,Female,25,Kolkata,East,P014,Table Lamp,Home & Kitchen,Home Decor,2,"?1,299.00",15%,"?2,208.30","?1,380.00",?828.30,UPI,Delivered,Website,5.0
ORD101796,12-Apr-2026,CUST2051,Riya Verma,Female,36,Guwahati,East,P021,Face Wash,Beauty,Skincare,5,?499.00,5%,"?2,370.25","?1,100.00","?1,270.25",UPI,Delivered,Mobile App,4.0
ORD101016,12-Apr-2026,CUST1784,Ishaan Malhotra,Male,32,Guwahati,East,P005,Power Bank 20000mAh,Electronics,Accessories,1,"?1,599.00",10%,"?1,439.10",?920.00,?519.10,UPI,Delivered,Mobile App,5.0
ORD104831,12-Apr-2026,CUST1737,Zoya Singh,Male,44,Amritsar,North,P010,Casual Hoodie,Fashion,Clothing,1,"?1,499.00",20%,"?1,199.20",?780.00,?419.20,UPI,Delivered,Mobile App,4.0
ORD104828,12-Apr-2026,CUST2068,Karan Jain,Female,35,Amritsar,North,P025,Moisturizer,Beauty,Skincare,1,?699.00,25%,?524.25,?310.00,?214.25,Debit Card,Delivered,Website,4.0
ORD101875,12-Apr-2026,CUST1579,Kiara Chopra,Male,43,Nashik,West,P028,Data Analytics Book,Books,Technology,1,"?1,099.00",5%,"?1,044.05",?520.00,?524.05,UPI,Delivered,Website,4.0
ORD104429,12-Apr-2026,CUST1895,Nisha Saxena,Female,35,Pune,West,P020,Resistance Bands,Sports & Fitness,Fitness,1,?699.00,15%,?594.15,?320.00,?274.15,UPI,Delivered,Mobile App,4.0
ORD103816,12-Apr-2026,CUST1693,Kavya Patel,Female,26,Nagpur,West,P003,Smart Watch,Electronics,Wearables,2,"?3,299.00",15%,"?5,608.30","?4,200.00","?1,408.30",Credit Card,Delivered,Mobile App,5.0
ORD101240,12-Apr-2026,CUST1003,Kiara Chopra,Male,29,Delhi,North,P009,Denim Jeans,Fashion,Clothing,2,"?1,999.00",10%,"?3,598.20","?2,100.00","?1,498.20",Credit Card,Delivered,Website,5.0
ORD103593,13-Apr-2026,CUST0082,Yash Agarwal,Male,34,Lucknow,North,P020,Resistance Bands,Sports & Fitness,Fitness,1,?699.00,10%,?629.10,?320.00,?309.10,Credit Card,Delivered,Mobile App,4.0
ORD103172,13-Apr-2026,CUST1361,Sakshi Mishra,Male,32,Coimbatore,South,P007,Running Shoes,Fashion,Footwear,1,"?2,899.00",15%,"?2,464.15","?1,700.00",?764.15,Credit Card,Delivered,Mobile App,5.0
ORD104624,13-Apr-2026,CUST2162,Yash Agarwal,Female,34,Amritsar,North,P013,Non-Stick Cookware Set,Home & Kitchen,Cookware,1,"?4,299.00",0%,"?4,299.00","?2,700.00","?1,599.00",Debit Card,Delivered,Mobile App,5.0
ORD100715,13-Apr-2026,CUST1666,Manish Agarwal,Female,47,Coimbatore,South,P029,Programming Book,Books,Technology,2,"?1,299.00",10%,"?2,338.20","?1,220.00","?1,118.20",UPI,Delivered,Website,5.0
ORD104264,13-Apr-2026,CUST0771,Riya Verma,Male,41,Lucknow,North,P025,Moisturizer,Beauty,Skincare,1,?699.00,5%,?664.05,?310.00,?354.05,Debit Card,Delivered,Mobile App,5.0
ORD102196,13-Apr-2026,CUST0876,Rahul Kumar,Male,40,Coimbatore,South,P028,Data Analytics Book,Books,Technology,4,"?1,099.00",10%,"?3,956.40","?2,080.00","?1,876.40",Wallet,Delivered,Mobile App,5.0
ORD100936,14-Apr-2026,CUST0483,Riya Verma,Female,26,Hyderabad,South,P008,Cotton T-Shirt,Fashion,Clothing,1,?799.00,0%,?799.00,?390.00,?409.00,UPI,Delivered,Mobile App,4.0
ORD103932,14-Apr-2026,CUST0784,Mohit Sharma,Male,34,Lucknow,North,P019,Badminton Racket,Sports & Fitness,Sports,1,"?1,499.00",15%,"?1,274.15",?800.00,?474.15,Credit Card,Delivered,Mobile App,4.0
ORD102026,14-Apr-2026,CUST0473,Meera Singh,Male,34,Chennai,South,P010,Casual Hoodie,Fashion,Clothing,1,"?1,499.00",5%,"?1,424.05",?780.00,?644.05,Credit Card,Cancelled,Mobile App,
ORD100874,14-Apr-2026,CUST1982,Pooja Kapoor,Female,39,Guwahati,East,P010,Casual Hoodie,Fashion,Clothing,1,"?1,499.00",15%,"?1,274.15",?780.00,?494.15,Wallet,Returned,Website,4.0
ORD102330,14-Apr-2026,CUST1943,Aditi Saxena,Male,33,Nagpur,West,P011,Coffee Maker,Home & Kitchen,Kitchen,1,"?3,499.00",15%,"?2,974.15","?2,250.00",?724.15,UPI,Delivered,Mobile App,3.0
ORD100419,14-Apr-2026,CUST1302,Simran Gupta,Female,25,Jaipur,North,P011,Coffee Maker,Home & Kitchen,Kitchen,1,"?3,499.00",15%,"?2,974.15","?2,250.00",?724.15,Debit Card,Delivered,Website,5.0
ORD101598,15-Apr-2026,CUST1071,Isha Mehta,Female,18,Ahmedabad,West,P023,Shampoo,Beauty,Haircare,2,?649.00,25%,?973.50,?580.00,?393.50,Credit Card,Delivered,Mobile App,5.0
ORD100229,15-Apr-2026,CUST1093,Akash Bansal,Female,45,Surat,West,P003,Smart Watch,Electronics,Wearables,1,"?3,299.00",10%,"?2,969.10","?2,100.00",?869.10,UPI,Delivered,Website,3.0
ORD100689,15-Apr-2026,CUST0849,Sakshi Mishra,Female,56,Guwahati,East,P025,Moisturizer,Beauty,Skincare,2,?699.00,5%,"?1,328.10",?620.00,?708.10,Wallet,Delivered,Mobile App,2.0
ORD103489,15-Apr-2026,CUST1961,Zoya Singh,Male,32,Surat,West,P028,Data Analytics Book,Books,Technology,3,"?1,099.00",10%,"?2,967.30","?1,560.00","?1,407.30",UPI,Delivered,Mobile App,5.0
ORD102722,16-Apr-2026,CUST1909,Pranav Bansal,Male,37,Amritsar,North,P026,Novel Collection,Books,Fiction,1,?899.00,15%,?764.15,?420.00,?344.15,UPI,Delivered,Website,5.0
ORD104184,16-Apr-2026,CUST1964,Rahul Kumar,Male,38,Kolkata,East,P008,Cotton T-Shirt,Fashion,Clothing,5,?799.00,10%,"?3,595.50","?1,950.00","?1,645.50",Credit Card,Delivered,Mobile App,4.0
ORD103004,16-Apr-2026,CUST0864,Aarav Sharma,Female,37,Patna,East,P001,Wireless Headphones,Electronics,Audio,1,"?2,499.00",5%,"?2,374.05","?1,550.00",?824.05,UPI,Delivered,Website,5.0
ORD102830,16-Apr-2026,CUST1108,Karan Jain,Female,23,Ahmedabad,West,P021,Face Wash,Beauty,Skincare,3,?499.00,10%,"?1,347.30",?660.00,?687.30,Debit Card,Delivered,Mobile App,4.0
ORD103944,16-Apr-2026,CUST1423,Isha Mehta,Female,40,Guwahati,East,P016,Yoga Mat,Sports & Fitness,Fitness,2,?999.00,10%,"?1,798.20","?1,040.00",?758.20,Debit Card,Delivered,Website,5.0
ORD102696,16-Apr-2026,CUST2089,Zoya Singh,Male,42,Dehradun,North,P002,Bluetooth Speaker,Electronics,Audio,2,"?1,899.00",0%,"?3,798.00","?2,240.00","?1,558.00",Net Banking,Delivered,Mobile App,1.0
ORD101694,16-Apr-2026,CUST0280,Ishaan Malhotra,Male,28,Bengaluru,South,P011,Coffee Maker,Home & Kitchen,Kitchen,2,"?3,499.00",15%,"?5,948.30","?4,500.00","?1,448.30",Net Banking,Cancelled,Website,
ORD103922,16-Apr-2026,CUST0533,Pranav Bansal,Male,32,Jaipur,North,P025,Moisturizer,Beauty,Skincare,1,?699.00,30%,?489.30,?310.00,?179.30,Debit Card,Delivered,Mobile App,5.0
ORD100948,16-Apr-2026,CUST0598,Simran Gupta,Female,49,Coimbatore,South,P025,Moisturizer,Beauty,Skincare,2,?699.00,20%,"?1,118.40",?620.00,?498.40,Debit Card,Delivered,Mobile App,4.0
ORD100506,16-Apr-2026,CUST0319,Shivam Mehta,Male,28,Bhubaneswar,East,P029,Programming Book,Books,Technology,1,"?1,299.00",30%,?909.30,?610.00,?299.30,Net Banking,Delivered,Mobile App,5.0
ORD100291,16-Apr-2026,CUST0256,Aarav Sharma,Female,47,Kochi,South,P017,Dumbbell Set,Sports & Fitness,Fitness,2,"?2,499.00",5%,"?4,748.10","?2,900.00","?1,848.10",Cash on Delivery,Delivered,Website,1.0
ORD101835,16-Apr-2026,CUST0393,Zoya Singh,Female,26,Patna,East,P026,Novel Collection,Books,Fiction,1,?899.00,5%,?854.05,?420.00,?434.05,Wallet,Delivered,Website,2.0
ORD103598,16-Apr-2026,CUST0001,Diya Mishra,Female,30,Lucknow,North,P007,Running Shoes,Fashion,Footwear,3,"?2,899.00",20%,"?6,957.60","?5,100.00","?1,857.60",UPI,Delivered,Mobile App,3.0
ORD103822,16-Apr-2026,CUST0704,Aarav Sharma,Male,27,Chennai,South,P015,Bedsheet Set,Home & Kitchen,Home Decor,2,"?1,599.00",15%,"?2,718.30","?1,700.00","?1,018.30",Wallet,Returned,Mobile App,4.0
ORD103345,16-Apr-2026,CUST0086,Simran Gupta,Male,22,Ranchi,East,P029,Programming Book,Books,Technology,2,"?1,299.00",5%,"?2,468.10","?1,220.00","?1,248.10",Credit Card,Delivered,Website,5.0
ORD103695,16-Apr-2026,CUST1774,Aditya Kapoor,Female,52,Bengaluru,South,P009,Denim Jeans,Fashion,Clothing,4,"?1,999.00",15%,"?6,796.60","?4,200.00","?2,596.60",Net Banking,Delivered,Website,2.0
ORD103889,17-Apr-2026,CUST0464,Mohit Sharma,Female,30,Nagpur,West,P002,Bluetooth Speaker,Electronics,Audio,2,"?1,899.00",25%,"?2,848.50","?2,240.00",?608.50,Credit Card,Delivered,Mobile App,3.0
ORD103896,17-Apr-2026,CUST1691,Vansh Chopra,Female,18,Chandigarh,North,P029,Programming Book,Books,Technology,3,"?1,299.00",0%,"?3,897.00","?1,830.00","?2,067.00",Debit Card,Delivered,Website,4.0
ORD100141,17-Apr-2026,CUST2001,Sakshi Mishra,Female,23,Kochi,South,P002,Bluetooth Speaker,Electronics,Audio,1,"?1,899.00",15%,"?1,614.15","?1,120.00",?494.15,Debit Card,Delivered,Website,4.0
ORD104985,17-Apr-2026,CUST1147,Vansh Chopra,Female,30,Guwahati,East,P026,Novel Collection,Books,Fiction,1,?899.00,10%,?809.10,?420.00,?389.10,UPI,Delivered,Mobile App,1.0
ORD102117,17-Apr-2026,CUST0245,Pranav Bansal,Female,44,Ahmedabad,West,P011,Coffee Maker,Home & Kitchen,Kitchen,1,"?3,499.00",10%,"?3,149.10","?2,250.00",?899.10,Cash on Delivery,Delivered,Mobile App,5.0
ORD100081,17-Apr-2026,CUST0635,Vansh Chopra,Female,30,Delhi,North,P014,Table Lamp,Home & Kitchen,Home Decor,1,"?1,299.00",25%,?974.25,?690.00,?284.25,Net Banking,Delivered,Mobile App,3.0
ORD100126,18-Apr-2026,CUST1982,Pooja Kapoor,Male,31,Hyderabad,South,P027,Business Strategy Book,Books,Business,3,?699.00,5%,"?1,992.15",?900.00,"?1,092.15",Cash on Delivery,Delivered,Mobile App,5.0
ORD100185,18-Apr-2026,CUST1816,Ishaan Malhotra,Male,34,Mysuru,South,P022,Sunscreen SPF 50,Beauty,Skincare,1,?799.00,10%,?719.10,?360.00,?359.10,Debit Card,Delivered,Website,5.0
ORD101564,18-Apr-2026,CUST2139,Vansh Chopra,Male,37,Chennai,South,P026,Novel Collection,Books,Fiction,1,?899.00,20%,?719.20,?420.00,?299.20,Cash on Delivery,Delivered,Mobile App,4.0
ORD103805,18-Apr-2026,CUST0931,Riya Verma,Female,21,Nashik,West,P002,Bluetooth Speaker,Electronics,Audio,1,"?1,899.00",15%,"?1,614.15","?1,120.00",?494.15,Wallet,Delivered,Website,3.0
ORD101997,18-Apr-2026,CUST1396,Karan Jain,Male,28,Ahmedabad,West,P018,Cricket Bat,Sports & Fitness,Sports,1,"?2,199.00",5%,"?2,089.05","?1,250.00",?839.05,Credit Card,Returned,Mobile App,4.0
ORD100214,18-Apr-2026,CUST0330,Arjun Rao,Male,25,Coimbatore,South,P015,Bedsheet Set,Home & Kitchen,Home Decor,1,"?1,599.00",20%,"?1,279.20",?850.00,?429.20,Credit Card,Delivered,Mobile App,5.0
ORD103800,19-Apr-2026,CUST0762,Rohan Rao,Male,37,Pune,West,P005,Power Bank 20000mAh,Electronics,Accessories,1,"?1,599.00",10%,"?1,439.10",?920.00,?519.10,UPI,Delivered,Website,5.0
ORD103171,19-Apr-2026,CUST1628,Ananya Kumar,Male,34,Kolkata,East,P002,Bluetooth Speaker,Electronics,Audio,1,"?1,899.00",20%,"?1,519.20","?1,120.00",?399.20,UPI,Delivered,Website,5.0
ORD102656,19-Apr-2026,CUST1123,Riya Verma,Male,40,Mumbai,West,P023,Shampoo,Beauty,Haircare,3,?649.00,20%,"?1,557.60",?870.00,?687.60,UPI,Delivered,Website,4.0
ORD101259,19-Apr-2026,CUST1238,Simran Gupta,Male,38,Ranchi,East,P030,Self Help Book,Books,Self Development,4,?599.00,10%,"?2,156.40","?1,040.00","?1,116.40",Credit Card,Delivered,Website,4.0
ORD104146,19-Apr-2026,CUST1404,Ananya Kumar,Male,25,Nashik,West,P022,Sunscreen SPF 50,Beauty,Skincare,1,?799.00,15%,?679.15,?360.00,?319.15,UPI,Delivered,Website,5.0
ORD100674,19-Apr-2026,CUST2134,Simran Gupta,Male,36,Mysuru,South,P021,Face Wash,Beauty,Skincare,1,?499.00,5%,?474.05,?220.00,?254.05,UPI,Cancelled,Mobile App,
ORD100652,19-Apr-2026,CUST1911,Aditi Saxena,Female,36,Chandigarh,North,P024,Perfume,Beauty,Fragrance,1,"?1,799.00",25%,"?1,349.25",?900.00,?449.25,UPI,Delivered,Website,5.0
ORD100343,19-Apr-2026,CUST0669,Kavya Patel,Male,53,Nashik,West,P003,Smart Watch,Electronics,Wearables,1,"?3,299.00",5%,"?3,134.05","?2,100.00","?1,034.05",Credit Card,Delivered,Mobile App,5.0
ORD100317,19-Apr-2026,CUST0158,Pooja Kapoor,Male,33,Nashik,West,P016,Yoga Mat,Sports & Fitness,Fitness,1,?999.00,0%,?999.00,?520.00,?479.00,Credit Card,Delivered,Mobile App,5.0
ORD103086,19-Apr-2026,CUST1074,Yash Agarwal,Female,26,Jaipur,North,P001,Wireless Headphones,Electronics,Audio,1,"?2,499.00",15%,"?2,124.15","?1,550.00",?574.15,Debit Card,Delivered,Website,3.0
ORD104270,19-Apr-2026,CUST0159,Shivam Mehta,Male,28,Mysuru,South,P030,Self Help Book,Books,Self Development,2,?599.00,10%,"?1,078.20",?520.00,?558.20,Debit Card,Cancelled,Mobile App,
ORD102489,20-Apr-2026,CUST0926,Pooja Kapoor,Male,36,Dehradun,North,P020,Resistance Bands,Sports & Fitness,Fitness,2,?699.00,10%,"?1,258.20",?640.00,?618.20,Net Banking,Delivered,Mobile App,2.0
ORD100362,20-Apr-2026,CUST2074,Rohan Rao,Female,26,Kolkata,East,P022,Sunscreen SPF 50,Beauty,Skincare,1,?799.00,15%,?679.15,?360.00,?319.15,Debit Card,Delivered,Website,5.0
ORD104359,20-Apr-2026,CUST0444,Ananya Kumar,Male,48,Guwahati,East,P012,Air Fryer,Home & Kitchen,Kitchen,1,"?5,999.00",5%,"?5,699.05","?3,900.00","?1,799.05",UPI,Delivered,Website,5.0
ORD100028,20-Apr-2026,CUST0427,Kiara Chopra,Male,31,Delhi,North,P001,Wireless Headphones,Electronics,Audio,2,"?2,499.00",15%,"?4,248.30","?3,100.00","?1,148.30",UPI,Delivered,Mobile App,4.0
ORD100860,20-Apr-2026,CUST0687,Isha Mehta,Female,28,Ahmedabad,West,P020,Resistance Bands,Sports & Fitness,Fitness,1,?699.00,10%,?629.10,?320.00,?309.10,UPI,Delivered,Mobile App,5.0
ORD102990,20-Apr-2026,CUST1141,Pranav Bansal,Female,26,Bengaluru,South,P022,Sunscreen SPF 50,Beauty,Skincare,2,?799.00,20%,"?1,278.40",?720.00,?558.40,Cash on Delivery,Delivered,Website,1.0
ORD100549,21-Apr-2026,CUST1519,Isha Mehta,Male,45,Kochi,South,P020,Resistance Bands,Sports & Fitness,Fitness,2,?699.00,5%,"?1,328.10",?640.00,?688.10,Credit Card,Delivered,Mobile App,2.0
ORD102228,21-Apr-2026,CUST0525,Tanvi Patel,Male,34,Lucknow,North,P009,Denim Jeans,Fashion,Clothing,2,"?1,999.00",0%,"?3,998.00","?2,100.00","?1,898.00",UPI,Delivered,Mobile App,4.0
ORD102064,21-Apr-2026,CUST0942,Aditya Kapoor,Female,28,Nashik,West,P029,Programming Book,Books,Technology,1,"?1,299.00",5%,"?1,234.05",?610.00,?624.05,Debit Card,Delivered,Website,4.0
ORD100880,21-Apr-2026,CUST1241,Meera Singh,Female,34,Bengaluru,South,P029,Programming Book,Books,Technology,1,"?1,299.00",0%,"?1,299.00",?610.00,?689.00,Debit Card,Cancelled,Website,
ORD100995,21-Apr-2026,CUST0497,Sakshi Mishra,Male,56,Delhi,North,P022,Sunscreen SPF 50,Beauty,Skincare,3,?799.00,15%,"?2,037.45","?1,080.00",?957.45,Debit Card,Delivered,Website,5.0
ORD102242,21-Apr-2026,CUST0926,Pooja Kapoor,Female,24,Kochi,South,P009,Denim Jeans,Fashion,Clothing,5,"?1,999.00",0%,"?9,995.00","?5,250.00","?4,745.00",Credit Card,Delivered,Mobile App,3.0
ORD100472,21-Apr-2026,CUST1540,Varun Jain,Female,18,Nashik,West,P017,Dumbbell Set,Sports & Fitness,Fitness,3,"?2,499.00",15%,"?6,372.45","?4,350.00","?2,022.45",Cash on Delivery,Delivered,Website,4.0
ORD100031,21-Apr-2026,CUST1646,Aditya Kapoor,Female,49,Coimbatore,South,P006,Laptop Backpack,Fashion,Bags,4,"?1,799.00",5%,"?6,836.20","?3,800.00","?3,036.20",Net Banking,Delivered,Mobile App,5.0
ORD102188,21-Apr-2026,CUST1119,Shivam Mehta,Male,41,Ranchi,East,P017,Dumbbell Set,Sports & Fitness,Fitness,2,"?2,499.00",10%,"?4,498.20","?2,900.00","?1,598.20",Debit Card,Delivered,Mobile App,5.0
ORD100912,21-Apr-2026,CUST2061,Tanvi Patel,Female,36,Chandigarh,North,P011,Coffee Maker,Home & Kitchen,Kitchen,1,"?3,499.00",5%,"?3,324.05","?2,250.00","?1,074.05",Cash on Delivery,Delivered,Website,5.0
ORD104331,21-Apr-2026,CUST0903,Nisha Saxena,Male,32,Ahmedabad,West,P020,Resistance Bands,Sports & Fitness,Fitness,1,?699.00,15%,?594.15,?320.00,?274.15,UPI,Delivered,Mobile App,4.0
ORD104371,21-Apr-2026,CUST1608,Sanya Malhotra,Male,25,Kochi,South,P006,Laptop Backpack,Fashion,Bags,1,"?1,799.00",20%,"?1,439.20",?950.00,?489.20,Cash on Delivery,Delivered,Website,4.0
ORD102571,21-Apr-2026,CUST0354,Manish Agarwal,Female,24,Bengaluru,South,P019,Badminton Racket,Sports & Fitness,Sports,2,"?1,499.00",10%,"?2,698.20","?1,600.00","?1,098.20",UPI,Delivered,Website,5.0
ORD103071,22-Apr-2026,CUST1652,Karan Jain,Male,18,Ranchi,East,P024,Perfume,Beauty,Fragrance,3,"?1,799.00",10%,"?4,857.30","?2,700.00","?2,157.30",Credit Card,Delivered,Mobile App,4.0
ORD102229,22-Apr-2026,CUST1218,Manish Agarwal,Female,22,Guwahati,East,P010,Casual Hoodie,Fashion,Clothing,3,"?1,499.00",10%,"?4,047.30","?2,340.00","?1,707.30",UPI,Delivered,Mobile App,4.0
ORD103156,22-Apr-2026,CUST1433,Meera Singh,Male,24,Jaipur,North,P018,Cricket Bat,Sports & Fitness,Sports,2,"?2,199.00",10%,"?3,958.20","?2,500.00","?1,458.20",Net Banking,Delivered,Mobile App,5.0
ORD100892,22-Apr-2026,CUST1620,Karan Jain,Male,26,Surat,West,P020,Resistance Bands,Sports & Fitness,Fitness,1,?699.00,10%,?629.10,?320.00,?309.10,Debit Card,Delivered,Website,4.0
ORD100058,22-Apr-2026,CUST0265,Zoya Singh,Male,29,Lucknow,North,P030,Self Help Book,Books,Self Development,1,?599.00,5%,?569.05,?260.00,?309.05,UPI,Delivered,Mobile App,2.0
ORD104927,22-Apr-2026,CUST0740,Varun Jain,Female,37,Hyderabad,South,P009,Denim Jeans,Fashion,Clothing,2,"?1,999.00",10%,"?3,598.20","?2,100.00","?1,498.20",Debit Card,Delivered,Website,3.0
ORD101111,22-Apr-2026,CUST1350,Kabir Gupta,Male,31,Nashik,West,P014,Table Lamp,Home & Kitchen,Home Decor,2,"?1,299.00",5%,"?2,468.10","?1,380.00","?1,088.10",UPI,Delivered,Website,1.0
ORD102324,22-Apr-2026,CUST2187,Kiara Chopra,Female,18,Chennai,South,P020,Resistance Bands,Sports & Fitness,Fitness,1,?699.00,10%,?629.10,?320.00,?309.10,UPI,Delivered,Mobile App,5.0
ORD100251,22-Apr-2026,CUST1516,Rahul Kumar,Male,27,Amritsar,North,P005,Power Bank 20000mAh,Electronics,Accessories,1,"?1,599.00",20%,"?1,279.20",?920.00,?359.20,UPI,Returned,Mobile App,5.0
ORD101073,22-Apr-2026,CUST1451,Kiara Chopra,Male,34,Bokaro,East,P015,Bedsheet Set,Home & Kitchen,Home Decor,2,"?1,599.00",15%,"?2,718.30","?1,700.00","?1,018.30",Credit Card,Delivered,Mobile App,4.0
ORD101699,22-Apr-2026,CUST0375,Aditi Saxena,Female,47,Coimbatore,South,P001,Wireless Headphones,Electronics,Audio,1,"?2,499.00",10%,"?2,249.10","?1,550.00",?699.10,Credit Card,Delivered,Website,5.0
ORD100281,22-Apr-2026,CUST0417,Diya Mishra,Male,28,Chennai,South,P022,Sunscreen SPF 50,Beauty,Skincare,2,?799.00,0%,"?1,598.00",?720.00,?878.00,Debit Card,Delivered,Mobile App,4.0
ORD101040,23-Apr-2026,CUST1050,Rohan Rao,Female,39,Nashik,West,P015,Bedsheet Set,Home & Kitchen,Home Decor,1,"?1,599.00",5%,"?1,519.05",?850.00,?669.05,Debit Card,Delivered,Website,5.0
ORD102918,23-Apr-2026,CUST0213,Pranav Bansal,Male,40,Lucknow,North,P021,Face Wash,Beauty,Skincare,2,?499.00,10%,?898.20,?440.00,?458.20,UPI,Delivered,Website,4.0
ORD104467,23-Apr-2026,CUST0628,Karan Jain,Male,44,Guwahati,East,P008,Cotton T-Shirt,Fashion,Clothing,1,?799.00,10%,?719.10,?390.00,?329.10,UPI,Delivered,Mobile App,5.0
ORD104205,23-Apr-2026,CUST1589,Pranav Bansal,Male,36,Delhi,North,P019,Badminton Racket,Sports & Fitness,Sports,4,"?1,499.00",10%,"?5,396.40","?3,200.00","?2,196.40",Cash on Delivery,Delivered,Website,5.0
ORD101434,23-Apr-2026,CUST1254,Kabir Gupta,Male,18,Amritsar,North,P026,Novel Collection,Books,Fiction,2,?899.00,20%,"?1,438.40",?840.00,?598.40,UPI,Delivered,Mobile App,5.0
ORD100790,23-Apr-2026,CUST1614,Aditya Kapoor,Male,45,Chandigarh,North,P026,Novel Collection,Books,Fiction,2,?899.00,5%,"?1,708.10",?840.00,?868.10,Net Banking,Delivered,Mobile App,5.0
ORD104758,24-Apr-2026,CUST2109,Kavya Patel,Male,18,Mumbai,West,P004,USB-C Charger,Electronics,Accessories,1,?899.00,0%,?899.00,?480.00,?419.00,Debit Card,Delivered,Mobile App,3.0
ORD102488,24-Apr-2026,CUST0775,Nisha Saxena,Female,34,Dehradun,North,P007,Running Shoes,Fashion,Footwear,1,"?2,899.00",10%,"?2,609.10","?1,700.00",?909.10,Debit Card,Cancelled,Mobile App,
ORD103821,24-Apr-2026,CUST1140,Karan Jain,Male,23,Coimbatore,South,P029,Programming Book,Books,Technology,2,"?1,299.00",5%,"?2,468.10","?1,220.00","?1,248.10",Credit Card,Delivered,Mobile App,4.0
ORD103454,24-Apr-2026,CUST1025,Diya Mishra,Male,36,Bhubaneswar,East,P008,Cotton T-Shirt,Fashion,Clothing,1,?799.00,10%,?719.10,?390.00,?329.10,UPI,Delivered,Mobile App,4.0
ORD104558,25-Apr-2026,CUST0202,Arjun Rao,Male,30,Bengaluru,South,P021,Face Wash,Beauty,Skincare,2,?499.00,5%,?948.10,?440.00,?508.10,Credit Card,Delivered,Website,3.0
ORD104310,25-Apr-2026,CUST1393,Sakshi Mishra,Male,18,Mysuru,South,P016,Yoga Mat,Sports & Fitness,Fitness,2,?999.00,0%,"?1,998.00","?1,040.00",?958.00,Cash on Delivery,Delivered,Mobile App,3.0
ORD103048,25-Apr-2026,CUST0605,Kavya Patel,Male,38,Amritsar,North,P009,Denim Jeans,Fashion,Clothing,1,"?1,999.00",15%,"?1,699.15","?1,050.00",?649.15,Credit Card,Delivered,Mobile App,5.0
ORD103254,25-Apr-2026,CUST0959,Shivam Mehta,Female,18,Nagpur,West,P026,Novel Collection,Books,Fiction,3,?899.00,5%,"?2,562.15","?1,260.00","?1,302.15",Cash on Delivery,Delivered,Mobile App,3.0
ORD102339,25-Apr-2026,CUST2173,Kavya Patel,Female,30,Jaipur,North,P023,Shampoo,Beauty,Haircare,1,?649.00,25%,?486.75,?290.00,?196.75,UPI,Delivered,Mobile App,5.0
ORD103523,25-Apr-2026,CUST0869,Akash Bansal,Male,18,Nashik,West,P010,Casual Hoodie,Fashion,Clothing,1,"?1,499.00",10%,"?1,349.10",?780.00,?569.10,Credit Card,Delivered,Mobile App,4.0
ORD103551,25-Apr-2026,CUST1715,Anjali Verma,Male,21,Mysuru,South,P021,Face Wash,Beauty,Skincare,1,?499.00,5%,?474.05,?220.00,?254.05,UPI,Delivered,Website,3.0
ORD102602,25-Apr-2026,CUST0302,Aditya Kapoor,Female,22,Kochi,South,P020,Resistance Bands,Sports & Fitness,Fitness,1,?699.00,10%,?629.10,?320.00,?309.10,UPI,Delivered,Website,4.0
ORD104413,25-Apr-2026,CUST0283,Vansh Chopra,Female,32,Delhi,North,P010,Casual Hoodie,Fashion,Clothing,1,"?1,499.00",10%,"?1,349.10",?780.00,?569.10,UPI,Delivered,Mobile App,5.0
ORD103473,25-Apr-2026,CUST0765,Kavya Patel,Female,35,Chennai,South,P029,Programming Book,Books,Technology,1,"?1,299.00",15%,"?1,104.15",?610.00,?494.15,Credit Card,Delivered,Mobile App,4.0
ORD103792,26-Apr-2026,CUST0991,Shivam Mehta,Male,30,Delhi,North,P018,Cricket Bat,Sports & Fitness,Sports,4,"?2,199.00",15%,"?7,476.60","?5,000.00","?2,476.60",UPI,Delivered,Website,5.0
ORD103199,26-Apr-2026,CUST1154,Manish Agarwal,Male,25,Pune,West,P003,Smart Watch,Electronics,Wearables,1,"?3,299.00",15%,"?2,804.15","?2,100.00",?704.15,UPI,Delivered,Mobile App,4.0
ORD103832,26-Apr-2026,CUST0283,Vansh Chopra,Female,37,Chandigarh,North,P018,Cricket Bat,Sports & Fitness,Sports,1,"?2,199.00",0%,"?2,199.00","?1,250.00",?949.00,UPI,Delivered,Website,4.0
ORD100592,26-Apr-2026,CUST0763,Vansh Chopra,Female,29,Chennai,South,P018,Cricket Bat,Sports & Fitness,Sports,4,"?2,199.00",15%,"?7,476.60","?5,000.00","?2,476.60",Debit Card,Delivered,Mobile App,5.0
ORD103843,26-Apr-2026,CUST1726,Pooja Kapoor,Female,32,Bhubaneswar,East,P022,Sunscreen SPF 50,Beauty,Skincare,1,?799.00,10%,?719.10,?360.00,?359.10,Debit Card,Delivered,Website,5.0
ORD101727,26-Apr-2026,CUST0794,Rohan Rao,Male,19,Kochi,South,P028,Data Analytics Book,Books,Technology,1,"?1,099.00",0%,"?1,099.00",?520.00,?579.00,Cash on Delivery,Delivered,Mobile App,5.0
ORD103379,26-Apr-2026,CUST1764,Varun Jain,Male,28,Ahmedabad,West,P003,Smart Watch,Electronics,Wearables,3,"?3,299.00",15%,"?8,412.45","?6,300.00","?2,112.45",UPI,Cancelled,Website,
ORD103934,26-Apr-2026,CUST0983,Aditi Saxena,Male,35,Bengaluru,South,P001,Wireless Headphones,Electronics,Audio,2,"?2,499.00",25%,"?3,748.50","?3,100.00",?648.50,Wallet,Delivered,Mobile App,4.0
ORD104742,26-Apr-2026,CUST1627,Vansh Chopra,Male,26,Bokaro,East,P025,Moisturizer,Beauty,Skincare,1,?699.00,10%,?629.10,?310.00,?319.10,Credit Card,Delivered,Website,5.0
ORD100241,26-Apr-2026,CUST1811,Anjali Verma,Female,31,Bhubaneswar,East,P016,Yoga Mat,Sports & Fitness,Fitness,3,?999.00,5%,"?2,847.15","?1,560.00","?1,287.15",Wallet,Delivered,Website,4.0
ORD102061,26-Apr-2026,CUST0792,Ishaan Malhotra,Male,22,Hyderabad,South,P008,Cotton T-Shirt,Fashion,Clothing,1,?799.00,0%,?799.00,?390.00,?409.00,UPI,Delivered,Website,5.0
ORD104625,26-Apr-2026,CUST1953,Diya Mishra,Female,35,Ranchi,East,P016,Yoga Mat,Sports & Fitness,Fitness,1,?999.00,10%,?899.10,?520.00,?379.10,UPI,Delivered,Website,4.0
ORD101274,27-Apr-2026,CUST1152,Aarav Sharma,Female,26,Pune,West,P016,Yoga Mat,Sports & Fitness,Fitness,1,?999.00,10%,?899.10,?520.00,?379.10,Debit Card,Returned,Mobile App,4.0
ORD104854,27-Apr-2026,CUST1777,Sakshi Mishra,Male,38,Ahmedabad,West,P022,Sunscreen SPF 50,Beauty,Skincare,2,?799.00,10%,"?1,438.20",?720.00,?718.20,UPI,Delivered,Mobile App,4.0
ORD102338,27-Apr-2026,CUST0806,Kabir Gupta,Female,38,Pune,West,P007,Running Shoes,Fashion,Footwear,1,"?2,899.00",20%,"?2,319.20","?1,700.00",?619.20,Cash on Delivery,Delivered,Mobile App,4.0
ORD101021,27-Apr-2026,CUST1202,Yash Agarwal,Female,27,Mysuru,South,P017,Dumbbell Set,Sports & Fitness,Fitness,1,"?2,499.00",10%,"?2,249.10","?1,450.00",?799.10,Credit Card,Delivered,Mobile App,4.0
ORD103462,27-Apr-2026,CUST0827,Vansh Chopra,Male,41,Ahmedabad,West,P007,Running Shoes,Fashion,Footwear,1,"?2,899.00",0%,"?2,899.00","?1,700.00","?1,199.00",UPI,Delivered,Mobile App,5.0
ORD101777,27-Apr-2026,CUST1817,Meera Singh,Male,40,Lucknow,North,P018,Cricket Bat,Sports & Fitness,Sports,1,"?2,199.00",0%,"?2,199.00","?1,250.00",?949.00,Net Banking,Delivered,Mobile App,4.0
ORD104949,27-Apr-2026,CUST2040,Ishaan Malhotra,Female,18,Kolkata,East,P020,Resistance Bands,Sports & Fitness,Fitness,1,?699.00,10%,?629.10,?320.00,?309.10,Debit Card,Delivered,Mobile App,4.0
ORD104734,27-Apr-2026,CUST0676,Varun Jain,Male,31,Kolkata,East,P030,Self Help Book,Books,Self Development,1,?599.00,30%,?419.30,?260.00,?159.30,Credit Card,Delivered,Mobile App,4.0
ORD101554,27-Apr-2026,CUST1745,Sakshi Mishra,Male,44,Dehradun,North,P017,Dumbbell Set,Sports & Fitness,Fitness,4,"?2,499.00",10%,"?8,996.40","?5,800.00","?3,196.40",Debit Card,Delivered,Website,4.0
ORD101649,28-Apr-2026,CUST0619,Kiara Chopra,Female,38,Kolkata,East,P029,Programming Book,Books,Technology,1,"?1,299.00",0%,"?1,299.00",?610.00,?689.00,Net Banking,Delivered,Mobile App,4.0
ORD102549,28-Apr-2026,CUST1062,Kabir Gupta,Male,41,Jaipur,North,P015,Bedsheet Set,Home & Kitchen,Home Decor,2,"?1,599.00",25%,"?2,398.50","?1,700.00",?698.50,Debit Card,Delivered,Mobile App,5.0
ORD103192,28-Apr-2026,CUST0151,Aditi Saxena,Male,41,Bengaluru,South,P010,Casual Hoodie,Fashion,Clothing,2,"?1,499.00",20%,"?2,398.40","?1,560.00",?838.40,UPI,Cancelled,Website,
ORD101994,28-Apr-2026,CUST0998,Kabir Gupta,Female,40,Chandigarh,North,P018,Cricket Bat,Sports & Fitness,Sports,2,"?2,199.00",5%,"?4,178.10","?2,500.00","?1,678.10",UPI,Delivered,Mobile App,5.0
ORD101824,28-Apr-2026,CUST0900,Varun Jain,Male,32,Lucknow,North,P021,Face Wash,Beauty,Skincare,2,?499.00,5%,?948.10,?440.00,?508.10,UPI,Delivered,Mobile App,5.0
ORD101774,28-Apr-2026,CUST1030,Kabir Gupta,Female,34,Kochi,South,P026,Novel Collection,Books,Fiction,1,?899.00,10%,?809.10,?420.00,?389.10,UPI,Delivered,Mobile App,5.0
ORD101888,28-Apr-2026,CUST1796,Varun Jain,Male,18,Patna,East,P030,Self Help Book,Books,Self Development,2,?599.00,5%,"?1,138.10",?520.00,?618.10,UPI,Delivered,Website,3.0
ORD104135,28-Apr-2026,CUST1476,Varun Jain,Female,43,Pune,West,P002,Bluetooth Speaker,Electronics,Audio,4,"?1,899.00",10%,"?6,836.40","?4,480.00","?2,356.40",UPI,Delivered,Mobile App,5.0
ORD103107,28-Apr-2026,CUST0416,Aarav Sharma,Male,22,Jaipur,North,P007,Running Shoes,Fashion,Footwear,2,"?2,899.00",10%,"?5,218.20","?3,400.00","?1,818.20",Debit Card,Returned,Mobile App,5.0
ORD104666,28-Apr-2026,CUST1153,Diya Mishra,Male,23,Nashik,West,P010,Casual Hoodie,Fashion,Clothing,2,"?1,499.00",15%,"?2,548.30","?1,560.00",?988.30,Credit Card,Delivered,Website,5.0
ORD102260,28-Apr-2026,CUST1807,Isha Mehta,Female,45,Chennai,South,P028,Data Analytics Book,Books,Technology,1,"?1,099.00",15%,?934.15,?520.00,?414.15,UPI,Delivered,Mobile App,4.0
ORD100420,29-Apr-2026,CUST1377,Diya Mishra,Male,43,Surat,West,P017,Dumbbell Set,Sports & Fitness,Fitness,3,"?2,499.00",10%,"?6,747.30","?4,350.00","?2,397.30",UPI,Delivered,Website,4.0
ORD102810,29-Apr-2026,CUST1006,Aditya Kapoor,Male,33,Ranchi,East,P008,Cotton T-Shirt,Fashion,Clothing,2,?799.00,15%,"?1,358.30",?780.00,?578.30,UPI,Delivered,Website,4.0
ORD102683,29-Apr-2026,CUST1854,Pooja Kapoor,Female,32,Nagpur,West,P001,Wireless Headphones,Electronics,Audio,1,"?2,499.00",10%,"?2,249.10","?1,550.00",?699.10,UPI,Delivered,Mobile App,4.0
ORD101251,29-Apr-2026,CUST0788,Karan Jain,Male,23,Ahmedabad,West,P019,Badminton Racket,Sports & Fitness,Sports,1,"?1,499.00",25%,"?1,124.25",?800.00,?324.25,Cash on Delivery,Delivered,Mobile App,4.0
ORD104884,29-Apr-2026,CUST1690,Rohan Rao,Female,38,Jaipur,North,P009,Denim Jeans,Fashion,Clothing,2,"?1,999.00",0%,"?3,998.00","?2,100.00","?1,898.00",Net Banking,Delivered,Website,5.0
ORD102420,30-Apr-2026,CUST1760,Aarav Sharma,Male,29,Chandigarh,North,P003,Smart Watch,Electronics,Wearables,1,"?3,299.00",0%,"?3,299.00","?2,100.00","?1,199.00",UPI,Delivered,Website,4.0
ORD103477,30-Apr-2026,CUST1318,Kabir Gupta,Female,35,Hyderabad,South,P024,Perfume,Beauty,Fragrance,2,"?1,799.00",10%,"?3,238.20","?1,800.00","?1,438.20",Credit Card,Delivered,Website,5.0
ORD103356,30-Apr-2026,CUST1533,Kavya Patel,Male,30,Pune,West,P006,Laptop Backpack,Fashion,Bags,1,"?1,799.00",20%,"?1,439.20",?950.00,?489.20,UPI,Delivered,Website,4.0
ORD102191,30-Apr-2026,CUST0274,Yash Agarwal,Male,34,Pune,West,P021,Face Wash,Beauty,Skincare,2,?499.00,15%,?848.30,?440.00,?408.30,UPI,Delivered,Website,5.0
ORD103488,30-Apr-2026,CUST1791,Shivam Mehta,Female,31,Jaipur,North,P020,Resistance Bands,Sports & Fitness,Fitness,1,?699.00,10%,?629.10,?320.00,?309.10,Debit Card,Delivered,Website,5.0
ORD102513,30-Apr-2026,CUST1557,Pranav Bansal,Male,25,Bokaro,East,P005,Power Bank 20000mAh,Electronics,Accessories,1,"?1,599.00",20%,"?1,279.20",?920.00,?359.20,Debit Card,Delivered,Website,5.0
ORD101489,30-Apr-2026,CUST1429,Pranav Bansal,Male,30,Ahmedabad,West,P020,Resistance Bands,Sports & Fitness,Fitness,1,?699.00,20%,?559.20,?320.00,?239.20,UPI,Delivered,Mobile App,5.0
ORD101823,30-Apr-2026,CUST1266,Yash Agarwal,Male,26,Bhubaneswar,East,P023,Shampoo,Beauty,Haircare,3,?649.00,15%,"?1,654.95",?870.00,?784.95,UPI,Delivered,Mobile App,5.0
ORD100036,30-Apr-2026,CUST1609,Zoya Singh,Female,37,Ranchi,East,P011,Coffee Maker,Home & Kitchen,Kitchen,1,"?3,499.00",10%,"?3,149.10","?2,250.00",?899.10,Credit Card,Cancelled,Website,
ORD101053,30-Apr-2026,CUST1938,Yash Agarwal,Male,18,Dehradun,North,P029,Programming Book,Books,Technology,1,"?1,299.00",10%,"?1,169.10",?610.00,?559.10,Net Banking,Delivered,Mobile App,5.0
ORD100111,30-Apr-2026,CUST1107,Anjali Verma,Male,31,Bhubaneswar,East,P028,Data Analytics Book,Books,Technology,1,"?1,099.00",0%,"?1,099.00",?520.00,?579.00,Net Banking,Delivered,Mobile App,5.0
ORD104941,30-Apr-2026,CUST1301,Pranav Bansal,Male,32,Delhi,North,P012,Air Fryer,Home & Kitchen,Kitchen,2,"?5,999.00",5%,"?11,398.10","?7,800.00","?3,598.10",Net Banking,Delivered,Mobile App,4.0
ORD103671,30-Apr-2026,CUST2125,Tanvi Patel,Male,29,Hyderabad,South,P025,Moisturizer,Beauty,Skincare,3,?699.00,10%,"?1,887.30",?930.00,?957.30,UPI,Delivered,Website,5.0
ORD104786,30-Apr-2026,CUST1422,Aditya Kapoor,Male,28,Dehradun,North,P030,Self Help Book,Books,Self Development,1,?599.00,10%,?539.10,?260.00,?279.10,UPI,Delivered,Mobile App,5.0
ORD100668,30-Apr-2026,CUST0481,Diya Mishra,Female,25,Ranchi,East,P019,Badminton Racket,Sports & Fitness,Sports,1,"?1,499.00",10%,"?1,349.10",?800.00,?549.10,Wallet,Delivered,Mobile App,5.0
ORD102204,01-May-2026,CUST0407,Aditi Saxena,Male,31,Pune,West,P022,Sunscreen SPF 50,Beauty,Skincare,4,?799.00,25%,"?2,397.00","?1,440.00",?957.00,Cash on Delivery,Delivered,Website,5.0
ORD102496,01-May-2026,CUST0612,Varun Jain,Female,31,Coimbatore,South,P005,Power Bank 20000mAh,Electronics,Accessories,1,"?1,599.00",15%,"?1,359.15",?920.00,?439.15,Cash on Delivery,Delivered,Mobile App,5.0
ORD103758,01-May-2026,CUST0024,Ishaan Malhotra,Male,22,Kochi,South,P001,Wireless Headphones,Electronics,Audio,1,"?2,499.00",0%,"?2,499.00","?1,550.00",?949.00,Wallet,Delivered,Website,5.0
ORD102232,01-May-2026,CUST1254,Kabir Gupta,Male,33,Mumbai,West,P005,Power Bank 20000mAh,Electronics,Accessories,2,"?1,599.00",15%,"?2,718.30","?1,840.00",?878.30,UPI,Delivered,Website,3.0
ORD103704,01-May-2026,CUST1530,Rohan Rao,Female,31,Bhubaneswar,East,P001,Wireless Headphones,Electronics,Audio,2,"?2,499.00",0%,"?4,998.00","?3,100.00","?1,898.00",Credit Card,Returned,Mobile App,5.0
ORD102570,02-May-2026,CUST1286,Kabir Gupta,Male,36,Mysuru,South,P013,Non-Stick Cookware Set,Home & Kitchen,Cookware,1,"?4,299.00",0%,"?4,299.00","?2,700.00","?1,599.00",Credit Card,Delivered,Mobile App,5.0
ORD103784,02-May-2026,CUST1850,Rohan Rao,Male,37,Surat,West,P009,Denim Jeans,Fashion,Clothing,1,"?1,999.00",25%,"?1,499.25","?1,050.00",?449.25,UPI,Delivered,Website,5.0
ORD104050,02-May-2026,CUST0379,Vansh Chopra,Male,43,Nagpur,West,P007,Running Shoes,Fashion,Footwear,2,"?2,899.00",10%,"?5,218.20","?3,400.00","?1,818.20",UPI,Delivered,Website,4.0
ORD104798,02-May-2026,CUST1675,Kiara Chopra,Male,42,Coimbatore,South,P011,Coffee Maker,Home & Kitchen,Kitchen,1,"?3,499.00",10%,"?3,149.10","?2,250.00",?899.10,Wallet,Delivered,Mobile App,5.0
ORD104523,02-May-2026,CUST1239,Aditi Saxena,Male,18,Ranchi,East,P025,Moisturizer,Beauty,Skincare,2,?699.00,15%,"?1,188.30",?620.00,?568.30,Wallet,Delivered,Website,1.0
ORD104631,02-May-2026,CUST0139,Kiara Chopra,Male,45,Lucknow,North,P003,Smart Watch,Electronics,Wearables,3,"?3,299.00",10%,"?8,907.30","?6,300.00","?2,607.30",UPI,Delivered,Website,5.0
ORD102618,03-May-2026,CUST0554,Arjun Rao,Male,30,Chandigarh,North,P023,Shampoo,Beauty,Haircare,1,?649.00,15%,?551.65,?290.00,?261.65,UPI,Delivered,Website,4.0
ORD101936,03-May-2026,CUST1663,Shivam Mehta,Female,41,Lucknow,North,P002,Bluetooth Speaker,Electronics,Audio,1,"?1,899.00",20%,"?1,519.20","?1,120.00",?399.20,Cash on Delivery,Delivered,Website,5.0
ORD100562,03-May-2026,CUST0821,Pranav Bansal,Male,27,Lucknow,North,P030,Self Help Book,Books,Self Development,3,?599.00,25%,"?1,347.75",?780.00,?567.75,UPI,Delivered,Website,5.0
ORD103094,03-May-2026,CUST2145,Diya Mishra,Male,41,Ahmedabad,West,P001,Wireless Headphones,Electronics,Audio,1,"?2,499.00",15%,"?2,124.15","?1,550.00",?574.15,Credit Card,Delivered,Mobile App,4.0
ORD102764,03-May-2026,CUST1220,Varun Jain,Female,27,Chennai,South,P020,Resistance Bands,Sports & Fitness,Fitness,1,?699.00,5%,?664.05,?320.00,?344.05,UPI,Delivered,Mobile App,5.0
ORD104956,03-May-2026,CUST0925,Kavya Patel,Male,29,Guwahati,East,P020,Resistance Bands,Sports & Fitness,Fitness,1,?699.00,15%,?594.15,?320.00,?274.15,Cash on Delivery,Delivered,Website,5.0
ORD104913,03-May-2026,CUST0999,Nisha Saxena,Male,36,Bhubaneswar,East,P021,Face Wash,Beauty,Skincare,4,?499.00,10%,"?1,796.40",?880.00,?916.40,Wallet,Delivered,Mobile App,3.0
ORD103749,03-May-2026,CUST1802,Arjun Rao,Female,41,Mysuru,South,P006,Laptop Backpack,Fashion,Bags,3,"?1,799.00",20%,"?4,317.60","?2,850.00","?1,467.60",Debit Card,Delivered,Mobile App,5.0
ORD101924,03-May-2026,CUST1719,Aditi Saxena,Male,34,Kochi,South,P014,Table Lamp,Home & Kitchen,Home Decor,3,"?1,299.00",20%,"?3,117.60","?2,070.00","?1,047.60",Debit Card,Delivered,Website,5.0
ORD100325,03-May-2026,CUST0092,Ananya Kumar,Male,34,Kochi,South,P007,Running Shoes,Fashion,Footwear,4,"?2,899.00",10%,"?10,436.40","?6,800.00","?3,636.40",Net Banking,Delivered,Mobile App,4.0
ORD104680,04-May-2026,CUST1060,Varun Jain,Male,26,Pune,West,P004,USB-C Charger,Electronics,Accessories,1,?899.00,0%,?899.00,?480.00,?419.00,UPI,Delivered,Mobile App,5.0
ORD100183,04-May-2026,CUST1251,Riya Verma,Female,32,Jaipur,North,P023,Shampoo,Beauty,Haircare,2,?649.00,10%,"?1,168.20",?580.00,?588.20,UPI,Delivered,Mobile App,5.0
ORD102823,04-May-2026,CUST1991,Nisha Saxena,Female,37,Mumbai,West,P018,Cricket Bat,Sports & Fitness,Sports,1,"?2,199.00",10%,"?1,979.10","?1,250.00",?729.10,UPI,Cancelled,Website,
ORD104489,04-May-2026,CUST1577,Zoya Singh,Male,18,Bokaro,East,P024,Perfume,Beauty,Fragrance,1,"?1,799.00",10%,"?1,619.10",?900.00,?719.10,UPI,Delivered,Website,5.0
ORD102865,04-May-2026,CUST0431,Isha Mehta,Male,28,Nagpur,West,P002,Bluetooth Speaker,Electronics,Audio,5,"?1,899.00",5%,"?9,020.25","?5,600.00","?3,420.25",UPI,Delivered,Website,4.0
ORD101280,04-May-2026,CUST1074,Yash Agarwal,Male,26,Amritsar,North,P024,Perfume,Beauty,Fragrance,5,"?1,799.00",5%,"?8,545.25","?4,500.00","?4,045.25",UPI,Delivered,Mobile App,5.0
ORD103142,04-May-2026,CUST0467,Anjali Verma,Female,18,Amritsar,North,P021,Face Wash,Beauty,Skincare,2,?499.00,0%,?998.00,?440.00,?558.00,UPI,Returned,Mobile App,5.0
ORD103057,04-May-2026,CUST1860,Varun Jain,Male,38,Delhi,North,P024,Perfume,Beauty,Fragrance,2,"?1,799.00",10%,"?3,238.20","?1,800.00","?1,438.20",Net Banking,Delivered,Website,4.0
ORD102531,04-May-2026,CUST1660,Ananya Kumar,Female,34,Kochi,South,P021,Face Wash,Beauty,Skincare,1,?499.00,25%,?374.25,?220.00,?154.25,Cash on Delivery,Delivered,Mobile App,3.0
ORD101060,04-May-2026,CUST1935,Isha Mehta,Female,51,Patna,East,P007,Running Shoes,Fashion,Footwear,3,"?2,899.00",15%,"?7,392.45","?5,100.00","?2,292.45",Credit Card,Delivered,Mobile App,2.0
ORD101547,04-May-2026,CUST0614,Kabir Gupta,Male,30,Kochi,South,P022,Sunscreen SPF 50,Beauty,Skincare,3,?799.00,5%,"?2,277.15","?1,080.00","?1,197.15",UPI,Delivered,Mobile App,5.0
ORD101078,05-May-2026,CUST1279,Shivam Mehta,Male,24,Chennai,South,P022,Sunscreen SPF 50,Beauty,Skincare,1,?799.00,15%,?679.15,?360.00,?319.15,Credit Card,Delivered,Mobile App,5.0
ORD104204,05-May-2026,CUST0177,Sakshi Mishra,Male,30,Bengaluru,South,P003,Smart Watch,Electronics,Wearables,4,"?3,299.00",5%,"?12,536.20","?8,400.00","?4,136.20",Credit Card,Delivered,Mobile App,3.0
ORD101745,05-May-2026,CUST1626,Rohan Rao,Female,33,Lucknow,North,P020,Resistance Bands,Sports & Fitness,Fitness,1,?699.00,10%,?629.10,?320.00,?309.10,UPI,Delivered,Mobile App,5.0
ORD101160,05-May-2026,CUST1661,Kavya Patel,Female,28,Coimbatore,South,P016,Yoga Mat,Sports & Fitness,Fitness,3,?999.00,20%,"?2,397.60","?1,560.00",?837.60,UPI,Delivered,Mobile App,5.0
ORD103487,05-May-2026,CUST1344,Aarav Sharma,Male,39,Jaipur,North,P030,Self Help Book,Books,Self Development,1,?599.00,0%,?599.00,?260.00,?339.00,UPI,Delivered,Website,5.0
ORD103716,05-May-2026,CUST0278,Simran Gupta,Female,28,Chandigarh,North,P020,Resistance Bands,Sports & Fitness,Fitness,1,?699.00,10%,?629.10,?320.00,?309.10,UPI,Cancelled,Website,
ORD104113,05-May-2026,CUST2115,Riya Verma,Male,31,Bokaro,East,P027,Business Strategy Book,Books,Business,3,?699.00,15%,"?1,782.45",?900.00,?882.45,Debit Card,Delivered,Website,5.0
ORD103278,05-May-2026,CUST0579,Riya Verma,Female,32,Chandigarh,North,P013,Non-Stick Cookware Set,Home & Kitchen,Cookware,3,"?4,299.00",0%,"?12,897.00","?8,100.00","?4,797.00",Wallet,Delivered,Mobile App,4.0
ORD104248,05-May-2026,CUST1195,Kiara Chopra,Female,27,Mysuru,South,P007,Running Shoes,Fashion,Footwear,1,"?2,899.00",10%,"?2,609.10","?1,700.00",?909.10,UPI,Delivered,Website,4.0
ORD101494,05-May-2026,CUST0858,Rohan Rao,Male,24,Bhubaneswar,East,P017,Dumbbell Set,Sports & Fitness,Fitness,1,"?2,499.00",5%,"?2,374.05","?1,450.00",?924.05,Wallet,Delivered,Website,5.0
ORD104449,05-May-2026,CUST1613,Tanvi Patel,Female,35,Dehradun,North,P009,Denim Jeans,Fashion,Clothing,1,"?1,999.00",20%,"?1,599.20","?1,050.00",?549.20,UPI,Delivered,Mobile App,5.0
ORD103978,05-May-2026,CUST0021,Pranav Bansal,Male,48,Lucknow,North,P030,Self Help Book,Books,Self Development,2,?599.00,10%,"?1,078.20",?520.00,?558.20,UPI,Delivered,Mobile App,4.0
ORD102135,05-May-2026,CUST2045,Kavya Patel,Male,36,Chandigarh,North,P024,Perfume,Beauty,Fragrance,1,"?1,799.00",15%,"?1,529.15",?900.00,?629.15,UPI,Delivered,Mobile App,5.0
ORD100274,05-May-2026,CUST0984,Ishaan Malhotra,Female,40,Lucknow,North,P020,Resistance Bands,Sports & Fitness,Fitness,3,?699.00,10%,"?1,887.30",?960.00,?927.30,UPI,Delivered,Website,5.0
ORD100089,05-May-2026,CUST0784,Mohit Sharma,Male,22,Patna,East,P020,Resistance Bands,Sports & Fitness,Fitness,1,?699.00,10%,?629.10,?320.00,?309.10,UPI,Delivered,Website,2.0
ORD104751,06-May-2026,CUST0723,Anjali Verma,Male,28,Ahmedabad,West,P018,Cricket Bat,Sports & Fitness,Sports,2,"?2,199.00",10%,"?3,958.20","?2,500.00","?1,458.20",UPI,Delivered,Mobile App,4.0
ORD101996,06-May-2026,CUST0569,Meera Singh,Male,37,Coimbatore,South,P006,Laptop Backpack,Fashion,Bags,2,"?1,799.00",25%,"?2,698.50","?1,900.00",?798.50,UPI,Delivered,Website,4.0
ORD101018,06-May-2026,CUST1287,Nisha Saxena,Female,18,Guwahati,East,P027,Business Strategy Book,Books,Business,2,?699.00,20%,"?1,118.40",?600.00,?518.40,Wallet,Delivered,Website,3.0
ORD104139,06-May-2026,CUST1770,Arjun Rao,Female,28,Bengaluru,South,P009,Denim Jeans,Fashion,Clothing,1,"?1,999.00",15%,"?1,699.15","?1,050.00",?649.15,UPI,Delivered,Website,5.0
ORD104733,06-May-2026,CUST0020,Karan Jain,Female,39,Delhi,North,P018,Cricket Bat,Sports & Fitness,Sports,2,"?2,199.00",15%,"?3,738.30","?2,500.00","?1,238.30",Net Banking,Delivered,Mobile App,5.0
ORD102859,06-May-2026,CUST0830,Pooja Kapoor,Male,38,Ahmedabad,West,P028,Data Analytics Book,Books,Technology,1,"?1,099.00",10%,?989.10,?520.00,?469.10,Cash on Delivery,Delivered,Website,3.0
ORD104596,06-May-2026,CUST1561,Meera Singh,Male,26,Delhi,North,P019,Badminton Racket,Sports & Fitness,Sports,1,"?1,499.00",25%,"?1,124.25",?800.00,?324.25,UPI,Delivered,Website,5.0
ORD101901,06-May-2026,CUST1127,Nisha Saxena,Female,35,Bhubaneswar,East,P011,Coffee Maker,Home & Kitchen,Kitchen,1,"?3,499.00",20%,"?2,799.20","?2,250.00",?549.20,Credit Card,Delivered,Website,4.0
ORD104018,06-May-2026,CUST1491,Anjali Verma,Female,19,Delhi,North,P005,Power Bank 20000mAh,Electronics,Accessories,2,"?1,599.00",0%,"?3,198.00","?1,840.00","?1,358.00",UPI,Delivered,Mobile App,5.0
ORD104686,06-May-2026,CUST0548,Varun Jain,Female,29,Mysuru,South,P002,Bluetooth Speaker,Electronics,Audio,1,"?1,899.00",5%,"?1,804.05","?1,120.00",?684.05,Debit Card,Delivered,Website,4.0
ORD100931,06-May-2026,CUST0520,Sanya Malhotra,Male,36,Nagpur,West,P024,Perfume,Beauty,Fragrance,1,"?1,799.00",20%,"?1,439.20",?900.00,?539.20,Wallet,Cancelled,Mobile App,
ORD101304,07-May-2026,CUST0502,Simran Gupta,Male,42,Kolkata,East,P006,Laptop Backpack,Fashion,Bags,2,"?1,799.00",10%,"?3,238.20","?1,900.00","?1,338.20",UPI,Delivered,Website,4.0
ORD102843,07-May-2026,CUST1898,Arjun Rao,Female,31,Lucknow,North,P001,Wireless Headphones,Electronics,Audio,1,"?2,499.00",5%,"?2,374.05","?1,550.00",?824.05,UPI,Delivered,Mobile App,4.0
ORD104825,07-May-2026,CUST1885,Kavya Patel,Male,47,Mumbai,West,P002,Bluetooth Speaker,Electronics,Audio,4,"?1,899.00",10%,"?6,836.40","?4,480.00","?2,356.40",UPI,Delivered,Mobile App,2.0
ORD103891,07-May-2026,CUST1988,Varun Jain,Female,30,Kolkata,East,P012,Air Fryer,Home & Kitchen,Kitchen,1,"?5,999.00",0%,"?5,999.00","?3,900.00","?2,099.00",Net Banking,Delivered,Mobile App,5.0
ORD100435,07-May-2026,CUST0674,Manish Agarwal,Female,18,Nagpur,West,P001,Wireless Headphones,Electronics,Audio,1,"?2,499.00",10%,"?2,249.10","?1,550.00",?699.10,Credit Card,Delivered,Mobile App,5.0
ORD102120,07-May-2026,CUST1630,Pooja Kapoor,Female,18,Amritsar,North,P017,Dumbbell Set,Sports & Fitness,Fitness,3,"?2,499.00",15%,"?6,372.45","?4,350.00","?2,022.45",Cash on Delivery,Delivered,Mobile App,1.0
ORD102894,07-May-2026,CUST1726,Pooja Kapoor,Male,45,Bokaro,East,P006,Laptop Backpack,Fashion,Bags,1,"?1,799.00",10%,"?1,619.10",?950.00,?669.10,UPI,Delivered,Website,5.0
ORD102362,07-May-2026,CUST0659,Anjali Verma,Female,35,Bhubaneswar,East,P019,Badminton Racket,Sports & Fitness,Sports,2,"?1,499.00",15%,"?2,548.30","?1,600.00",?948.30,Credit Card,Delivered,Website,5.0
ORD100018,07-May-2026,CUST0455,Nisha Saxena,Male,45,Nashik,West,P030,Self Help Book,Books,Self Development,1,?599.00,0%,?599.00,?260.00,?339.00,UPI,Delivered,Mobile App,4.0
ORD104244,08-May-2026,CUST1775,Isha Mehta,Female,37,Nashik,West,P001,Wireless Headphones,Electronics,Audio,2,"?2,499.00",0%,"?4,998.00","?3,100.00","?1,898.00",Net Banking,Delivered,Mobile App,1.0
ORD100073,08-May-2026,CUST1464,Ishaan Malhotra,Male,27,Delhi,North,P010,Casual Hoodie,Fashion,Clothing,1,"?1,499.00",25%,"?1,124.25",?780.00,?344.25,Credit Card,Delivered,Mobile App,3.0
ORD100382,08-May-2026,CUST1499,Vansh Chopra,Female,36,Ahmedabad,West,P009,Denim Jeans,Fashion,Clothing,1,"?1,999.00",10%,"?1,799.10","?1,050.00",?749.10,Credit Card,Delivered,Website,4.0
ORD103249,08-May-2026,CUST0290,Manish Agarwal,Male,29,Kolkata,East,P028,Data Analytics Book,Books,Technology,2,"?1,099.00",10%,"?1,978.20","?1,040.00",?938.20,Debit Card,Delivered,Website,4.0
ORD102887,08-May-2026,CUST1971,Anjali Verma,Male,36,Delhi,North,P021,Face Wash,Beauty,Skincare,1,?499.00,5%,?474.05,?220.00,?254.05,Wallet,Delivered,Website,5.0
ORD101097,08-May-2026,CUST1652,Karan Jain,Female,31,Nagpur,West,P009,Denim Jeans,Fashion,Clothing,2,"?1,999.00",5%,"?3,798.10","?2,100.00","?1,698.10",Net Banking,Delivered,Mobile App,5.0
ORD101146,08-May-2026,CUST1384,Sanya Malhotra,Male,41,Mumbai,West,P004,USB-C Charger,Electronics,Accessories,4,?899.00,5%,"?3,416.20","?1,920.00","?1,496.20",Credit Card,Delivered,Website,5.0
ORD101841,08-May-2026,CUST1522,Yash Agarwal,Male,33,Bokaro,East,P023,Shampoo,Beauty,Haircare,1,?649.00,10%,?584.10,?290.00,?294.10,UPI,Delivered,Mobile App,5.0
ORD104807,08-May-2026,CUST0763,Vansh Chopra,Male,34,Jaipur,North,P008,Cotton T-Shirt,Fashion,Clothing,1,?799.00,15%,?679.15,?390.00,?289.15,Credit Card,Delivered,Website,5.0
ORD103850,08-May-2026,CUST0664,Ishaan Malhotra,Male,27,Bokaro,East,P005,Power Bank 20000mAh,Electronics,Accessories,1,"?1,599.00",10%,"?1,439.10",?920.00,?519.10,Wallet,Delivered,Mobile App,5.0
ORD102599,09-May-2026,CUST1314,Manish Agarwal,Female,24,Dehradun,North,P008,Cotton T-Shirt,Fashion,Clothing,1,?799.00,5%,?759.05,?390.00,?369.05,UPI,Delivered,Website,4.0
ORD104114,09-May-2026,CUST1817,Meera Singh,Female,18,Patna,East,P017,Dumbbell Set,Sports & Fitness,Fitness,1,"?2,499.00",20%,"?1,999.20","?1,450.00",?549.20,UPI,Delivered,Mobile App,5.0
ORD101551,09-May-2026,CUST1823,Shivam Mehta,Male,27,Kolkata,East,P019,Badminton Racket,Sports & Fitness,Sports,1,"?1,499.00",15%,"?1,274.15",?800.00,?474.15,Debit Card,Delivered,Mobile App,4.0
ORD103663,09-May-2026,CUST1103,Isha Mehta,Female,27,Kochi,South,P015,Bedsheet Set,Home & Kitchen,Home Decor,1,"?1,599.00",20%,"?1,279.20",?850.00,?429.20,UPI,Delivered,Mobile App,5.0
ORD102329,09-May-2026,CUST1460,Karan Jain,Female,41,Mumbai,West,P009,Denim Jeans,Fashion,Clothing,1,"?1,999.00",25%,"?1,499.25","?1,050.00",?449.25,UPI,Delivered,Website,4.0
ORD104603,09-May-2026,CUST0640,Aarav Sharma,Female,52,Mumbai,West,P011,Coffee Maker,Home & Kitchen,Kitchen,1,"?3,499.00",10%,"?3,149.10","?2,250.00",?899.10,UPI,Delivered,Mobile App,3.0
ORD102988,09-May-2026,CUST0059,Vansh Chopra,Female,29,Amritsar,North,P025,Moisturizer,Beauty,Skincare,3,?699.00,15%,"?1,782.45",?930.00,?852.45,Debit Card,Delivered,Mobile App,5.0
ORD103277,09-May-2026,CUST0483,Riya Verma,Male,23,Ahmedabad,West,P003,Smart Watch,Electronics,Wearables,2,"?3,299.00",10%,"?5,938.20","?4,200.00","?1,738.20",UPI,Delivered,Mobile App,5.0
ORD102397,09-May-2026,CUST0348,Ananya Kumar,Female,35,Chandigarh,North,P010,Casual Hoodie,Fashion,Clothing,1,"?1,499.00",15%,"?1,274.15",?780.00,?494.15,Cash on Delivery,Delivered,Website,5.0
ORD101601,09-May-2026,CUST1406,Pooja Kapoor,Male,51,Hyderabad,South,P001,Wireless Headphones,Electronics,Audio,3,"?2,499.00",0%,"?7,497.00","?4,650.00","?2,847.00",Debit Card,Delivered,Mobile App,4.0
ORD100973,09-May-2026,CUST1610,Arjun Rao,Female,45,Pune,West,P022,Sunscreen SPF 50,Beauty,Skincare,2,?799.00,10%,"?1,438.20",?720.00,?718.20,Wallet,Delivered,Mobile App,4.0
ORD104065,09-May-2026,CUST2138,Rohan Rao,Male,48,Nashik,West,P012,Air Fryer,Home & Kitchen,Kitchen,1,"?5,999.00",5%,"?5,699.05","?3,900.00","?1,799.05",Credit Card,Delivered,Mobile App,4.0
ORD102144,09-May-2026,CUST2056,Sanya Malhotra,Female,33,Chennai,South,P023,Shampoo,Beauty,Haircare,3,?649.00,5%,"?1,849.65",?870.00,?979.65,Debit Card,Delivered,Mobile App,5.0
ORD101809,09-May-2026,CUST1228,Rahul Kumar,Male,31,Ahmedabad,West,P008,Cotton T-Shirt,Fashion,Clothing,1,?799.00,5%,?759.05,?390.00,?369.05,Debit Card,Delivered,Website,3.0
ORD103881,09-May-2026,CUST0473,Meera Singh,Male,42,Coimbatore,South,P003,Smart Watch,Electronics,Wearables,1,"?3,299.00",5%,"?3,134.05","?2,100.00","?1,034.05",UPI,Delivered,Website,5.0
ORD103970,10-May-2026,CUST0618,Arjun Rao,Female,46,Nashik,West,P022,Sunscreen SPF 50,Beauty,Skincare,4,?799.00,15%,"?2,716.60","?1,440.00","?1,276.60",Credit Card,Delivered,Website,5.0
ORD102920,10-May-2026,CUST1128,Sanya Malhotra,Male,29,Surat,West,P018,Cricket Bat,Sports & Fitness,Sports,2,"?2,199.00",0%,"?4,398.00","?2,500.00","?1,898.00",Credit Card,Delivered,Website,5.0
ORD104111,10-May-2026,CUST0148,Karan Jain,Female,28,Guwahati,East,P004,USB-C Charger,Electronics,Accessories,4,?899.00,10%,"?3,236.40","?1,920.00","?1,316.40",Credit Card,Delivered,Website,5.0
ORD101335,10-May-2026,CUST1682,Yash Agarwal,Female,33,Ahmedabad,West,P026,Novel Collection,Books,Fiction,5,?899.00,15%,"?3,820.75","?2,100.00","?1,720.75",UPI,Delivered,Website,5.0
ORD104323,10-May-2026,CUST1624,Ishaan Malhotra,Male,30,Mumbai,West,P011,Coffee Maker,Home & Kitchen,Kitchen,2,"?3,499.00",10%,"?6,298.20","?4,500.00","?1,798.20",Debit Card,Delivered,Website,4.0
ORD101506,10-May-2026,CUST1840,Mohit Sharma,Male,28,Ahmedabad,West,P012,Air Fryer,Home & Kitchen,Kitchen,5,"?5,999.00",25%,"?22,496.25","?19,500.00","?2,996.25",UPI,Delivered,Mobile App,4.0
ORD104641,10-May-2026,CUST0730,Rohan Rao,Female,33,Mumbai,West,P002,Bluetooth Speaker,Electronics,Audio,1,"?1,899.00",20%,"?1,519.20","?1,120.00",?399.20,Net Banking,Delivered,Mobile App,2.0
ORD103186,10-May-2026,CUST1878,Simran Gupta,Male,31,Hyderabad,South,P007,Running Shoes,Fashion,Footwear,2,"?2,899.00",20%,"?4,638.40","?3,400.00","?1,238.40",Credit Card,Cancelled,Mobile App,
ORD101522,10-May-2026,CUST1223,Nisha Saxena,Female,32,Nagpur,West,P022,Sunscreen SPF 50,Beauty,Skincare,2,?799.00,0%,"?1,598.00",?720.00,?878.00,Credit Card,Delivered,Website,3.0
ORD103351,10-May-2026,CUST0271,Isha Mehta,Male,26,Kolkata,East,P001,Wireless Headphones,Electronics,Audio,2,"?2,499.00",15%,"?4,248.30","?3,100.00","?1,148.30",Debit Card,Delivered,Mobile App,5.0
ORD104456,11-May-2026,CUST1672,Sanya Malhotra,Male,47,Delhi,North,P030,Self Help Book,Books,Self Development,1,?599.00,5%,?569.05,?260.00,?309.05,UPI,Delivered,Website,5.0
ORD104780,11-May-2026,CUST1592,Ishaan Malhotra,Female,32,Hyderabad,South,P026,Novel Collection,Books,Fiction,2,?899.00,10%,"?1,618.20",?840.00,?778.20,Net Banking,Delivered,Website,5.0
ORD100449,11-May-2026,CUST1361,Sakshi Mishra,Female,43,Surat,West,P025,Moisturizer,Beauty,Skincare,1,?699.00,5%,?664.05,?310.00,?354.05,UPI,Delivered,Website,5.0
ORD102741,11-May-2026,CUST1999,Isha Mehta,Female,39,Chennai,South,P005,Power Bank 20000mAh,Electronics,Accessories,1,"?1,599.00",15%,"?1,359.15",?920.00,?439.15,Debit Card,Cancelled,Website,
ORD103988,11-May-2026,CUST1972,Karan Jain,Male,38,Patna,East,P018,Cricket Bat,Sports & Fitness,Sports,3,"?2,199.00",20%,"?5,277.60","?3,750.00","?1,527.60",Cash on Delivery,Delivered,Mobile App,2.0
ORD104583,11-May-2026,CUST0106,Arjun Rao,Male,38,Amritsar,North,P024,Perfume,Beauty,Fragrance,1,"?1,799.00",5%,"?1,709.05",?900.00,?809.05,UPI,Delivered,Mobile App,4.0
ORD103033,11-May-2026,CUST0499,Anjali Verma,Male,25,Patna,East,P008,Cotton T-Shirt,Fashion,Clothing,2,?799.00,5%,"?1,518.10",?780.00,?738.10,Credit Card,Delivered,Mobile App,1.0
ORD100360,12-May-2026,CUST1678,Aditya Kapoor,Male,18,Ranchi,East,P003,Smart Watch,Electronics,Wearables,1,"?3,299.00",10%,"?2,969.10","?2,100.00",?869.10,Wallet,Cancelled,Website,
ORD102539,12-May-2026,CUST0836,Varun Jain,Female,18,Mumbai,West,P001,Wireless Headphones,Electronics,Audio,4,"?2,499.00",5%,"?9,496.20","?6,200.00","?3,296.20",UPI,Delivered,Website,4.0
ORD100144,12-May-2026,CUST0319,Shivam Mehta,Female,31,Hyderabad,South,P003,Smart Watch,Electronics,Wearables,2,"?3,299.00",10%,"?5,938.20","?4,200.00","?1,738.20",Cash on Delivery,Returned,Website,5.0
ORD101567,12-May-2026,CUST0860,Ananya Kumar,Male,24,Amritsar,North,P008,Cotton T-Shirt,Fashion,Clothing,3,?799.00,15%,"?2,037.45","?1,170.00",?867.45,UPI,Delivered,Mobile App,4.0
ORD101847,12-May-2026,CUST1127,Nisha Saxena,Female,28,Nagpur,West,P019,Badminton Racket,Sports & Fitness,Sports,1,"?1,499.00",15%,"?1,274.15",?800.00,?474.15,Debit Card,Delivered,Mobile App,4.0
ORD101047,12-May-2026,CUST0816,Mohit Sharma,Female,18,Chandigarh,North,P023,Shampoo,Beauty,Haircare,2,?649.00,15%,"?1,103.30",?580.00,?523.30,Cash on Delivery,Delivered,Website,4.0
ORD103803,12-May-2026,CUST2100,Karan Jain,Male,33,Bokaro,East,P007,Running Shoes,Fashion,Footwear,1,"?2,899.00",5%,"?2,754.05","?1,700.00","?1,054.05",UPI,Delivered,Mobile App,5.0
ORD100259,12-May-2026,CUST1397,Pranav Bansal,Male,27,Lucknow,North,P028,Data Analytics Book,Books,Technology,3,"?1,099.00",10%,"?2,967.30","?1,560.00","?1,407.30",Net Banking,Delivered,Mobile App,2.0
ORD101947,12-May-2026,CUST0397,Tanvi Patel,Female,35,Nagpur,West,P011,Coffee Maker,Home & Kitchen,Kitchen,1,"?3,499.00",20%,"?2,799.20","?2,250.00",?549.20,UPI,Delivered,Website,1.0
ORD101476,12-May-2026,CUST0160,Aarav Sharma,Male,19,Ranchi,East,P028,Data Analytics Book,Books,Technology,4,"?1,099.00",15%,"?3,736.60","?2,080.00","?1,656.60",Net Banking,Delivered,Website,4.0
ORD101091,12-May-2026,CUST0640,Aarav Sharma,Female,39,Bhubaneswar,East,P006,Laptop Backpack,Fashion,Bags,1,"?1,799.00",10%,"?1,619.10",?950.00,?669.10,UPI,Delivered,Website,5.0
ORD101072,13-May-2026,CUST1499,Vansh Chopra,Male,51,Lucknow,North,P023,Shampoo,Beauty,Haircare,2,?649.00,5%,"?1,233.10",?580.00,?653.10,Debit Card,Delivered,Website,5.0
ORD101586,13-May-2026,CUST2023,Nisha Saxena,Male,23,Chennai,South,P019,Badminton Racket,Sports & Fitness,Sports,2,"?1,499.00",5%,"?2,848.10","?1,600.00","?1,248.10",Wallet,Delivered,Website,5.0
ORD104905,13-May-2026,CUST1155,Riya Verma,Female,28,Bhubaneswar,East,P007,Running Shoes,Fashion,Footwear,1,"?2,899.00",15%,"?2,464.15","?1,700.00",?764.15,Net Banking,Delivered,Mobile App,4.0
ORD104713,13-May-2026,CUST1964,Rahul Kumar,Female,29,Bhubaneswar,East,P006,Laptop Backpack,Fashion,Bags,2,"?1,799.00",15%,"?3,058.30","?1,900.00","?1,158.30",UPI,Delivered,Mobile App,4.0
ORD104422,13-May-2026,CUST1549,Tanvi Patel,Female,45,Bengaluru,South,P015,Bedsheet Set,Home & Kitchen,Home Decor,3,"?1,599.00",5%,"?4,557.15","?2,550.00","?2,007.15",Credit Card,Delivered,Website,2.0
ORD103811,13-May-2026,CUST0654,Aditya Kapoor,Male,24,Surat,West,P017,Dumbbell Set,Sports & Fitness,Fitness,1,"?2,499.00",10%,"?2,249.10","?1,450.00",?799.10,Net Banking,Delivered,Mobile App,5.0
ORD101035,13-May-2026,CUST1298,Yash Agarwal,Male,31,Ranchi,East,P003,Smart Watch,Electronics,Wearables,1,"?3,299.00",10%,"?2,969.10","?2,100.00",?869.10,Debit Card,Delivered,Website,4.0
ORD103386,14-May-2026,CUST0340,Karan Jain,Male,47,Delhi,North,P027,Business Strategy Book,Books,Business,5,?699.00,0%,"?3,495.00","?1,500.00","?1,995.00",Debit Card,Delivered,Mobile App,5.0
ORD104740,14-May-2026,CUST1155,Riya Verma,Female,44,Kochi,South,P024,Perfume,Beauty,Fragrance,3,"?1,799.00",30%,"?3,777.90","?2,700.00","?1,077.90",Credit Card,Delivered,Mobile App,5.0
ORD101899,14-May-2026,CUST1080,Ishaan Malhotra,Male,47,Kochi,South,P002,Bluetooth Speaker,Electronics,Audio,1,"?1,899.00",10%,"?1,709.10","?1,120.00",?589.10,UPI,Delivered,Mobile App,5.0
ORD103362,14-May-2026,CUST1439,Shivam Mehta,Female,38,Guwahati,East,P028,Data Analytics Book,Books,Technology,1,"?1,099.00",15%,?934.15,?520.00,?414.15,Credit Card,Delivered,Website,5.0
ORD103852,14-May-2026,CUST1582,Aditya Kapoor,Female,40,Ahmedabad,West,P003,Smart Watch,Electronics,Wearables,3,"?3,299.00",10%,"?8,907.30","?6,300.00","?2,607.30",UPI,Cancelled,Mobile App,
ORD100084,14-May-2026,CUST1866,Arjun Rao,Male,34,Nagpur,West,P001,Wireless Headphones,Electronics,Audio,1,"?2,499.00",15%,"?2,124.15","?1,550.00",?574.15,UPI,Delivered,Mobile App,5.0
ORD103422,14-May-2026,CUST1466,Rohan Rao,Female,43,Pune,West,P010,Casual Hoodie,Fashion,Clothing,2,"?1,499.00",10%,"?2,698.20","?1,560.00","?1,138.20",UPI,Delivered,Mobile App,5.0
ORD103559,14-May-2026,CUST0591,Isha Mehta,Male,20,Chandigarh,North,P016,Yoga Mat,Sports & Fitness,Fitness,1,?999.00,20%,?799.20,?520.00,?279.20,Credit Card,Delivered,Mobile App,4.0
ORD100375,14-May-2026,CUST2056,Sanya Malhotra,Female,18,Nagpur,West,P013,Non-Stick Cookware Set,Home & Kitchen,Cookware,4,"?4,299.00",5%,"?16,336.20","?10,800.00","?5,536.20",UPI,Delivered,Website,5.0
ORD102946,14-May-2026,CUST1710,Aditya Kapoor,Female,18,Kolkata,East,P007,Running Shoes,Fashion,Footwear,1,"?2,899.00",25%,"?2,174.25","?1,700.00",?474.25,UPI,Delivered,Mobile App,3.0
ORD102546,14-May-2026,CUST1252,Varun Jain,Female,27,Delhi,North,P008,Cotton T-Shirt,Fashion,Clothing,2,?799.00,20%,"?1,278.40",?780.00,?498.40,Cash on Delivery,Delivered,Website,4.0
ORD104998,14-May-2026,CUST0220,Ananya Kumar,Male,31,Surat,West,P006,Laptop Backpack,Fashion,Bags,3,"?1,799.00",5%,"?5,127.15","?2,850.00","?2,277.15",Credit Card,Delivered,Mobile App,4.0
ORD102585,14-May-2026,CUST0822,Simran Gupta,Female,48,Coimbatore,South,P016,Yoga Mat,Sports & Fitness,Fitness,1,?999.00,15%,?849.15,?520.00,?329.15,Net Banking,Delivered,Website,4.0
ORD104435,15-May-2026,CUST0904,Sanya Malhotra,Female,50,Ranchi,East,P026,Novel Collection,Books,Fiction,1,?899.00,15%,?764.15,?420.00,?344.15,Debit Card,Delivered,Website,5.0
ORD100787,15-May-2026,CUST1058,Manish Agarwal,Male,42,Mumbai,West,P006,Laptop Backpack,Fashion,Bags,2,"?1,799.00",25%,"?2,698.50","?1,900.00",?798.50,UPI,Delivered,Website,5.0
ORD102079,15-May-2026,CUST0147,Anjali Verma,Female,25,Nagpur,West,P002,Bluetooth Speaker,Electronics,Audio,2,"?1,899.00",10%,"?3,418.20","?2,240.00","?1,178.20",Wallet,Delivered,Mobile App,3.0
ORD100956,15-May-2026,CUST2161,Sakshi Mishra,Female,38,Kochi,South,P020,Resistance Bands,Sports & Fitness,Fitness,1,?699.00,5%,?664.05,?320.00,?344.05,UPI,Delivered,Mobile App,4.0
ORD101725,15-May-2026,CUST1357,Tanvi Patel,Male,26,Kolkata,East,P020,Resistance Bands,Sports & Fitness,Fitness,1,?699.00,15%,?594.15,?320.00,?274.15,Cash on Delivery,Delivered,Website,4.0
ORD102525,15-May-2026,CUST1574,Kabir Gupta,Male,33,Patna,East,P021,Face Wash,Beauty,Skincare,2,?499.00,5%,?948.10,?440.00,?508.10,UPI,Delivered,Mobile App,5.0
ORD100452,15-May-2026,CUST0651,Kiara Chopra,Male,36,Kochi,South,P027,Business Strategy Book,Books,Business,2,?699.00,5%,"?1,328.10",?600.00,?728.10,Wallet,Cancelled,Website,
ORD104836,15-May-2026,CUST0566,Simran Gupta,Female,40,Mumbai,West,P006,Laptop Backpack,Fashion,Bags,1,"?1,799.00",10%,"?1,619.10",?950.00,?669.10,Credit Card,Delivered,Mobile App,5.0
ORD100933,15-May-2026,CUST0463,Isha Mehta,Female,30,Guwahati,East,P021,Face Wash,Beauty,Skincare,2,?499.00,5%,?948.10,?440.00,?508.10,UPI,Delivered,Website,4.0
ORD103475,15-May-2026,CUST0207,Isha Mehta,Female,35,Kochi,South,P002,Bluetooth Speaker,Electronics,Audio,1,"?1,899.00",10%,"?1,709.10","?1,120.00",?589.10,Credit Card,Cancelled,Mobile App,
ORD103790,15-May-2026,CUST2133,Pranav Bansal,Female,33,Delhi,North,P004,USB-C Charger,Electronics,Accessories,1,?899.00,10%,?809.10,?480.00,?329.10,Credit Card,Delivered,Mobile App,5.0
ORD102041,15-May-2026,CUST0034,Manish Agarwal,Female,22,Bhubaneswar,East,P009,Denim Jeans,Fashion,Clothing,1,"?1,999.00",10%,"?1,799.10","?1,050.00",?749.10,Cash on Delivery,Delivered,Website,4.0
ORD103124,15-May-2026,CUST1665,Diya Mishra,Female,18,Mysuru,South,P024,Perfume,Beauty,Fragrance,1,"?1,799.00",10%,"?1,619.10",?900.00,?719.10,Net Banking,Delivered,Mobile App,3.0
ORD102006,15-May-2026,CUST1297,Sakshi Mishra,Male,35,Bhubaneswar,East,P021,Face Wash,Beauty,Skincare,1,?499.00,5%,?474.05,?220.00,?254.05,Credit Card,Delivered,Website,4.0
ORD102803,16-May-2026,CUST0775,Nisha Saxena,Female,36,Hyderabad,South,P004,USB-C Charger,Electronics,Accessories,2,?899.00,20%,"?1,438.40",?960.00,?478.40,Credit Card,Delivered,Mobile App,4.0
ORD100381,16-May-2026,CUST1791,Shivam Mehta,Female,32,Amritsar,North,P018,Cricket Bat,Sports & Fitness,Sports,3,"?2,199.00",10%,"?5,937.30","?3,750.00","?2,187.30",Debit Card,Delivered,Mobile App,1.0
ORD101025,16-May-2026,CUST1801,Zoya Singh,Male,24,Jaipur,North,P002,Bluetooth Speaker,Electronics,Audio,2,"?1,899.00",10%,"?3,418.20","?2,240.00","?1,178.20",UPI,Delivered,Mobile App,3.0
ORD103562,16-May-2026,CUST0456,Sanya Malhotra,Female,41,Mumbai,West,P016,Yoga Mat,Sports & Fitness,Fitness,1,?999.00,15%,?849.15,?520.00,?329.15,Net Banking,Delivered,Website,4.0
ORD100868,16-May-2026,CUST0334,Aditya Kapoor,Female,25,Bhubaneswar,East,P022,Sunscreen SPF 50,Beauty,Skincare,5,?799.00,5%,"?3,795.25","?1,800.00","?1,995.25",Debit Card,Delivered,Mobile App,4.0
ORD101324,16-May-2026,CUST0810,Arjun Rao,Male,29,Mumbai,West,P008,Cotton T-Shirt,Fashion,Clothing,1,?799.00,0%,?799.00,?390.00,?409.00,Wallet,Delivered,Website,4.0
ORD102289,16-May-2026,CUST1991,Nisha Saxena,Female,27,Amritsar,North,P014,Table Lamp,Home & Kitchen,Home Decor,1,"?1,299.00",15%,"?1,104.15",?690.00,?414.15,UPI,Delivered,Mobile App,5.0
ORD102798,17-May-2026,CUST0659,Anjali Verma,Male,38,Dehradun,North,P012,Air Fryer,Home & Kitchen,Kitchen,1,"?5,999.00",10%,"?5,399.10","?3,900.00","?1,499.10",Credit Card,Delivered,Website,5.0
ORD104463,17-May-2026,CUST0649,Zoya Singh,Female,21,Kochi,South,P018,Cricket Bat,Sports & Fitness,Sports,1,"?2,199.00",25%,"?1,649.25","?1,250.00",?399.25,Credit Card,Delivered,Mobile App,4.0
ORD104904,17-May-2026,CUST1460,Karan Jain,Male,26,Lucknow,North,P004,USB-C Charger,Electronics,Accessories,1,?899.00,5%,?854.05,?480.00,?374.05,Debit Card,Delivered,Mobile App,4.0
ORD104654,17-May-2026,CUST1214,Pooja Kapoor,Male,37,Surat,West,P019,Badminton Racket,Sports & Fitness,Sports,2,"?1,499.00",30%,"?2,098.60","?1,600.00",?498.60,Debit Card,Delivered,Website,5.0
ORD101442,17-May-2026,CUST1501,Kavya Patel,Male,42,Mysuru,South,P021,Face Wash,Beauty,Skincare,3,?499.00,30%,"?1,047.90",?660.00,?387.90,UPI,Delivered,Website,5.0
ORD100520,17-May-2026,CUST2030,Aditya Kapoor,Male,28,Lucknow,North,P022,Sunscreen SPF 50,Beauty,Skincare,1,?799.00,15%,?679.15,?360.00,?319.15,Debit Card,Delivered,Mobile App,5.0
ORD100901,17-May-2026,CUST0998,Kabir Gupta,Male,40,Amritsar,North,P006,Laptop Backpack,Fashion,Bags,1,"?1,799.00",15%,"?1,529.15",?950.00,?579.15,Cash on Delivery,Delivered,Mobile App,3.0
ORD102736,17-May-2026,CUST0498,Yash Agarwal,Female,30,Chennai,South,P026,Novel Collection,Books,Fiction,1,?899.00,0%,?899.00,?420.00,?479.00,Credit Card,Delivered,Website,4.0
ORD104926,17-May-2026,CUST0084,Karan Jain,Female,36,Bokaro,East,P023,Shampoo,Beauty,Haircare,2,?649.00,20%,"?1,038.40",?580.00,?458.40,Cash on Delivery,Delivered,Website,5.0
ORD100702,18-May-2026,CUST1792,Aarav Sharma,Female,30,Amritsar,North,P012,Air Fryer,Home & Kitchen,Kitchen,1,"?5,999.00",20%,"?4,799.20","?3,900.00",?899.20,Debit Card,Delivered,Website,2.0
ORD100780,18-May-2026,CUST0562,Yash Agarwal,Male,27,Chandigarh,North,P016,Yoga Mat,Sports & Fitness,Fitness,4,?999.00,5%,"?3,796.20","?2,080.00","?1,716.20",UPI,Delivered,Website,5.0
ORD104127,18-May-2026,CUST1499,Vansh Chopra,Female,36,Dehradun,North,P004,USB-C Charger,Electronics,Accessories,5,?899.00,15%,"?3,820.75","?2,400.00","?1,420.75",UPI,Delivered,Website,4.0
ORD104720,18-May-2026,CUST0781,Tanvi Patel,Male,35,Nashik,West,P028,Data Analytics Book,Books,Technology,1,"?1,099.00",5%,"?1,044.05",?520.00,?524.05,Wallet,Returned,Website,5.0
ORD104946,18-May-2026,CUST1946,Rohan Rao,Female,32,Nashik,West,P005,Power Bank 20000mAh,Electronics,Accessories,2,"?1,599.00",5%,"?3,038.10","?1,840.00","?1,198.10",UPI,Delivered,Website,3.0
ORD103952,18-May-2026,CUST1763,Riya Verma,Male,43,Nagpur,West,P002,Bluetooth Speaker,Electronics,Audio,3,"?1,899.00",5%,"?5,412.15","?3,360.00","?2,052.15",Debit Card,Delivered,Mobile App,5.0
ORD103269,18-May-2026,CUST0655,Isha Mehta,Male,38,Kochi,South,P003,Smart Watch,Electronics,Wearables,2,"?3,299.00",5%,"?6,268.10","?4,200.00","?2,068.10",Debit Card,Delivered,Mobile App,4.0
ORD104543,18-May-2026,CUST1131,Kiara Chopra,Male,28,Bengaluru,South,P004,USB-C Charger,Electronics,Accessories,1,?899.00,5%,?854.05,?480.00,?374.05,UPI,Delivered,Website,4.0
ORD100097,18-May-2026,CUST1427,Anjali Verma,Male,42,Chennai,South,P030,Self Help Book,Books,Self Development,1,?599.00,15%,?509.15,?260.00,?249.15,Credit Card,Delivered,Website,4.0
ORD100103,18-May-2026,CUST0641,Diya Mishra,Female,40,Surat,West,P012,Air Fryer,Home & Kitchen,Kitchen,3,"?5,999.00",15%,"?15,297.45","?11,700.00","?3,597.45",Credit Card,Cancelled,Mobile App,
ORD103728,18-May-2026,CUST1001,Zoya Singh,Female,24,Ranchi,East,P029,Programming Book,Books,Technology,1,"?1,299.00",10%,"?1,169.10",?610.00,?559.10,Cash on Delivery,Delivered,Mobile App,5.0
ORD102817,19-May-2026,CUST1226,Arjun Rao,Female,27,Dehradun,North,P010,Casual Hoodie,Fashion,Clothing,2,"?1,499.00",0%,"?2,998.00","?1,560.00","?1,438.00",Net Banking,Delivered,Website,4.0
ORD100719,19-May-2026,CUST1987,Riya Verma,Male,30,Chandigarh,North,P023,Shampoo,Beauty,Haircare,1,?649.00,15%,?551.65,?290.00,?261.65,Net Banking,Delivered,Mobile App,5.0
ORD103037,19-May-2026,CUST1554,Yash Agarwal,Female,35,Kochi,South,P021,Face Wash,Beauty,Skincare,1,?499.00,10%,?449.10,?220.00,?229.10,Net Banking,Delivered,Website,5.0
ORD103538,19-May-2026,CUST1882,Rohan Rao,Female,32,Surat,West,P018,Cricket Bat,Sports & Fitness,Sports,1,"?2,199.00",5%,"?2,089.05","?1,250.00",?839.05,Cash on Delivery,Returned,Mobile App,5.0
ORD102184,19-May-2026,CUST1852,Ananya Kumar,Male,45,Mysuru,South,P024,Perfume,Beauty,Fragrance,3,"?1,799.00",15%,"?4,587.45","?2,700.00","?1,887.45",UPI,Delivered,Mobile App,4.0
ORD100222,19-May-2026,CUST0626,Yash Agarwal,Female,35,Mysuru,South,P029,Programming Book,Books,Technology,1,"?1,299.00",10%,"?1,169.10",?610.00,?559.10,UPI,Delivered,Mobile App,4.0
ORD103464,19-May-2026,CUST1179,Vansh Chopra,Female,30,Kolkata,East,P030,Self Help Book,Books,Self Development,1,?599.00,10%,?539.10,?260.00,?279.10,Cash on Delivery,Delivered,Website,5.0
ORD101445,19-May-2026,CUST0606,Pooja Kapoor,Female,18,Bengaluru,South,P026,Novel Collection,Books,Fiction,2,?899.00,20%,"?1,438.40",?840.00,?598.40,Net Banking,Delivered,Website,4.0
ORD104051,19-May-2026,CUST1303,Aditi Saxena,Male,26,Ahmedabad,West,P026,Novel Collection,Books,Fiction,2,?899.00,5%,"?1,708.10",?840.00,?868.10,Debit Card,Returned,Mobile App,5.0
ORD103275,19-May-2026,CUST0518,Kabir Gupta,Male,33,Nagpur,West,P007,Running Shoes,Fashion,Footwear,1,"?2,899.00",5%,"?2,754.05","?1,700.00","?1,054.05",Net Banking,Cancelled,Mobile App,
ORD104084,19-May-2026,CUST1638,Kabir Gupta,Male,45,Bengaluru,South,P005,Power Bank 20000mAh,Electronics,Accessories,1,"?1,599.00",30%,"?1,119.30",?920.00,?199.30,UPI,Delivered,Mobile App,2.0
ORD102989,20-May-2026,CUST1574,Kabir Gupta,Female,25,Chandigarh,North,P030,Self Help Book,Books,Self Development,4,?599.00,10%,"?2,156.40","?1,040.00","?1,116.40",Debit Card,Delivered,Website,3.0
ORD100034,20-May-2026,CUST0066,Manish Agarwal,Female,35,Mumbai,West,P006,Laptop Backpack,Fashion,Bags,1,"?1,799.00",5%,"?1,709.05",?950.00,?759.05,UPI,Delivered,Website,4.0
ORD100479,20-May-2026,CUST0425,Zoya Singh,Male,25,Dehradun,North,P007,Running Shoes,Fashion,Footwear,1,"?2,899.00",15%,"?2,464.15","?1,700.00",?764.15,Debit Card,Delivered,Website,5.0
ORD103050,20-May-2026,CUST0294,Kabir Gupta,Male,23,Surat,West,P027,Business Strategy Book,Books,Business,1,?699.00,15%,?594.15,?300.00,?294.15,Debit Card,Delivered,Mobile App,5.0
ORD102354,20-May-2026,CUST2171,Vansh Chopra,Male,30,Patna,East,P001,Wireless Headphones,Electronics,Audio,1,"?2,499.00",15%,"?2,124.15","?1,550.00",?574.15,Credit Card,Delivered,Mobile App,5.0
ORD101882,20-May-2026,CUST0640,Aarav Sharma,Female,22,Ranchi,East,P007,Running Shoes,Fashion,Footwear,2,"?2,899.00",30%,"?4,058.60","?3,400.00",?658.60,Net Banking,Returned,Website,4.0
ORD103512,20-May-2026,CUST0361,Zoya Singh,Female,30,Bengaluru,South,P010,Casual Hoodie,Fashion,Clothing,1,"?1,499.00",30%,"?1,049.30",?780.00,?269.30,Debit Card,Returned,Mobile App,5.0
ORD102454,20-May-2026,CUST0828,Ananya Kumar,Male,25,Mumbai,West,P006,Laptop Backpack,Fashion,Bags,2,"?1,799.00",0%,"?3,598.00","?1,900.00","?1,698.00",Debit Card,Delivered,Website,5.0
ORD104277,20-May-2026,CUST1051,Vansh Chopra,Male,21,Kochi,South,P008,Cotton T-Shirt,Fashion,Clothing,3,?799.00,10%,"?2,157.30","?1,170.00",?987.30,UPI,Delivered,Mobile App,4.0
ORD102078,20-May-2026,CUST0913,Sakshi Mishra,Female,36,Pune,West,P023,Shampoo,Beauty,Haircare,1,?649.00,30%,?454.30,?290.00,?164.30,UPI,Delivered,Website,2.0
ORD103419,20-May-2026,CUST1402,Rohan Rao,Female,31,Kolkata,East,P003,Smart Watch,Electronics,Wearables,1,"?3,299.00",5%,"?3,134.05","?2,100.00","?1,034.05",Credit Card,Delivered,Mobile App,5.0
ORD100957,21-May-2026,CUST0981,Pranav Bansal,Male,49,Chennai,South,P024,Perfume,Beauty,Fragrance,2,"?1,799.00",10%,"?3,238.20","?1,800.00","?1,438.20",Debit Card,Cancelled,Website,
ORD104444,21-May-2026,CUST0692,Karan Jain,Male,18,Ranchi,East,P014,Table Lamp,Home & Kitchen,Home Decor,1,"?1,299.00",20%,"?1,039.20",?690.00,?349.20,UPI,Delivered,Website,4.0
ORD100285,21-May-2026,CUST0839,Nisha Saxena,Male,34,Bokaro,East,P025,Moisturizer,Beauty,Skincare,1,?699.00,20%,?559.20,?310.00,?249.20,Credit Card,Delivered,Website,3.0
ORD100412,21-May-2026,CUST0311,Aditi Saxena,Male,40,Kolkata,East,P018,Cricket Bat,Sports & Fitness,Sports,1,"?2,199.00",10%,"?1,979.10","?1,250.00",?729.10,UPI,Delivered,Mobile App,5.0
ORD101152,21-May-2026,CUST1470,Pooja Kapoor,Male,36,Guwahati,East,P028,Data Analytics Book,Books,Technology,1,"?1,099.00",5%,"?1,044.05",?520.00,?524.05,Credit Card,Delivered,Website,4.0
ORD103845,21-May-2026,CUST1240,Ishaan Malhotra,Male,29,Bokaro,East,P023,Shampoo,Beauty,Haircare,3,?649.00,15%,"?1,654.95",?870.00,?784.95,Credit Card,Delivered,Mobile App,2.0
ORD100124,21-May-2026,CUST1330,Yash Agarwal,Female,37,Bengaluru,South,P013,Non-Stick Cookware Set,Home & Kitchen,Cookware,1,"?4,299.00",0%,"?4,299.00","?2,700.00","?1,599.00",Net Banking,Returned,Mobile App,4.0
ORD102220,21-May-2026,CUST1042,Yash Agarwal,Female,37,Nashik,West,P004,USB-C Charger,Electronics,Accessories,2,?899.00,20%,"?1,438.40",?960.00,?478.40,UPI,Delivered,Website,4.0
ORD100665,21-May-2026,CUST1802,Arjun Rao,Female,34,Hyderabad,South,P024,Perfume,Beauty,Fragrance,1,"?1,799.00",5%,"?1,709.05",?900.00,?809.05,Cash on Delivery,Delivered,Mobile App,5.0
ORD102291,22-May-2026,CUST0587,Kiara Chopra,Female,31,Delhi,North,P029,Programming Book,Books,Technology,1,"?1,299.00",15%,"?1,104.15",?610.00,?494.15,Credit Card,Delivered,Website,4.0
ORD101019,22-May-2026,CUST0112,Mohit Sharma,Male,20,Jaipur,North,P023,Shampoo,Beauty,Haircare,1,?649.00,15%,?551.65,?290.00,?261.65,Debit Card,Delivered,Mobile App,4.0
ORD103452,22-May-2026,CUST0245,Pranav Bansal,Female,26,Mysuru,South,P003,Smart Watch,Electronics,Wearables,1,"?3,299.00",25%,"?2,474.25","?2,100.00",?374.25,Debit Card,Delivered,Mobile App,3.0
ORD101297,22-May-2026,CUST0114,Yash Agarwal,Male,31,Pune,West,P029,Programming Book,Books,Technology,1,"?1,299.00",5%,"?1,234.05",?610.00,?624.05,Cash on Delivery,Delivered,Mobile App,5.0
ORD104440,22-May-2026,CUST1091,Riya Verma,Female,34,Bengaluru,South,P005,Power Bank 20000mAh,Electronics,Accessories,1,"?1,599.00",30%,"?1,119.30",?920.00,?199.30,UPI,Delivered,Mobile App,5.0
ORD103235,22-May-2026,CUST0348,Ananya Kumar,Female,24,Pune,West,P030,Self Help Book,Books,Self Development,3,?599.00,15%,"?1,527.45",?780.00,?747.45,Cash on Delivery,Delivered,Mobile App,5.0
ORD102850,22-May-2026,CUST1847,Aditi Saxena,Male,43,Dehradun,North,P030,Self Help Book,Books,Self Development,1,?599.00,0%,?599.00,?260.00,?339.00,UPI,Delivered,Mobile App,5.0
ORD104793,23-May-2026,CUST0957,Kavya Patel,Male,24,Ranchi,East,P024,Perfume,Beauty,Fragrance,4,"?1,799.00",5%,"?6,836.20","?3,600.00","?3,236.20",Credit Card,Delivered,Mobile App,5.0
ORD103560,23-May-2026,CUST1715,Anjali Verma,Female,18,Hyderabad,South,P014,Table Lamp,Home & Kitchen,Home Decor,2,"?1,299.00",25%,"?1,948.50","?1,380.00",?568.50,Credit Card,Delivered,Website,5.0
ORD100602,23-May-2026,CUST1735,Nisha Saxena,Female,36,Chandigarh,North,P030,Self Help Book,Books,Self Development,2,?599.00,20%,?958.40,?520.00,?438.40,Cash on Delivery,Delivered,Mobile App,5.0
ORD100481,23-May-2026,CUST1209,Meera Singh,Female,27,Kolkata,East,P024,Perfume,Beauty,Fragrance,1,"?1,799.00",10%,"?1,619.10",?900.00,?719.10,Wallet,Delivered,Website,5.0
ORD103205,23-May-2026,CUST1599,Shivam Mehta,Male,49,Pune,West,P008,Cotton T-Shirt,Fashion,Clothing,3,?799.00,5%,"?2,277.15","?1,170.00","?1,107.15",Credit Card,Delivered,Mobile App,3.0
ORD100663,23-May-2026,CUST0977,Sakshi Mishra,Male,23,Hyderabad,South,P005,Power Bank 20000mAh,Electronics,Accessories,5,"?1,599.00",15%,"?6,795.75","?4,600.00","?2,195.75",Credit Card,Delivered,Website,5.0
ORD104478,23-May-2026,CUST0441,Meera Singh,Male,36,Dehradun,North,P009,Denim Jeans,Fashion,Clothing,2,"?1,999.00",25%,"?2,998.50","?2,100.00",?898.50,UPI,Returned,Website,5.0
ORD102187,23-May-2026,CUST0271,Isha Mehta,Male,20,Surat,West,P030,Self Help Book,Books,Self Development,3,?599.00,5%,"?1,707.15",?780.00,?927.15,Net Banking,Delivered,Mobile App,5.0
ORD102660,23-May-2026,CUST1749,Pranav Bansal,Male,28,Kochi,South,P024,Perfume,Beauty,Fragrance,1,"?1,799.00",0%,"?1,799.00",?900.00,?899.00,Net Banking,Delivered,Mobile App,1.0
ORD104341,23-May-2026,CUST2022,Kabir Gupta,Male,19,Ahmedabad,West,P016,Yoga Mat,Sports & Fitness,Fitness,2,?999.00,10%,"?1,798.20","?1,040.00",?758.20,Wallet,Delivered,Mobile App,4.0
ORD102305,23-May-2026,CUST1385,Zoya Singh,Female,22,Pune,West,P004,USB-C Charger,Electronics,Accessories,1,?899.00,15%,?764.15,?480.00,?284.15,UPI,Delivered,Website,4.0
ORD104731,23-May-2026,CUST0608,Aarav Sharma,Male,47,Bengaluru,South,P005,Power Bank 20000mAh,Electronics,Accessories,1,"?1,599.00",30%,"?1,119.30",?920.00,?199.30,UPI,Delivered,Website,5.0
ORD104787,24-May-2026,CUST1468,Ananya Kumar,Female,21,Hyderabad,South,P002,Bluetooth Speaker,Electronics,Audio,1,"?1,899.00",25%,"?1,424.25","?1,120.00",?304.25,UPI,Delivered,Website,5.0
ORD103010,24-May-2026,CUST2183,Nisha Saxena,Male,34,Ahmedabad,West,P008,Cotton T-Shirt,Fashion,Clothing,2,?799.00,5%,"?1,518.10",?780.00,?738.10,Credit Card,Delivered,Website,5.0
ORD103996,24-May-2026,CUST0305,Sakshi Mishra,Male,45,Coimbatore,South,P011,Coffee Maker,Home & Kitchen,Kitchen,2,"?3,499.00",20%,"?5,598.40","?4,500.00","?1,098.40",Cash on Delivery,Cancelled,Website,
ORD100050,24-May-2026,CUST0393,Zoya Singh,Female,40,Coimbatore,South,P007,Running Shoes,Fashion,Footwear,1,"?2,899.00",5%,"?2,754.05","?1,700.00","?1,054.05",Credit Card,Delivered,Website,3.0
ORD101726,24-May-2026,CUST0507,Vansh Chopra,Male,35,Guwahati,East,P012,Air Fryer,Home & Kitchen,Kitchen,3,"?5,999.00",15%,"?15,297.45","?11,700.00","?3,597.45",Net Banking,Delivered,Mobile App,4.0
ORD103280,24-May-2026,CUST0412,Ananya Kumar,Male,28,Ahmedabad,West,P007,Running Shoes,Fashion,Footwear,1,"?2,899.00",25%,"?2,174.25","?1,700.00",?474.25,UPI,Returned,Mobile App,5.0
ORD103068,24-May-2026,CUST1337,Meera Singh,Male,40,Jaipur,North,P026,Novel Collection,Books,Fiction,1,?899.00,5%,?854.05,?420.00,?434.05,Debit Card,Delivered,Mobile App,3.0
ORD101658,24-May-2026,CUST1069,Tanvi Patel,Male,39,Guwahati,East,P008,Cotton T-Shirt,Fashion,Clothing,2,?799.00,0%,"?1,598.00",?780.00,?818.00,Credit Card,Delivered,Website,5.0
ORD103375,24-May-2026,CUST0904,Sanya Malhotra,Female,23,Chennai,South,P026,Novel Collection,Books,Fiction,1,?899.00,5%,?854.05,?420.00,?434.05,Credit Card,Delivered,Website,3.0
ORD102553,24-May-2026,CUST1764,Varun Jain,Female,35,Ranchi,East,P009,Denim Jeans,Fashion,Clothing,1,"?1,999.00",0%,"?1,999.00","?1,050.00",?949.00,Net Banking,Delivered,Mobile App,4.0
ORD103901,25-May-2026,CUST1966,Aditya Kapoor,Male,31,Kolkata,East,P005,Power Bank 20000mAh,Electronics,Accessories,2,"?1,599.00",5%,"?3,038.10","?1,840.00","?1,198.10",UPI,Delivered,Website,5.0
ORD100147,25-May-2026,CUST0724,Karan Jain,Male,38,Jaipur,North,P016,Yoga Mat,Sports & Fitness,Fitness,2,?999.00,10%,"?1,798.20","?1,040.00",?758.20,Cash on Delivery,Cancelled,Mobile App,
ORD101851,25-May-2026,CUST1233,Sakshi Mishra,Female,37,Ahmedabad,West,P027,Business Strategy Book,Books,Business,1,?699.00,5%,?664.05,?300.00,?364.05,Credit Card,Delivered,Website,3.0
ORD101830,25-May-2026,CUST0458,Arjun Rao,Male,43,Chennai,South,P020,Resistance Bands,Sports & Fitness,Fitness,4,?699.00,10%,"?2,516.40","?1,280.00","?1,236.40",Net Banking,Delivered,Mobile App,5.0
ORD100213,25-May-2026,CUST0688,Mohit Sharma,Female,36,Coimbatore,South,P021,Face Wash,Beauty,Skincare,4,?499.00,0%,"?1,996.00",?880.00,"?1,116.00",Debit Card,Delivered,Website,3.0
ORD104339,26-May-2026,CUST2093,Tanvi Patel,Female,41,Chandigarh,North,P013,Non-Stick Cookware Set,Home & Kitchen,Cookware,1,"?4,299.00",0%,"?4,299.00","?2,700.00","?1,599.00",Cash on Delivery,Delivered,Website,5.0
ORD103647,26-May-2026,CUST1852,Ananya Kumar,Male,22,Coimbatore,South,P017,Dumbbell Set,Sports & Fitness,Fitness,1,"?2,499.00",10%,"?2,249.10","?1,450.00",?799.10,Debit Card,Delivered,Mobile App,4.0
ORD100453,26-May-2026,CUST1194,Arjun Rao,Male,33,Ranchi,East,P003,Smart Watch,Electronics,Wearables,1,"?3,299.00",20%,"?2,639.20","?2,100.00",?539.20,Debit Card,Delivered,Mobile App,5.0
ORD101481,26-May-2026,CUST1115,Vansh Chopra,Female,29,Mumbai,West,P018,Cricket Bat,Sports & Fitness,Sports,2,"?2,199.00",5%,"?4,178.10","?2,500.00","?1,678.10",UPI,Delivered,Mobile App,3.0
ORD103021,26-May-2026,CUST1060,Varun Jain,Male,34,Jaipur,North,P022,Sunscreen SPF 50,Beauty,Skincare,4,?799.00,20%,"?2,556.80","?1,440.00","?1,116.80",Wallet,Returned,Website,4.0
ORD103603,26-May-2026,CUST0915,Anjali Verma,Male,23,Patna,East,P019,Badminton Racket,Sports & Fitness,Sports,1,"?1,499.00",20%,"?1,199.20",?800.00,?399.20,Wallet,Delivered,Website,5.0
ORD102591,26-May-2026,CUST1893,Akash Bansal,Male,43,Pune,West,P016,Yoga Mat,Sports & Fitness,Fitness,2,?999.00,0%,"?1,998.00","?1,040.00",?958.00,UPI,Delivered,Mobile App,3.0
ORD100030,26-May-2026,CUST0465,Sakshi Mishra,Male,22,Coimbatore,South,P008,Cotton T-Shirt,Fashion,Clothing,3,?799.00,30%,"?1,677.90","?1,170.00",?507.90,UPI,Delivered,Mobile App,4.0
ORD100170,26-May-2026,CUST0763,Vansh Chopra,Male,30,Surat,West,P004,USB-C Charger,Electronics,Accessories,1,?899.00,5%,?854.05,?480.00,?374.05,UPI,Delivered,Website,4.0
ORD103808,26-May-2026,CUST1114,Rohan Rao,Male,35,Dehradun,North,P014,Table Lamp,Home & Kitchen,Home Decor,1,"?1,299.00",5%,"?1,234.05",?690.00,?544.05,UPI,Delivered,Mobile App,4.0
ORD100545,26-May-2026,CUST1217,Diya Mishra,Male,24,Amritsar,North,P018,Cricket Bat,Sports & Fitness,Sports,1,"?2,199.00",20%,"?1,759.20","?1,250.00",?509.20,Debit Card,Delivered,Website,5.0
ORD103899,26-May-2026,CUST0828,Ananya Kumar,Male,18,Patna,East,P022,Sunscreen SPF 50,Beauty,Skincare,1,?799.00,10%,?719.10,?360.00,?359.10,Debit Card,Returned,Mobile App,5.0
ORD100738,26-May-2026,CUST1183,Shivam Mehta,Female,32,Bokaro,East,P030,Self Help Book,Books,Self Development,2,?599.00,10%,"?1,078.20",?520.00,?558.20,Net Banking,Delivered,Mobile App,5.0
ORD100180,26-May-2026,CUST1022,Pooja Kapoor,Male,21,Coimbatore,South,P001,Wireless Headphones,Electronics,Audio,2,"?2,499.00",5%,"?4,748.10","?3,100.00","?1,648.10",UPI,Delivered,Mobile App,5.0
ORD101004,27-May-2026,CUST1478,Kabir Gupta,Female,25,Nashik,West,P009,Denim Jeans,Fashion,Clothing,2,"?1,999.00",15%,"?3,398.30","?2,100.00","?1,298.30",UPI,Delivered,Mobile App,3.0
ORD103295,27-May-2026,CUST1888,Aarav Sharma,Female,43,Surat,West,P013,Non-Stick Cookware Set,Home & Kitchen,Cookware,2,"?4,299.00",5%,"?8,168.10","?5,400.00","?2,768.10",Net Banking,Delivered,Mobile App,3.0
ORD102930,27-May-2026,CUST0571,Vansh Chopra,Female,41,Surat,West,P015,Bedsheet Set,Home & Kitchen,Home Decor,1,"?1,599.00",15%,"?1,359.15",?850.00,?509.15,UPI,Delivered,Website,4.0
ORD100289,27-May-2026,CUST1422,Aditya Kapoor,Female,43,Surat,West,P004,USB-C Charger,Electronics,Accessories,1,?899.00,10%,?809.10,?480.00,?329.10,Cash on Delivery,Delivered,Website,5.0
ORD101421,27-May-2026,CUST1112,Ishaan Malhotra,Male,29,Jaipur,North,P010,Casual Hoodie,Fashion,Clothing,1,"?1,499.00",0%,"?1,499.00",?780.00,?719.00,Net Banking,Delivered,Website,3.0
ORD100246,27-May-2026,CUST2170,Rohan Rao,Female,31,Nashik,West,P002,Bluetooth Speaker,Electronics,Audio,1,"?1,899.00",30%,"?1,329.30","?1,120.00",?209.30,Cash on Delivery,Delivered,Mobile App,5.0
ORD100756,28-May-2026,CUST2164,Karan Jain,Female,34,Nashik,West,P004,USB-C Charger,Electronics,Accessories,3,?899.00,10%,"?2,427.30","?1,440.00",?987.30,Net Banking,Delivered,Website,2.0
ORD104465,28-May-2026,CUST0992,Aarav Sharma,Male,39,Nagpur,West,P017,Dumbbell Set,Sports & Fitness,Fitness,2,"?2,499.00",5%,"?4,748.10","?2,900.00","?1,848.10",Net Banking,Delivered,Mobile App,5.0
ORD101468,28-May-2026,CUST0816,Mohit Sharma,Male,36,Chandigarh,North,P010,Casual Hoodie,Fashion,Clothing,2,"?1,499.00",15%,"?2,548.30","?1,560.00",?988.30,UPI,Delivered,Mobile App,5.0
ORD104968,28-May-2026,CUST2176,Aarav Sharma,Female,51,Kochi,South,P007,Running Shoes,Fashion,Footwear,4,"?2,899.00",0%,"?11,596.00","?6,800.00","?4,796.00",UPI,Delivered,Mobile App,3.0
ORD100503,28-May-2026,CUST0093,Kavya Patel,Male,18,Nagpur,West,P015,Bedsheet Set,Home & Kitchen,Home Decor,1,"?1,599.00",15%,"?1,359.15",?850.00,?509.15,Debit Card,Delivered,Website,4.0
ORD100322,28-May-2026,CUST1879,Aditi Saxena,Female,40,Jaipur,North,P017,Dumbbell Set,Sports & Fitness,Fitness,1,"?2,499.00",10%,"?2,249.10","?1,450.00",?799.10,Credit Card,Delivered,Mobile App,4.0
ORD104459,28-May-2026,CUST1692,Ananya Kumar,Male,32,Kochi,South,P006,Laptop Backpack,Fashion,Bags,1,"?1,799.00",15%,"?1,529.15",?950.00,?579.15,UPI,Delivered,Mobile App,4.0
ORD100627,28-May-2026,CUST0210,Yash Agarwal,Female,33,Nashik,West,P014,Table Lamp,Home & Kitchen,Home Decor,2,"?1,299.00",15%,"?2,208.30","?1,380.00",?828.30,Credit Card,Cancelled,Mobile App,
ORD102437,29-May-2026,CUST1576,Sanya Malhotra,Male,32,Pune,West,P006,Laptop Backpack,Fashion,Bags,1,"?1,799.00",5%,"?1,709.05",?950.00,?759.05,Cash on Delivery,Delivered,Mobile App,4.0
ORD103114,29-May-2026,CUST1146,Rohan Rao,Female,48,Ahmedabad,West,P025,Moisturizer,Beauty,Skincare,3,?699.00,5%,"?1,992.15",?930.00,"?1,062.15",UPI,Delivered,Website,5.0
ORD103179,29-May-2026,CUST1111,Aditi Saxena,Female,37,Bokaro,East,P020,Resistance Bands,Sports & Fitness,Fitness,1,?699.00,15%,?594.15,?320.00,?274.15,UPI,Delivered,Website,4.0
ORD103962,29-May-2026,CUST1810,Yash Agarwal,Female,44,Kolkata,East,P028,Data Analytics Book,Books,Technology,1,"?1,099.00",15%,?934.15,?520.00,?414.15,Debit Card,Delivered,Website,4.0
ORD102147,29-May-2026,CUST1345,Diya Mishra,Male,43,Chennai,South,P009,Denim Jeans,Fashion,Clothing,1,"?1,999.00",0%,"?1,999.00","?1,050.00",?949.00,Debit Card,Delivered,Mobile App,4.0
ORD100945,29-May-2026,CUST1190,Kabir Gupta,Male,18,Bhubaneswar,East,P021,Face Wash,Beauty,Skincare,1,?499.00,5%,?474.05,?220.00,?254.05,Credit Card,Delivered,Mobile App,5.0
ORD103504,29-May-2026,CUST1440,Aarav Sharma,Male,28,Mumbai,West,P004,USB-C Charger,Electronics,Accessories,1,?899.00,15%,?764.15,?480.00,?284.15,UPI,Delivered,Mobile App,3.0
ORD102320,29-May-2026,CUST1396,Karan Jain,Male,38,Guwahati,East,P028,Data Analytics Book,Books,Technology,3,"?1,099.00",15%,"?2,802.45","?1,560.00","?1,242.45",UPI,Delivered,Mobile App,5.0
ORD102038,30-May-2026,CUST0335,Isha Mehta,Male,25,Ahmedabad,West,P019,Badminton Racket,Sports & Fitness,Sports,2,"?1,499.00",0%,"?2,998.00","?1,600.00","?1,398.00",Cash on Delivery,Delivered,Website,5.0
ORD101991,30-May-2026,CUST0122,Rohan Rao,Male,48,Patna,East,P021,Face Wash,Beauty,Skincare,1,?499.00,15%,?424.15,?220.00,?204.15,Wallet,Delivered,Mobile App,4.0
ORD101708,30-May-2026,CUST0494,Aditya Kapoor,Female,50,Bokaro,East,P030,Self Help Book,Books,Self Development,3,?599.00,20%,"?1,437.60",?780.00,?657.60,Credit Card,Cancelled,Mobile App,
ORD103573,30-May-2026,CUST0387,Riya Verma,Male,25,Ranchi,East,P015,Bedsheet Set,Home & Kitchen,Home Decor,1,"?1,599.00",10%,"?1,439.10",?850.00,?589.10,UPI,Delivered,Mobile App,5.0
ORD103017,30-May-2026,CUST0389,Akash Bansal,Male,45,Nashik,West,P023,Shampoo,Beauty,Haircare,1,?649.00,15%,?551.65,?290.00,?261.65,Cash on Delivery,Returned,Mobile App,5.0
ORD101975,30-May-2026,CUST1085,Kavya Patel,Male,40,Surat,West,P001,Wireless Headphones,Electronics,Audio,2,"?2,499.00",10%,"?4,498.20","?3,100.00","?1,398.20",Debit Card,Delivered,Mobile App,5.0
ORD103078,30-May-2026,CUST1212,Ananya Kumar,Female,18,Hyderabad,South,P012,Air Fryer,Home & Kitchen,Kitchen,3,"?5,999.00",0%,"?17,997.00","?11,700.00","?6,297.00",UPI,Delivered,Website,4.0
ORD101386,30-May-2026,CUST1952,Aarav Sharma,Female,33,Guwahati,East,P025,Moisturizer,Beauty,Skincare,2,?699.00,10%,"?1,258.20",?620.00,?638.20,Debit Card,Delivered,Website,5.0
ORD104090,30-May-2026,CUST1891,Riya Verma,Female,29,Bengaluru,South,P026,Novel Collection,Books,Fiction,4,?899.00,15%,"?3,056.60","?1,680.00","?1,376.60",UPI,Delivered,Mobile App,4.0
ORD101092,31-May-2026,CUST2172,Ananya Kumar,Female,30,Jaipur,North,P008,Cotton T-Shirt,Fashion,Clothing,1,?799.00,0%,?799.00,?390.00,?409.00,UPI,Delivered,Mobile App,4.0
ORD103689,31-May-2026,CUST0156,Ananya Kumar,Female,29,Bhubaneswar,East,P009,Denim Jeans,Fashion,Clothing,4,"?1,999.00",0%,"?7,996.00","?4,200.00","?3,796.00",UPI,Delivered,Website,2.0
ORD102832,31-May-2026,CUST1478,Kabir Gupta,Male,27,Bokaro,East,P025,Moisturizer,Beauty,Skincare,3,?699.00,0%,"?2,097.00",?930.00,"?1,167.00",Debit Card,Delivered,Website,5.0
ORD100243,31-May-2026,CUST0343,Aditi Saxena,Male,29,Bokaro,East,P011,Coffee Maker,Home & Kitchen,Kitchen,1,"?3,499.00",0%,"?3,499.00","?2,250.00","?1,249.00",Debit Card,Returned,Mobile App,5.0
ORD102269,31-May-2026,CUST1425,Sakshi Mishra,Male,26,Mysuru,South,P026,Novel Collection,Books,Fiction,1,?899.00,0%,?899.00,?420.00,?479.00,Credit Card,Cancelled,Mobile App,
ORD101277,31-May-2026,CUST0325,Akash Bansal,Male,24,Kochi,South,P004,USB-C Charger,Electronics,Accessories,1,?899.00,5%,?854.05,?480.00,?374.05,Net Banking,Delivered,Mobile App,4.0
ORD100356,31-May-2026,CUST2047,Shivam Mehta,Male,28,Ranchi,East,P028,Data Analytics Book,Books,Technology,3,"?1,099.00",5%,"?3,132.15","?1,560.00","?1,572.15",UPI,Delivered,Mobile App,5.0
ORD104760,31-May-2026,CUST0786,Yash Agarwal,Male,48,Ranchi,East,P030,Self Help Book,Books,Self Development,1,?599.00,15%,?509.15,?260.00,?249.15,Wallet,Delivered,Website,5.0
ORD100703,31-May-2026,CUST0448,Aarav Sharma,Male,34,Jaipur,North,P016,Yoga Mat,Sports & Fitness,Fitness,2,?999.00,20%,"?1,598.40","?1,040.00",?558.40,Credit Card,Delivered,Mobile App,5.0
ORD102035,31-May-2026,CUST1304,Ishaan Malhotra,Female,24,Chennai,South,P028,Data Analytics Book,Books,Technology,2,"?1,099.00",20%,"?1,758.40","?1,040.00",?718.40,Credit Card,Delivered,Mobile App,5.0
ORD101413,31-May-2026,CUST1887,Shivam Mehta,Female,29,Chandigarh,North,P019,Badminton Racket,Sports & Fitness,Sports,1,"?1,499.00",25%,"?1,124.25",?800.00,?324.25,Credit Card,Delivered,Mobile App,4.0
ORD104461,31-May-2026,CUST1105,Sakshi Mishra,Male,18,Pune,West,P008,Cotton T-Shirt,Fashion,Clothing,2,?799.00,5%,"?1,518.10",?780.00,?738.10,UPI,Delivered,Mobile App,5.0
ORD101521,01-Jun-2026,CUST1774,Aditya Kapoor,Female,40,Surat,West,P002,Bluetooth Speaker,Electronics,Audio,1,"?1,899.00",20%,"?1,519.20","?1,120.00",?399.20,Credit Card,Delivered,Mobile App,5.0
ORD102561,01-Jun-2026,CUST1467,Vansh Chopra,Female,36,Bhubaneswar,East,P006,Laptop Backpack,Fashion,Bags,1,"?1,799.00",10%,"?1,619.10",?950.00,?669.10,UPI,Delivered,Mobile App,5.0
ORD101154,01-Jun-2026,CUST0770,Manish Agarwal,Male,21,Dehradun,North,P027,Business Strategy Book,Books,Business,1,?699.00,15%,?594.15,?300.00,?294.15,Net Banking,Delivered,Mobile App,5.0
ORD102572,01-Jun-2026,CUST1160,Sanya Malhotra,Female,30,Nashik,West,P026,Novel Collection,Books,Fiction,2,?899.00,10%,"?1,618.20",?840.00,?778.20,Credit Card,Delivered,Mobile App,2.0
ORD103135,01-Jun-2026,CUST2046,Pooja Kapoor,Female,34,Bengaluru,South,P011,Coffee Maker,Home & Kitchen,Kitchen,1,"?3,499.00",15%,"?2,974.15","?2,250.00",?724.15,Wallet,Delivered,Mobile App,4.0
ORD103533,01-Jun-2026,CUST1924,Varun Jain,Female,33,Nashik,West,P006,Laptop Backpack,Fashion,Bags,1,"?1,799.00",5%,"?1,709.05",?950.00,?759.05,Debit Card,Delivered,Website,5.0
ORD101679,01-Jun-2026,CUST1000,Sanya Malhotra,Male,27,Amritsar,North,P014,Table Lamp,Home & Kitchen,Home Decor,3,"?1,299.00",5%,"?3,702.15","?2,070.00","?1,632.15",Debit Card,Delivered,Mobile App,3.0
ORD102146,01-Jun-2026,CUST2156,Rahul Kumar,Male,21,Coimbatore,South,P001,Wireless Headphones,Electronics,Audio,3,"?2,499.00",30%,"?5,247.90","?4,650.00",?597.90,Net Banking,Delivered,Mobile App,4.0
ORD101714,01-Jun-2026,CUST1858,Manish Agarwal,Male,29,Guwahati,East,P029,Programming Book,Books,Technology,3,"?1,299.00",10%,"?3,507.30","?1,830.00","?1,677.30",UPI,Returned,Mobile App,4.0
ORD100801,01-Jun-2026,CUST2118,Kabir Gupta,Male,40,Surat,West,P009,Denim Jeans,Fashion,Clothing,3,"?1,999.00",10%,"?5,397.30","?3,150.00","?2,247.30",Net Banking,Delivered,Mobile App,5.0
ORD104199,01-Jun-2026,CUST1057,Diya Mishra,Male,18,Bokaro,East,P009,Denim Jeans,Fashion,Clothing,1,"?1,999.00",10%,"?1,799.10","?1,050.00",?749.10,Debit Card,Delivered,Mobile App,5.0
ORD100444,01-Jun-2026,CUST0187,Vansh Chopra,Female,36,Patna,East,P003,Smart Watch,Electronics,Wearables,1,"?3,299.00",10%,"?2,969.10","?2,100.00",?869.10,Credit Card,Delivered,Mobile App,4.0
ORD101795,01-Jun-2026,CUST1099,Kiara Chopra,Female,44,Bokaro,East,P010,Casual Hoodie,Fashion,Clothing,1,"?1,499.00",5%,"?1,424.05",?780.00,?644.05,Net Banking,Delivered,Website,3.0
ORD100548,02-Jun-2026,CUST0387,Riya Verma,Male,48,Ranchi,East,P021,Face Wash,Beauty,Skincare,1,?499.00,10%,?449.10,?220.00,?229.10,Wallet,Delivered,Mobile App,3.0
ORD100254,02-Jun-2026,CUST1511,Nisha Saxena,Male,24,Bhubaneswar,East,P002,Bluetooth Speaker,Electronics,Audio,1,"?1,899.00",5%,"?1,804.05","?1,120.00",?684.05,Cash on Delivery,Delivered,Mobile App,5.0
ORD100693,02-Jun-2026,CUST0876,Rahul Kumar,Female,41,Chandigarh,North,P020,Resistance Bands,Sports & Fitness,Fitness,2,?699.00,15%,"?1,188.30",?640.00,?548.30,UPI,Delivered,Website,5.0
ORD103166,02-Jun-2026,CUST1007,Isha Mehta,Male,33,Hyderabad,South,P001,Wireless Headphones,Electronics,Audio,1,"?2,499.00",15%,"?2,124.15","?1,550.00",?574.15,Debit Card,Delivered,Mobile App,5.0
ORD103436,02-Jun-2026,CUST1664,Aarav Sharma,Male,25,Chandigarh,North,P025,Moisturizer,Beauty,Skincare,3,?699.00,5%,"?1,992.15",?930.00,"?1,062.15",Wallet,Delivered,Mobile App,4.0
ORD102883,02-Jun-2026,CUST0289,Diya Mishra,Female,28,Nashik,West,P018,Cricket Bat,Sports & Fitness,Sports,1,"?2,199.00",15%,"?1,869.15","?1,250.00",?619.15,Debit Card,Delivered,Website,4.0
ORD104629,02-Jun-2026,CUST0969,Zoya Singh,Male,36,Lucknow,North,P010,Casual Hoodie,Fashion,Clothing,3,"?1,499.00",10%,"?4,047.30","?2,340.00","?1,707.30",UPI,Delivered,Website,4.0
ORD104843,02-Jun-2026,CUST1469,Kavya Patel,Male,30,Hyderabad,South,P003,Smart Watch,Electronics,Wearables,2,"?3,299.00",10%,"?5,938.20","?4,200.00","?1,738.20",UPI,Delivered,Mobile App,3.0
ORD104568,02-Jun-2026,CUST0816,Mohit Sharma,Female,21,Lucknow,North,P028,Data Analytics Book,Books,Technology,1,"?1,099.00",25%,?824.25,?520.00,?304.25,Credit Card,Delivered,Website,3.0
ORD101070,03-Jun-2026,CUST0447,Shivam Mehta,Female,25,Kochi,South,P029,Programming Book,Books,Technology,1,"?1,299.00",25%,?974.25,?610.00,?364.25,Net Banking,Delivered,Mobile App,5.0
ORD104829,03-Jun-2026,CUST1864,Sanya Malhotra,Female,44,Guwahati,East,P027,Business Strategy Book,Books,Business,1,?699.00,10%,?629.10,?300.00,?329.10,Debit Card,Delivered,Mobile App,4.0
ORD103118,03-Jun-2026,CUST0412,Ananya Kumar,Male,38,Surat,West,P030,Self Help Book,Books,Self Development,1,?599.00,0%,?599.00,?260.00,?339.00,Debit Card,Delivered,Website,5.0
ORD100438,03-Jun-2026,CUST1473,Diya Mishra,Male,34,Jaipur,North,P009,Denim Jeans,Fashion,Clothing,2,"?1,999.00",15%,"?3,398.30","?2,100.00","?1,298.30",Cash on Delivery,Delivered,Mobile App,5.0
ORD102112,03-Jun-2026,CUST0465,Sakshi Mishra,Male,20,Bengaluru,South,P003,Smart Watch,Electronics,Wearables,1,"?3,299.00",0%,"?3,299.00","?2,100.00","?1,199.00",Debit Card,Delivered,Mobile App,1.0
ORD104875,03-Jun-2026,CUST0526,Aditya Kapoor,Male,24,Bokaro,East,P030,Self Help Book,Books,Self Development,1,?599.00,25%,?449.25,?260.00,?189.25,Cash on Delivery,Delivered,Mobile App,4.0
ORD102806,03-Jun-2026,CUST0719,Isha Mehta,Male,34,Bokaro,East,P027,Business Strategy Book,Books,Business,1,?699.00,25%,?524.25,?300.00,?224.25,Credit Card,Returned,Mobile App,5.0
ORD101825,03-Jun-2026,CUST0642,Manish Agarwal,Male,28,Nashik,West,P020,Resistance Bands,Sports & Fitness,Fitness,1,?699.00,10%,?629.10,?320.00,?309.10,UPI,Delivered,Website,2.0
ORD104450,03-Jun-2026,CUST0516,Varun Jain,Female,39,Jaipur,North,P025,Moisturizer,Beauty,Skincare,4,?699.00,10%,"?2,516.40","?1,240.00","?1,276.40",Cash on Delivery,Delivered,Mobile App,5.0
ORD103639,03-Jun-2026,CUST1825,Diya Mishra,Male,31,Bokaro,East,P003,Smart Watch,Electronics,Wearables,2,"?3,299.00",20%,"?5,278.40","?4,200.00","?1,078.40",UPI,Delivered,Mobile App,2.0
ORD102914,04-Jun-2026,CUST0531,Anjali Verma,Female,25,Ranchi,East,P019,Badminton Racket,Sports & Fitness,Sports,2,"?1,499.00",5%,"?2,848.10","?1,600.00","?1,248.10",Credit Card,Delivered,Website,5.0
ORD102413,04-Jun-2026,CUST1060,Varun Jain,Male,21,Ahmedabad,West,P017,Dumbbell Set,Sports & Fitness,Fitness,1,"?2,499.00",5%,"?2,374.05","?1,450.00",?924.05,UPI,Delivered,Mobile App,5.0
ORD100614,04-Jun-2026,CUST1911,Aditi Saxena,Male,34,Bengaluru,South,P020,Resistance Bands,Sports & Fitness,Fitness,2,?699.00,15%,"?1,188.30",?640.00,?548.30,UPI,Returned,Mobile App,4.0
ORD102559,04-Jun-2026,CUST1186,Manish Agarwal,Male,18,Lucknow,North,P026,Novel Collection,Books,Fiction,1,?899.00,10%,?809.10,?420.00,?389.10,Debit Card,Delivered,Website,5.0
ORD102885,04-Jun-2026,CUST1431,Aditi Saxena,Male,42,Bhubaneswar,East,P004,USB-C Charger,Electronics,Accessories,1,?899.00,10%,?809.10,?480.00,?329.10,Debit Card,Delivered,Mobile App,4.0
ORD101432,04-Jun-2026,CUST1892,Varun Jain,Male,35,Coimbatore,South,P006,Laptop Backpack,Fashion,Bags,2,"?1,799.00",10%,"?3,238.20","?1,900.00","?1,338.20",Cash on Delivery,Delivered,Website,2.0
ORD102207,04-Jun-2026,CUST0495,Isha Mehta,Male,35,Chennai,South,P022,Sunscreen SPF 50,Beauty,Skincare,1,?799.00,10%,?719.10,?360.00,?359.10,Credit Card,Delivered,Website,4.0
ORD104574,04-Jun-2026,CUST1108,Karan Jain,Male,22,Delhi,North,P002,Bluetooth Speaker,Electronics,Audio,2,"?1,899.00",5%,"?3,608.10","?2,240.00","?1,368.10",Cash on Delivery,Delivered,Website,5.0
ORD101310,04-Jun-2026,CUST0304,Mohit Sharma,Female,37,Chennai,South,P029,Programming Book,Books,Technology,3,"?1,299.00",30%,"?2,727.90","?1,830.00",?897.90,UPI,Delivered,Mobile App,4.0
ORD104157,04-Jun-2026,CUST2135,Aditi Saxena,Female,28,Mysuru,South,P014,Table Lamp,Home & Kitchen,Home Decor,1,"?1,299.00",5%,"?1,234.05",?690.00,?544.05,Net Banking,Delivered,Mobile App,5.0
ORD103495,04-Jun-2026,CUST1216,Aarav Sharma,Female,19,Chandigarh,North,P024,Perfume,Beauty,Fragrance,1,"?1,799.00",5%,"?1,709.05",?900.00,?809.05,Credit Card,Delivered,Website,4.0
ORD101906,04-Jun-2026,CUST0750,Aditya Kapoor,Male,27,Mumbai,West,P024,Perfume,Beauty,Fragrance,5,"?1,799.00",0%,"?8,995.00","?4,500.00","?4,495.00",Cash on Delivery,Delivered,Mobile App,3.0
ORD104472,04-Jun-2026,CUST2121,Zoya Singh,Male,31,Chandigarh,North,P021,Face Wash,Beauty,Skincare,1,?499.00,20%,?399.20,?220.00,?179.20,Credit Card,Delivered,Mobile App,3.0
ORD101634,05-Jun-2026,CUST1554,Yash Agarwal,Female,24,Mysuru,South,P005,Power Bank 20000mAh,Electronics,Accessories,4,"?1,599.00",10%,"?5,756.40","?3,680.00","?2,076.40",Credit Card,Delivered,Website,4.0
ORD101177,05-Jun-2026,CUST1508,Varun Jain,Male,45,Surat,West,P002,Bluetooth Speaker,Electronics,Audio,1,"?1,899.00",5%,"?1,804.05","?1,120.00",?684.05,Debit Card,Delivered,Mobile App,1.0
ORD104763,05-Jun-2026,CUST0694,Simran Gupta,Male,58,Kolkata,East,P002,Bluetooth Speaker,Electronics,Audio,2,"?1,899.00",10%,"?3,418.20","?2,240.00","?1,178.20",Net Banking,Delivered,Website,2.0
ORD100966,05-Jun-2026,CUST1101,Tanvi Patel,Male,31,Mumbai,West,P028,Data Analytics Book,Books,Technology,1,"?1,099.00",10%,?989.10,?520.00,?469.10,Wallet,Delivered,Mobile App,5.0
ORD101157,05-Jun-2026,CUST0554,Arjun Rao,Male,20,Ranchi,East,P020,Resistance Bands,Sports & Fitness,Fitness,1,?699.00,30%,?489.30,?320.00,?169.30,Debit Card,Cancelled,Mobile App,
ORD100078,05-Jun-2026,CUST1970,Yash Agarwal,Male,31,Ranchi,East,P026,Novel Collection,Books,Fiction,1,?899.00,20%,?719.20,?420.00,?299.20,UPI,Delivered,Mobile App,5.0
ORD104783,05-Jun-2026,CUST0340,Karan Jain,Male,30,Guwahati,East,P008,Cotton T-Shirt,Fashion,Clothing,1,?799.00,0%,?799.00,?390.00,?409.00,UPI,Delivered,Website,2.0
ORD103047,05-Jun-2026,CUST0493,Tanvi Patel,Male,20,Surat,West,P005,Power Bank 20000mAh,Electronics,Accessories,1,"?1,599.00",0%,"?1,599.00",?920.00,?679.00,Net Banking,Delivered,Mobile App,5.0
ORD101323,05-Jun-2026,CUST1632,Aarav Sharma,Female,31,Ranchi,East,P019,Badminton Racket,Sports & Fitness,Sports,2,"?1,499.00",5%,"?2,848.10","?1,600.00","?1,248.10",UPI,Returned,Mobile App,5.0
ORD100800,06-Jun-2026,CUST1750,Simran Gupta,Male,47,Amritsar,North,P001,Wireless Headphones,Electronics,Audio,1,"?2,499.00",10%,"?2,249.10","?1,550.00",?699.10,UPI,Delivered,Website,5.0
ORD101932,06-Jun-2026,CUST1071,Isha Mehta,Female,31,Chandigarh,North,P001,Wireless Headphones,Electronics,Audio,2,"?2,499.00",5%,"?4,748.10","?3,100.00","?1,648.10",Debit Card,Delivered,Website,5.0
ORD104276,06-Jun-2026,CUST0432,Mohit Sharma,Male,34,Kochi,South,P015,Bedsheet Set,Home & Kitchen,Home Decor,1,"?1,599.00",0%,"?1,599.00",?850.00,?749.00,Credit Card,Delivered,Mobile App,4.0
ORD104841,06-Jun-2026,CUST1107,Anjali Verma,Male,23,Surat,West,P004,USB-C Charger,Electronics,Accessories,1,?899.00,0%,?899.00,?480.00,?419.00,Credit Card,Returned,Mobile App,1.0
ORD100350,06-Jun-2026,CUST0755,Anjali Verma,Female,29,Jaipur,North,P028,Data Analytics Book,Books,Technology,1,"?1,099.00",0%,"?1,099.00",?520.00,?579.00,Debit Card,Delivered,Mobile App,5.0
ORD104417,07-Jun-2026,CUST0801,Diya Mishra,Male,41,Bengaluru,South,P001,Wireless Headphones,Electronics,Audio,4,"?2,499.00",10%,"?8,996.40","?6,200.00","?2,796.40",Cash on Delivery,Delivered,Mobile App,5.0
ORD101931,07-Jun-2026,CUST0046,Aditya Kapoor,Female,35,Mumbai,West,P002,Bluetooth Speaker,Electronics,Audio,1,"?1,899.00",20%,"?1,519.20","?1,120.00",?399.20,Credit Card,Delivered,Mobile App,2.0
ORD102893,07-Jun-2026,CUST2061,Tanvi Patel,Female,36,Nagpur,West,P012,Air Fryer,Home & Kitchen,Kitchen,4,"?5,999.00",20%,"?19,196.80","?15,600.00","?3,596.80",UPI,Delivered,Mobile App,4.0
ORD104124,07-Jun-2026,CUST0161,Diya Mishra,Male,38,Amritsar,North,P022,Sunscreen SPF 50,Beauty,Skincare,1,?799.00,25%,?599.25,?360.00,?239.25,Wallet,Delivered,Mobile App,3.0
ORD104389,07-Jun-2026,CUST1249,Diya Mishra,Male,29,Guwahati,East,P029,Programming Book,Books,Technology,1,"?1,299.00",10%,"?1,169.10",?610.00,?559.10,UPI,Delivered,Mobile App,3.0
ORD103664,07-Jun-2026,CUST1501,Kavya Patel,Female,41,Mumbai,West,P004,USB-C Charger,Electronics,Accessories,3,?899.00,10%,"?2,427.30","?1,440.00",?987.30,Cash on Delivery,Delivered,Mobile App,4.0
ORD101656,07-Jun-2026,CUST0008,Sanya Malhotra,Female,37,Pune,West,P027,Business Strategy Book,Books,Business,1,?699.00,5%,?664.05,?300.00,?364.05,UPI,Returned,Mobile App,5.0
ORD104533,07-Jun-2026,CUST1346,Manish Agarwal,Male,35,Amritsar,North,P011,Coffee Maker,Home & Kitchen,Kitchen,1,"?3,499.00",10%,"?3,149.10","?2,250.00",?899.10,Net Banking,Delivered,Website,2.0
ORD100946,07-Jun-2026,CUST1604,Varun Jain,Male,43,Delhi,North,P001,Wireless Headphones,Electronics,Audio,1,"?2,499.00",20%,"?1,999.20","?1,550.00",?449.20,Wallet,Delivered,Website,5.0
ORD102730,07-Jun-2026,CUST0726,Simran Gupta,Male,32,Amritsar,North,P019,Badminton Racket,Sports & Fitness,Sports,2,"?1,499.00",10%,"?2,698.20","?1,600.00","?1,098.20",Credit Card,Delivered,Website,1.0
ORD101302,08-Jun-2026,CUST1488,Mohit Sharma,Female,18,Patna,East,P021,Face Wash,Beauty,Skincare,1,?499.00,10%,?449.10,?220.00,?229.10,UPI,Cancelled,Website,
ORD101227,08-Jun-2026,CUST1953,Diya Mishra,Male,31,Patna,East,P001,Wireless Headphones,Electronics,Audio,1,"?2,499.00",0%,"?2,499.00","?1,550.00",?949.00,UPI,Delivered,Mobile App,5.0
ORD101391,08-Jun-2026,CUST1903,Isha Mehta,Female,32,Bengaluru,South,P010,Casual Hoodie,Fashion,Clothing,2,"?1,499.00",10%,"?2,698.20","?1,560.00","?1,138.20",Cash on Delivery,Delivered,Mobile App,5.0
ORD104514,08-Jun-2026,CUST0065,Diya Mishra,Male,47,Hyderabad,South,P013,Non-Stick Cookware Set,Home & Kitchen,Cookware,1,"?4,299.00",5%,"?4,084.05","?2,700.00","?1,384.05",Debit Card,Delivered,Website,3.0
ORD102575,08-Jun-2026,CUST0967,Nisha Saxena,Female,31,Guwahati,East,P018,Cricket Bat,Sports & Fitness,Sports,5,"?2,199.00",10%,"?9,895.50","?6,250.00","?3,645.50",Debit Card,Delivered,Mobile App,1.0
ORD102211,08-Jun-2026,CUST1699,Riya Verma,Male,35,Chandigarh,North,P004,USB-C Charger,Electronics,Accessories,2,?899.00,25%,"?1,348.50",?960.00,?388.50,Wallet,Returned,Website,5.0
ORD100629,08-Jun-2026,CUST1564,Ananya Kumar,Male,20,Kochi,South,P007,Running Shoes,Fashion,Footwear,1,"?2,899.00",10%,"?2,609.10","?1,700.00",?909.10,UPI,Delivered,Mobile App,5.0
ORD101256,08-Jun-2026,CUST0882,Yash Agarwal,Female,18,Mysuru,South,P023,Shampoo,Beauty,Haircare,1,?649.00,5%,?616.55,?290.00,?326.55,Credit Card,Delivered,Website,5.0
ORD101042,08-Jun-2026,CUST1886,Pooja Kapoor,Female,30,Coimbatore,South,P001,Wireless Headphones,Electronics,Audio,3,"?2,499.00",15%,"?6,372.45","?4,650.00","?1,722.45",Net Banking,Returned,Mobile App,3.0
ORD104288,08-Jun-2026,CUST0939,Kiara Chopra,Female,24,Kochi,South,P005,Power Bank 20000mAh,Electronics,Accessories,1,"?1,599.00",10%,"?1,439.10",?920.00,?519.10,Credit Card,Delivered,Website,5.0
ORD101230,09-Jun-2026,CUST1483,Kiara Chopra,Female,51,Chennai,South,P020,Resistance Bands,Sports & Fitness,Fitness,2,?699.00,15%,"?1,188.30",?640.00,?548.30,Debit Card,Delivered,Website,4.0
ORD100117,09-Jun-2026,CUST0632,Ishaan Malhotra,Male,18,Kolkata,East,P009,Denim Jeans,Fashion,Clothing,2,"?1,999.00",10%,"?3,598.20","?2,100.00","?1,498.20",UPI,Cancelled,Mobile App,
ORD100396,09-Jun-2026,CUST1407,Shivam Mehta,Male,37,Guwahati,East,P012,Air Fryer,Home & Kitchen,Kitchen,3,"?5,999.00",0%,"?17,997.00","?11,700.00","?6,297.00",UPI,Delivered,Mobile App,5.0
ORD103105,09-Jun-2026,CUST1244,Ananya Kumar,Female,31,Kochi,South,P021,Face Wash,Beauty,Skincare,2,?499.00,10%,?898.20,?440.00,?458.20,UPI,Delivered,Mobile App,2.0
ORD100284,09-Jun-2026,CUST0108,Rahul Kumar,Male,26,Kochi,South,P011,Coffee Maker,Home & Kitchen,Kitchen,3,"?3,499.00",5%,"?9,972.15","?6,750.00","?3,222.15",Credit Card,Delivered,Mobile App,2.0
ORD103729,09-Jun-2026,CUST0683,Kiara Chopra,Male,23,Guwahati,East,P024,Perfume,Beauty,Fragrance,2,"?1,799.00",20%,"?2,878.40","?1,800.00","?1,078.40",Credit Card,Delivered,Website,3.0
ORD102779,09-Jun-2026,CUST0101,Akash Bansal,Male,51,Patna,East,P019,Badminton Racket,Sports & Fitness,Sports,1,"?1,499.00",25%,"?1,124.25",?800.00,?324.25,Debit Card,Cancelled,Website,
ORD102772,09-Jun-2026,CUST1809,Sakshi Mishra,Female,35,Chennai,South,P015,Bedsheet Set,Home & Kitchen,Home Decor,3,"?1,599.00",5%,"?4,557.15","?2,550.00","?2,007.15",UPI,Delivered,Mobile App,4.0
ORD104774,09-Jun-2026,CUST1848,Ishaan Malhotra,Male,45,Chennai,South,P029,Programming Book,Books,Technology,1,"?1,299.00",10%,"?1,169.10",?610.00,?559.10,Credit Card,Delivered,Mobile App,5.0
ORD100678,09-Jun-2026,CUST1274,Rohan Rao,Female,39,Guwahati,East,P010,Casual Hoodie,Fashion,Clothing,2,"?1,499.00",10%,"?2,698.20","?1,560.00","?1,138.20",Wallet,Delivered,Mobile App,5.0
ORD103788,09-Jun-2026,CUST0771,Riya Verma,Male,36,Bengaluru,South,P006,Laptop Backpack,Fashion,Bags,3,"?1,799.00",5%,"?5,127.15","?2,850.00","?2,277.15",Cash on Delivery,Delivered,Mobile App,4.0
ORD100658,10-Jun-2026,CUST1180,Ananya Kumar,Female,35,Pune,West,P017,Dumbbell Set,Sports & Fitness,Fitness,1,"?2,499.00",25%,"?1,874.25","?1,450.00",?424.25,Debit Card,Delivered,Website,4.0
ORD100651,10-Jun-2026,CUST2076,Ananya Kumar,Female,35,Dehradun,North,P017,Dumbbell Set,Sports & Fitness,Fitness,3,"?2,499.00",25%,"?5,622.75","?4,350.00","?1,272.75",Cash on Delivery,Delivered,Website,5.0
ORD104012,10-Jun-2026,CUST0592,Mohit Sharma,Female,42,Surat,West,P025,Moisturizer,Beauty,Skincare,1,?699.00,5%,?664.05,?310.00,?354.05,Debit Card,Delivered,Mobile App,1.0
ORD100500,10-Jun-2026,CUST1732,Varun Jain,Female,42,Bhubaneswar,East,P001,Wireless Headphones,Electronics,Audio,1,"?2,499.00",15%,"?2,124.15","?1,550.00",?574.15,UPI,Delivered,Mobile App,5.0
ORD101436,10-Jun-2026,CUST1369,Meera Singh,Male,22,Hyderabad,South,P030,Self Help Book,Books,Self Development,3,?599.00,15%,"?1,527.45",?780.00,?747.45,UPI,Delivered,Website,3.0
ORD103152,10-Jun-2026,CUST1320,Sanya Malhotra,Male,44,Patna,East,P019,Badminton Racket,Sports & Fitness,Sports,1,"?1,499.00",20%,"?1,199.20",?800.00,?399.20,Wallet,Delivered,Website,5.0
ORD103992,10-Jun-2026,CUST2063,Isha Mehta,Male,52,Mysuru,South,P026,Novel Collection,Books,Fiction,1,?899.00,5%,?854.05,?420.00,?434.05,UPI,Delivered,Website,5.0
ORD101080,10-Jun-2026,CUST1677,Tanvi Patel,Male,34,Bengaluru,South,P030,Self Help Book,Books,Self Development,3,?599.00,5%,"?1,707.15",?780.00,?927.15,UPI,Delivered,Mobile App,3.0
ORD100965,10-Jun-2026,CUST2006,Simran Gupta,Female,24,Jaipur,North,P012,Air Fryer,Home & Kitchen,Kitchen,2,"?5,999.00",20%,"?9,598.40","?7,800.00","?1,798.40",Debit Card,Delivered,Mobile App,4.0
ORD100774,10-Jun-2026,CUST1648,Mohit Sharma,Male,32,Amritsar,North,P005,Power Bank 20000mAh,Electronics,Accessories,3,"?1,599.00",5%,"?4,557.15","?2,760.00","?1,797.15",Credit Card,Delivered,Mobile App,4.0
ORD101828,10-Jun-2026,CUST0196,Varun Jain,Female,23,Jaipur,North,P001,Wireless Headphones,Electronics,Audio,4,"?2,499.00",10%,"?8,996.40","?6,200.00","?2,796.40",UPI,Delivered,Mobile App,5.0
ORD102037,10-Jun-2026,CUST1940,Karan Jain,Male,39,Amritsar,North,P021,Face Wash,Beauty,Skincare,5,?499.00,10%,"?2,245.50","?1,100.00","?1,145.50",UPI,Returned,Website,4.0
ORD101756,10-Jun-2026,CUST0872,Sanya Malhotra,Female,22,Mysuru,South,P024,Perfume,Beauty,Fragrance,1,"?1,799.00",5%,"?1,709.05",?900.00,?809.05,Credit Card,Delivered,Mobile App,5.0
ORD102349,11-Jun-2026,CUST0369,Sakshi Mishra,Male,23,Ahmedabad,West,P011,Coffee Maker,Home & Kitchen,Kitchen,3,"?3,499.00",10%,"?9,447.30","?6,750.00","?2,697.30",Cash on Delivery,Delivered,Mobile App,5.0
ORD101299,11-Jun-2026,CUST1198,Aditya Kapoor,Female,42,Patna,East,P007,Running Shoes,Fashion,Footwear,2,"?2,899.00",20%,"?4,638.40","?3,400.00","?1,238.40",Net Banking,Delivered,Mobile App,5.0
ORD104287,11-Jun-2026,CUST0939,Kiara Chopra,Male,25,Ranchi,East,P024,Perfume,Beauty,Fragrance,2,"?1,799.00",0%,"?3,598.00","?1,800.00","?1,798.00",Credit Card,Delivered,Website,5.0
ORD101090,11-Jun-2026,CUST0755,Anjali Verma,Female,34,Bengaluru,South,P016,Yoga Mat,Sports & Fitness,Fitness,4,?999.00,5%,"?3,796.20","?2,080.00","?1,716.20",UPI,Returned,Website,5.0
ORD101317,11-Jun-2026,CUST0096,Aarav Sharma,Female,29,Kochi,South,P025,Moisturizer,Beauty,Skincare,1,?699.00,15%,?594.15,?310.00,?284.15,UPI,Delivered,Website,3.0
ORD104320,11-Jun-2026,CUST0663,Aditi Saxena,Female,31,Chennai,South,P003,Smart Watch,Electronics,Wearables,2,"?3,299.00",15%,"?5,608.30","?4,200.00","?1,408.30",Debit Card,Delivered,Website,4.0
ORD104346,12-Jun-2026,CUST1874,Yash Agarwal,Male,37,Patna,East,P020,Resistance Bands,Sports & Fitness,Fitness,1,?699.00,0%,?699.00,?320.00,?379.00,UPI,Delivered,Mobile App,4.0
ORD103266,12-Jun-2026,CUST1897,Zoya Singh,Male,33,Dehradun,North,P023,Shampoo,Beauty,Haircare,3,?649.00,10%,"?1,752.30",?870.00,?882.30,UPI,Delivered,Mobile App,4.0
ORD104954,12-Jun-2026,CUST0167,Nisha Saxena,Female,37,Ranchi,East,P003,Smart Watch,Electronics,Wearables,1,"?3,299.00",5%,"?3,134.05","?2,100.00","?1,034.05",Credit Card,Delivered,Website,5.0
ORD102647,12-Jun-2026,CUST0236,Rahul Kumar,Female,25,Jaipur,North,P002,Bluetooth Speaker,Electronics,Audio,1,"?1,899.00",10%,"?1,709.10","?1,120.00",?589.10,UPI,Returned,Mobile App,5.0
ORD103036,12-Jun-2026,CUST2106,Rohan Rao,Male,38,Chandigarh,North,P028,Data Analytics Book,Books,Technology,3,"?1,099.00",5%,"?3,132.15","?1,560.00","?1,572.15",Debit Card,Delivered,Website,4.0
ORD102808,12-Jun-2026,CUST2072,Ishaan Malhotra,Female,41,Dehradun,North,P016,Yoga Mat,Sports & Fitness,Fitness,2,?999.00,10%,"?1,798.20","?1,040.00",?758.20,Credit Card,Delivered,Website,5.0
ORD104480,12-Jun-2026,CUST1369,Meera Singh,Male,43,Patna,East,P012,Air Fryer,Home & Kitchen,Kitchen,4,"?5,999.00",5%,"?22,796.20","?15,600.00","?7,196.20",Cash on Delivery,Delivered,Website,5.0
ORD104738,12-Jun-2026,CUST0062,Pooja Kapoor,Female,33,Guwahati,East,P023,Shampoo,Beauty,Haircare,1,?649.00,10%,?584.10,?290.00,?294.10,UPI,Delivered,Mobile App,2.0
ORD102750,12-Jun-2026,CUST1599,Shivam Mehta,Female,23,Kolkata,East,P003,Smart Watch,Electronics,Wearables,1,"?3,299.00",10%,"?2,969.10","?2,100.00",?869.10,Wallet,Delivered,Mobile App,5.0
ORD103494,12-Jun-2026,CUST1267,Anjali Verma,Female,36,Guwahati,East,P008,Cotton T-Shirt,Fashion,Clothing,2,?799.00,5%,"?1,518.10",?780.00,?738.10,UPI,Delivered,Mobile App,4.0
ORD104671,12-Jun-2026,CUST0817,Sakshi Mishra,Female,50,Mysuru,South,P029,Programming Book,Books,Technology,1,"?1,299.00",5%,"?1,234.05",?610.00,?624.05,Net Banking,Delivered,Website,5.0
ORD104486,13-Jun-2026,CUST1407,Shivam Mehta,Male,34,Nashik,West,P002,Bluetooth Speaker,Electronics,Audio,1,"?1,899.00",20%,"?1,519.20","?1,120.00",?399.20,Credit Card,Delivered,Mobile App,5.0
ORD102393,13-Jun-2026,CUST0667,Vansh Chopra,Male,45,Bhubaneswar,East,P015,Bedsheet Set,Home & Kitchen,Home Decor,1,"?1,599.00",5%,"?1,519.05",?850.00,?669.05,Credit Card,Delivered,Mobile App,5.0
ORD102576,13-Jun-2026,CUST1170,Yash Agarwal,Male,35,Surat,West,P026,Novel Collection,Books,Fiction,1,?899.00,15%,?764.15,?420.00,?344.15,Debit Card,Delivered,Mobile App,3.0
ORD103986,13-Jun-2026,CUST1857,Diya Mishra,Female,48,Nashik,West,P022,Sunscreen SPF 50,Beauty,Skincare,1,?799.00,5%,?759.05,?360.00,?399.05,Debit Card,Delivered,Website,2.0
ORD102841,13-Jun-2026,CUST1752,Ishaan Malhotra,Female,32,Nagpur,West,P009,Denim Jeans,Fashion,Clothing,1,"?1,999.00",15%,"?1,699.15","?1,050.00",?649.15,UPI,Delivered,Mobile App,5.0
ORD102143,13-Jun-2026,CUST1748,Karan Jain,Male,23,Mumbai,West,P028,Data Analytics Book,Books,Technology,1,"?1,099.00",5%,"?1,044.05",?520.00,?524.05,UPI,Delivered,Mobile App,3.0
ORD103406,13-Jun-2026,CUST0704,Aarav Sharma,Female,28,Guwahati,East,P003,Smart Watch,Electronics,Wearables,2,"?3,299.00",20%,"?5,278.40","?4,200.00","?1,078.40",UPI,Delivered,Website,2.0
ORD100863,13-Jun-2026,CUST1511,Nisha Saxena,Male,33,Bengaluru,South,P023,Shampoo,Beauty,Haircare,3,?649.00,5%,"?1,849.65",?870.00,?979.65,Debit Card,Delivered,Website,4.0
ORD104497,14-Jun-2026,CUST1981,Kavya Patel,Male,34,Surat,West,P001,Wireless Headphones,Electronics,Audio,2,"?2,499.00",15%,"?4,248.30","?3,100.00","?1,148.30",UPI,Delivered,Mobile App,5.0
ORD104134,14-Jun-2026,CUST0131,Riya Verma,Male,26,Delhi,North,P025,Moisturizer,Beauty,Skincare,1,?699.00,5%,?664.05,?310.00,?354.05,Debit Card,Delivered,Mobile App,5.0
ORD103723,14-Jun-2026,CUST0438,Simran Gupta,Male,29,Delhi,North,P025,Moisturizer,Beauty,Skincare,2,?699.00,15%,"?1,188.30",?620.00,?568.30,Debit Card,Delivered,Website,5.0
ORD103946,14-Jun-2026,CUST1933,Tanvi Patel,Male,44,Mysuru,South,P018,Cricket Bat,Sports & Fitness,Sports,1,"?2,199.00",15%,"?1,869.15","?1,250.00",?619.15,Net Banking,Delivered,Mobile App,4.0
ORD101430,14-Jun-2026,CUST1150,Pooja Kapoor,Male,33,Nashik,West,P016,Yoga Mat,Sports & Fitness,Fitness,1,?999.00,10%,?899.10,?520.00,?379.10,Debit Card,Delivered,Mobile App,5.0
ORD103293,14-Jun-2026,CUST0664,Ishaan Malhotra,Female,38,Patna,East,P027,Business Strategy Book,Books,Business,1,?699.00,30%,?489.30,?300.00,?189.30,Debit Card,Delivered,Website,4.0
ORD104096,14-Jun-2026,CUST0013,Tanvi Patel,Male,23,Kolkata,East,P017,Dumbbell Set,Sports & Fitness,Fitness,1,"?2,499.00",5%,"?2,374.05","?1,450.00",?924.05,Cash on Delivery,Delivered,Mobile App,3.0
ORD104307,14-Jun-2026,CUST0453,Akash Bansal,Female,38,Ahmedabad,West,P015,Bedsheet Set,Home & Kitchen,Home Decor,1,"?1,599.00",5%,"?1,519.05",?850.00,?669.05,UPI,Delivered,Mobile App,4.0
ORD101949,14-Jun-2026,CUST0954,Rohan Rao,Male,33,Chennai,South,P029,Programming Book,Books,Technology,4,"?1,299.00",20%,"?4,156.80","?2,440.00","?1,716.80",Debit Card,Delivered,Mobile App,3.0
ORD104610,14-Jun-2026,CUST0348,Ananya Kumar,Female,48,Lucknow,North,P007,Running Shoes,Fashion,Footwear,1,"?2,899.00",15%,"?2,464.15","?1,700.00",?764.15,Wallet,Delivered,Website,4.0
ORD104965,14-Jun-2026,CUST1873,Sakshi Mishra,Female,34,Jaipur,North,P001,Wireless Headphones,Electronics,Audio,1,"?2,499.00",10%,"?2,249.10","?1,550.00",?699.10,Wallet,Delivered,Mobile App,5.0
ORD100465,15-Jun-2026,CUST1479,Nisha Saxena,Female,30,Ahmedabad,West,P013,Non-Stick Cookware Set,Home & Kitchen,Cookware,2,"?4,299.00",5%,"?8,168.10","?5,400.00","?2,768.10",Net Banking,Delivered,Website,4.0
ORD101642,15-Jun-2026,CUST0074,Arjun Rao,Female,37,Patna,East,P016,Yoga Mat,Sports & Fitness,Fitness,1,?999.00,0%,?999.00,?520.00,?479.00,Wallet,Delivered,Website,5.0
ORD104239,15-Jun-2026,CUST0901,Akash Bansal,Male,20,Ranchi,East,P028,Data Analytics Book,Books,Technology,1,"?1,099.00",10%,?989.10,?520.00,?469.10,Net Banking,Delivered,Mobile App,5.0
ORD104723,15-Jun-2026,CUST0367,Isha Mehta,Female,36,Bhubaneswar,East,P013,Non-Stick Cookware Set,Home & Kitchen,Cookware,4,"?4,299.00",10%,"?15,476.40","?10,800.00","?4,676.40",UPI,Delivered,Mobile App,4.0
ORD101668,15-Jun-2026,CUST0792,Ishaan Malhotra,Male,41,Kolkata,East,P015,Bedsheet Set,Home & Kitchen,Home Decor,1,"?1,599.00",5%,"?1,519.05",?850.00,?669.05,Credit Card,Delivered,Mobile App,5.0
ORD100731,16-Jun-2026,CUST0982,Simran Gupta,Female,33,Hyderabad,South,P025,Moisturizer,Beauty,Skincare,2,?699.00,10%,"?1,258.20",?620.00,?638.20,UPI,Delivered,Mobile App,5.0
ORD100951,16-Jun-2026,CUST0764,Ananya Kumar,Female,31,Surat,West,P023,Shampoo,Beauty,Haircare,1,?649.00,10%,?584.10,?290.00,?294.10,Credit Card,Delivered,Website,4.0
ORD103445,16-Jun-2026,CUST0987,Vansh Chopra,Female,31,Kochi,South,P001,Wireless Headphones,Electronics,Audio,3,"?2,499.00",15%,"?6,372.45","?4,650.00","?1,722.45",Wallet,Returned,Mobile App,4.0
ORD102162,16-Jun-2026,CUST1402,Rohan Rao,Male,22,Nagpur,West,P007,Running Shoes,Fashion,Footwear,2,"?2,899.00",5%,"?5,508.10","?3,400.00","?2,108.10",UPI,Delivered,Mobile App,3.0
ORD101416,16-Jun-2026,CUST1238,Simran Gupta,Male,18,Lucknow,North,P021,Face Wash,Beauty,Skincare,3,?499.00,10%,"?1,347.30",?660.00,?687.30,UPI,Delivered,Mobile App,3.0
ORD100494,16-Jun-2026,CUST1245,Kavya Patel,Male,35,Bhubaneswar,East,P016,Yoga Mat,Sports & Fitness,Fitness,1,?999.00,15%,?849.15,?520.00,?329.15,UPI,Delivered,Website,5.0
ORD104347,16-Jun-2026,CUST1973,Pranav Bansal,Male,29,Ranchi,East,P018,Cricket Bat,Sports & Fitness,Sports,4,"?2,199.00",10%,"?7,916.40","?5,000.00","?2,916.40",Cash on Delivery,Delivered,Website,5.0
ORD101786,16-Jun-2026,CUST0378,Rohan Rao,Female,30,Hyderabad,South,P013,Non-Stick Cookware Set,Home & Kitchen,Cookware,2,"?4,299.00",10%,"?7,738.20","?5,400.00","?2,338.20",UPI,Delivered,Website,3.0
ORD103622,16-Jun-2026,CUST0710,Kabir Gupta,Male,38,Dehradun,North,P003,Smart Watch,Electronics,Wearables,1,"?3,299.00",30%,"?2,309.30","?2,100.00",?209.30,UPI,Delivered,Mobile App,4.0
ORD104006,16-Jun-2026,CUST0758,Simran Gupta,Male,51,Patna,East,P021,Face Wash,Beauty,Skincare,4,?499.00,10%,"?1,796.40",?880.00,?916.40,Credit Card,Delivered,Website,1.0
ORD102353,17-Jun-2026,CUST0584,Sanya Malhotra,Female,31,Patna,East,P004,USB-C Charger,Electronics,Accessories,1,?899.00,10%,?809.10,?480.00,?329.10,UPI,Delivered,Website,4.0
ORD104702,17-Jun-2026,CUST1541,Akash Bansal,Female,30,Hyderabad,South,P015,Bedsheet Set,Home & Kitchen,Home Decor,3,"?1,599.00",10%,"?4,317.30","?2,550.00","?1,767.30",Cash on Delivery,Delivered,Mobile App,5.0
ORD102542,17-Jun-2026,CUST1564,Ananya Kumar,Female,31,Jaipur,North,P021,Face Wash,Beauty,Skincare,1,?499.00,15%,?424.15,?220.00,?204.15,UPI,Delivered,Website,5.0
ORD102215,17-Jun-2026,CUST1246,Pooja Kapoor,Male,34,Kochi,South,P002,Bluetooth Speaker,Electronics,Audio,2,"?1,899.00",10%,"?3,418.20","?2,240.00","?1,178.20",Debit Card,Delivered,Website,5.0
ORD102110,17-Jun-2026,CUST1593,Meera Singh,Male,46,Mysuru,South,P007,Running Shoes,Fashion,Footwear,1,"?2,899.00",15%,"?2,464.15","?1,700.00",?764.15,UPI,Returned,Mobile App,5.0
ORD102670,17-Jun-2026,CUST1190,Kabir Gupta,Male,33,Pune,West,P026,Novel Collection,Books,Fiction,1,?899.00,0%,?899.00,?420.00,?479.00,Net Banking,Cancelled,Mobile App,
ORD102768,17-Jun-2026,CUST1496,Ishaan Malhotra,Female,52,Kolkata,East,P015,Bedsheet Set,Home & Kitchen,Home Decor,2,"?1,599.00",15%,"?2,718.30","?1,700.00","?1,018.30",Credit Card,Cancelled,Mobile App,
ORD102273,17-Jun-2026,CUST0560,Mohit Sharma,Male,50,Nashik,West,P021,Face Wash,Beauty,Skincare,1,?499.00,10%,?449.10,?220.00,?229.10,Debit Card,Returned,Mobile App,5.0
ORD102733,17-Jun-2026,CUST0570,Rohan Rao,Female,43,Mumbai,West,P019,Badminton Racket,Sports & Fitness,Sports,2,"?1,499.00",10%,"?2,698.20","?1,600.00","?1,098.20",Debit Card,Delivered,Mobile App,4.0
ORD103530,18-Jun-2026,CUST0302,Aditya Kapoor,Female,23,Coimbatore,South,P006,Laptop Backpack,Fashion,Bags,1,"?1,799.00",15%,"?1,529.15",?950.00,?579.15,Debit Card,Delivered,Website,5.0
ORD100625,18-Jun-2026,CUST0783,Isha Mehta,Female,31,Surat,West,P006,Laptop Backpack,Fashion,Bags,4,"?1,799.00",30%,"?5,037.20","?3,800.00","?1,237.20",Net Banking,Delivered,Mobile App,4.0
ORD103435,18-Jun-2026,CUST1618,Yash Agarwal,Female,39,Surat,West,P022,Sunscreen SPF 50,Beauty,Skincare,1,?799.00,0%,?799.00,?360.00,?439.00,Debit Card,Delivered,Website,4.0
ORD104262,18-Jun-2026,CUST1227,Kiara Chopra,Male,22,Ranchi,East,P003,Smart Watch,Electronics,Wearables,1,"?3,299.00",10%,"?2,969.10","?2,100.00",?869.10,Credit Card,Delivered,Mobile App,5.0
ORD104087,18-Jun-2026,CUST0575,Shivam Mehta,Female,33,Bokaro,East,P015,Bedsheet Set,Home & Kitchen,Home Decor,3,"?1,599.00",10%,"?4,317.30","?2,550.00","?1,767.30",Credit Card,Delivered,Mobile App,5.0
ORD104188,18-Jun-2026,CUST2158,Aditya Kapoor,Female,26,Ahmedabad,West,P021,Face Wash,Beauty,Skincare,1,?499.00,15%,?424.15,?220.00,?204.15,Cash on Delivery,Delivered,Mobile App,4.0
ORD101960,18-Jun-2026,CUST1825,Diya Mishra,Male,29,Mumbai,West,P021,Face Wash,Beauty,Skincare,5,?499.00,0%,"?2,495.00","?1,100.00","?1,395.00",Credit Card,Delivered,Website,4.0
ORD103321,19-Jun-2026,CUST0988,Ananya Kumar,Male,38,Kochi,South,P005,Power Bank 20000mAh,Electronics,Accessories,2,"?1,599.00",25%,"?2,398.50","?1,840.00",?558.50,UPI,Delivered,Mobile App,4.0
ORD101219,19-Jun-2026,CUST0643,Riya Verma,Male,39,Lucknow,North,P001,Wireless Headphones,Electronics,Audio,1,"?2,499.00",15%,"?2,124.15","?1,550.00",?574.15,Credit Card,Delivered,Website,5.0
ORD102633,19-Jun-2026,CUST1513,Zoya Singh,Male,35,Nashik,West,P007,Running Shoes,Fashion,Footwear,1,"?2,899.00",10%,"?2,609.10","?1,700.00",?909.10,Credit Card,Delivered,Mobile App,5.0
ORD103000,20-Jun-2026,CUST0436,Karan Jain,Female,37,Mumbai,West,P017,Dumbbell Set,Sports & Fitness,Fitness,2,"?2,499.00",0%,"?4,998.00","?2,900.00","?2,098.00",Net Banking,Delivered,Mobile App,4.0
ORD102042,20-Jun-2026,CUST1842,Yash Agarwal,Female,30,Ranchi,East,P006,Laptop Backpack,Fashion,Bags,1,"?1,799.00",20%,"?1,439.20",?950.00,?489.20,Wallet,Delivered,Mobile App,5.0
ORD102023,20-Jun-2026,CUST1791,Shivam Mehta,Female,37,Bokaro,East,P021,Face Wash,Beauty,Skincare,1,?499.00,5%,?474.05,?220.00,?254.05,Debit Card,Returned,Website,5.0
ORD102729,20-Jun-2026,CUST1977,Meera Singh,Male,41,Ranchi,East,P018,Cricket Bat,Sports & Fitness,Sports,3,"?2,199.00",15%,"?5,607.45","?3,750.00","?1,857.45",UPI,Delivered,Mobile App,4.0
ORD101315,20-Jun-2026,CUST0149,Pranav Bansal,Female,39,Surat,West,P005,Power Bank 20000mAh,Electronics,Accessories,1,"?1,599.00",10%,"?1,439.10",?920.00,?519.10,Debit Card,Delivered,Mobile App,5.0
ORD102787,20-Jun-2026,CUST1071,Isha Mehta,Female,22,Dehradun,North,P007,Running Shoes,Fashion,Footwear,2,"?2,899.00",5%,"?5,508.10","?3,400.00","?2,108.10",Cash on Delivery,Delivered,Website,5.0
ORD102999,20-Jun-2026,CUST1551,Isha Mehta,Male,26,Lucknow,North,P029,Programming Book,Books,Technology,1,"?1,299.00",15%,"?1,104.15",?610.00,?494.15,Credit Card,Returned,Mobile App,4.0
ORD101392,21-Jun-2026,CUST2152,Sanya Malhotra,Male,41,Bengaluru,South,P028,Data Analytics Book,Books,Technology,1,"?1,099.00",10%,?989.10,?520.00,?469.10,Credit Card,Delivered,Mobile App,5.0
ORD102222,21-Jun-2026,CUST0454,Kabir Gupta,Male,28,Surat,West,P017,Dumbbell Set,Sports & Fitness,Fitness,1,"?2,499.00",20%,"?1,999.20","?1,450.00",?549.20,Net Banking,Delivered,Website,5.0
ORD104711,21-Jun-2026,CUST1776,Mohit Sharma,Male,33,Guwahati,East,P012,Air Fryer,Home & Kitchen,Kitchen,1,"?5,999.00",10%,"?5,399.10","?3,900.00","?1,499.10",UPI,Cancelled,Mobile App,
ORD101056,21-Jun-2026,CUST1070,Aditya Kapoor,Male,33,Surat,West,P015,Bedsheet Set,Home & Kitchen,Home Decor,4,"?1,599.00",15%,"?5,436.60","?3,400.00","?2,036.60",UPI,Delivered,Mobile App,4.0
ORD103578,21-Jun-2026,CUST1968,Mohit Sharma,Female,36,Mumbai,West,P010,Casual Hoodie,Fashion,Clothing,3,"?1,499.00",10%,"?4,047.30","?2,340.00","?1,707.30",Credit Card,Delivered,Website,4.0
ORD101180,21-Jun-2026,CUST1086,Pooja Kapoor,Male,49,Kochi,South,P028,Data Analytics Book,Books,Technology,2,"?1,099.00",10%,"?1,978.20","?1,040.00",?938.20,Credit Card,Delivered,Mobile App,5.0
ORD100676,21-Jun-2026,CUST1448,Sanya Malhotra,Male,36,Pune,West,P020,Resistance Bands,Sports & Fitness,Fitness,1,?699.00,20%,?559.20,?320.00,?239.20,Wallet,Delivered,Website,5.0
ORD103027,21-Jun-2026,CUST0985,Meera Singh,Female,35,Amritsar,North,P023,Shampoo,Beauty,Haircare,2,?649.00,0%,"?1,298.00",?580.00,?718.00,UPI,Delivered,Mobile App,5.0
ORD101764,21-Jun-2026,CUST2058,Arjun Rao,Female,24,Chandigarh,North,P001,Wireless Headphones,Electronics,Audio,1,"?2,499.00",5%,"?2,374.05","?1,550.00",?824.05,Cash on Delivery,Delivered,Mobile App,5.0
ORD104634,21-Jun-2026,CUST1081,Meera Singh,Male,31,Bokaro,East,P009,Denim Jeans,Fashion,Clothing,1,"?1,999.00",5%,"?1,899.05","?1,050.00",?849.05,UPI,Delivered,Website,4.0
ORD100856,21-Jun-2026,CUST0157,Kavya Patel,Female,23,Lucknow,North,P005,Power Bank 20000mAh,Electronics,Accessories,2,"?1,599.00",20%,"?2,558.40","?1,840.00",?718.40,UPI,Delivered,Website,5.0
ORD101779,21-Jun-2026,CUST0749,Tanvi Patel,Female,35,Chandigarh,North,P001,Wireless Headphones,Electronics,Audio,1,"?2,499.00",10%,"?2,249.10","?1,550.00",?699.10,UPI,Delivered,Mobile App,4.0
ORD103898,21-Jun-2026,CUST0828,Ananya Kumar,Male,42,Kochi,South,P011,Coffee Maker,Home & Kitchen,Kitchen,3,"?3,499.00",0%,"?10,497.00","?6,750.00","?3,747.00",Debit Card,Delivered,Website,4.0
ORD103408,21-Jun-2026,CUST0365,Tanvi Patel,Female,42,Patna,East,P005,Power Bank 20000mAh,Electronics,Accessories,1,"?1,599.00",10%,"?1,439.10",?920.00,?519.10,Cash on Delivery,Delivered,Website,5.0
ORD100282,22-Jun-2026,CUST1055,Shivam Mehta,Male,27,Chennai,South,P024,Perfume,Beauty,Fragrance,2,"?1,799.00",25%,"?2,698.50","?1,800.00",?898.50,Credit Card,Delivered,Mobile App,5.0
ORD104851,22-Jun-2026,CUST1446,Kabir Gupta,Male,26,Lucknow,North,P022,Sunscreen SPF 50,Beauty,Skincare,2,?799.00,25%,"?1,198.50",?720.00,?478.50,UPI,Delivered,Mobile App,5.0
ORD103631,22-Jun-2026,CUST2126,Aditya Kapoor,Female,18,Bokaro,East,P008,Cotton T-Shirt,Fashion,Clothing,1,?799.00,5%,?759.05,?390.00,?369.05,UPI,Delivered,Website,4.0
ORD104648,22-Jun-2026,CUST0319,Shivam Mehta,Male,23,Hyderabad,South,P029,Programming Book,Books,Technology,1,"?1,299.00",10%,"?1,169.10",?610.00,?559.10,UPI,Delivered,Website,5.0
ORD101273,22-Jun-2026,CUST0913,Sakshi Mishra,Female,34,Nashik,West,P022,Sunscreen SPF 50,Beauty,Skincare,3,?799.00,10%,"?2,157.30","?1,080.00","?1,077.30",Credit Card,Delivered,Mobile App,5.0
ORD104426,22-Jun-2026,CUST1268,Karan Jain,Male,35,Chennai,South,P022,Sunscreen SPF 50,Beauty,Skincare,5,?799.00,10%,"?3,595.50","?1,800.00","?1,795.50",Net Banking,Delivered,Mobile App,5.0
ORD101061,22-Jun-2026,CUST1077,Pranav Bansal,Female,21,Bokaro,East,P003,Smart Watch,Electronics,Wearables,1,"?3,299.00",5%,"?3,134.05","?2,100.00","?1,034.05",Cash on Delivery,Delivered,Mobile App,5.0
ORD101533,22-Jun-2026,CUST1019,Vansh Chopra,Male,33,Ahmedabad,West,P014,Table Lamp,Home & Kitchen,Home Decor,1,"?1,299.00",5%,"?1,234.05",?690.00,?544.05,UPI,Delivered,Website,4.0
ORD101306,23-Jun-2026,CUST2117,Akash Bansal,Female,22,Patna,East,P001,Wireless Headphones,Electronics,Audio,1,"?2,499.00",5%,"?2,374.05","?1,550.00",?824.05,Cash on Delivery,Delivered,Website,4.0
ORD101289,23-Jun-2026,CUST2180,Varun Jain,Female,29,Patna,East,P026,Novel Collection,Books,Fiction,1,?899.00,20%,?719.20,?420.00,?299.20,UPI,Delivered,Mobile App,4.0
ORD101681,23-Jun-2026,CUST0064,Aarav Sharma,Female,39,Amritsar,North,P021,Face Wash,Beauty,Skincare,1,?499.00,25%,?374.25,?220.00,?154.25,UPI,Delivered,Website,4.0
ORD101602,23-Jun-2026,CUST0517,Akash Bansal,Male,32,Jaipur,North,P010,Casual Hoodie,Fashion,Clothing,1,"?1,499.00",10%,"?1,349.10",?780.00,?569.10,Cash on Delivery,Delivered,Mobile App,4.0
ORD103365,24-Jun-2026,CUST2200,Ishaan Malhotra,Female,29,Ranchi,East,P007,Running Shoes,Fashion,Footwear,2,"?2,899.00",5%,"?5,508.10","?3,400.00","?2,108.10",Credit Card,Delivered,Website,4.0
ORD102434,24-Jun-2026,CUST2057,Zoya Singh,Female,28,Amritsar,North,P011,Coffee Maker,Home & Kitchen,Kitchen,1,"?3,499.00",0%,"?3,499.00","?2,250.00","?1,249.00",UPI,Delivered,Website,2.0
ORD103682,24-Jun-2026,CUST1546,Arjun Rao,Male,33,Coimbatore,South,P002,Bluetooth Speaker,Electronics,Audio,3,"?1,899.00",30%,"?3,987.90","?3,360.00",?627.90,Credit Card,Delivered,Mobile App,3.0
ORD103528,24-Jun-2026,CUST0951,Aditi Saxena,Female,35,Dehradun,North,P025,Moisturizer,Beauty,Skincare,1,?699.00,20%,?559.20,?310.00,?249.20,UPI,Delivered,Mobile App,5.0
ORD102738,24-Jun-2026,CUST0705,Diya Mishra,Female,50,Chandigarh,North,P011,Coffee Maker,Home & Kitchen,Kitchen,2,"?3,499.00",20%,"?5,598.40","?4,500.00","?1,098.40",Net Banking,Delivered,Website,1.0
ORD102359,24-Jun-2026,CUST0428,Rahul Kumar,Male,50,Kolkata,East,P025,Moisturizer,Beauty,Skincare,2,?699.00,15%,"?1,188.30",?620.00,?568.30,Net Banking,Returned,Website,5.0
ORD102838,24-Jun-2026,CUST0776,Sanya Malhotra,Female,40,Dehradun,North,P008,Cotton T-Shirt,Fashion,Clothing,2,?799.00,0%,"?1,598.00",?780.00,?818.00,UPI,Delivered,Mobile App,1.0
ORD100518,24-Jun-2026,CUST1279,Shivam Mehta,Female,33,Jaipur,North,P021,Face Wash,Beauty,Skincare,1,?499.00,0%,?499.00,?220.00,?279.00,Debit Card,Delivered,Mobile App,3.0
ORD101900,24-Jun-2026,CUST1615,Isha Mehta,Male,40,Mysuru,South,P022,Sunscreen SPF 50,Beauty,Skincare,1,?799.00,0%,?799.00,?360.00,?439.00,UPI,Delivered,Mobile App,4.0
ORD104423,24-Jun-2026,CUST0272,Mohit Sharma,Male,33,Delhi,North,P006,Laptop Backpack,Fashion,Bags,2,"?1,799.00",20%,"?2,878.40","?1,900.00",?978.40,Credit Card,Delivered,Mobile App,4.0
ORD104659,24-Jun-2026,CUST0495,Isha Mehta,Male,38,Ahmedabad,West,P002,Bluetooth Speaker,Electronics,Audio,2,"?1,899.00",10%,"?3,418.20","?2,240.00","?1,178.20",Net Banking,Delivered,Mobile App,5.0
ORD104672,24-Jun-2026,CUST1945,Meera Singh,Male,41,Chandigarh,North,P005,Power Bank 20000mAh,Electronics,Accessories,1,"?1,599.00",10%,"?1,439.10",?920.00,?519.10,Credit Card,Delivered,Mobile App,5.0
ORD103588,24-Jun-2026,CUST1676,Rahul Kumar,Female,37,Ahmedabad,West,P001,Wireless Headphones,Electronics,Audio,1,"?2,499.00",20%,"?1,999.20","?1,550.00",?449.20,Debit Card,Delivered,Website,4.0
ORD102763,24-Jun-2026,CUST1443,Riya Verma,Female,21,Bengaluru,South,P022,Sunscreen SPF 50,Beauty,Skincare,1,?799.00,20%,?639.20,?360.00,?279.20,Net Banking,Returned,Website,4.0
ORD101173,25-Jun-2026,CUST1352,Sanya Malhotra,Male,41,Ranchi,East,P002,Bluetooth Speaker,Electronics,Audio,1,"?1,899.00",25%,"?1,424.25","?1,120.00",?304.25,Debit Card,Delivered,Mobile App,5.0
ORD103580,25-Jun-2026,CUST0241,Sakshi Mishra,Female,19,Pune,West,P004,USB-C Charger,Electronics,Accessories,1,?899.00,30%,?629.30,?480.00,?149.30,UPI,Delivered,Mobile App,5.0
ORD104428,25-Jun-2026,CUST0038,Kabir Gupta,Female,52,Chennai,South,P026,Novel Collection,Books,Fiction,4,?899.00,25%,"?2,697.00","?1,680.00","?1,017.00",Debit Card,Delivered,Mobile App,5.0
ORD103480,25-Jun-2026,CUST1594,Rohan Rao,Male,18,Chennai,South,P025,Moisturizer,Beauty,Skincare,2,?699.00,15%,"?1,188.30",?620.00,?568.30,UPI,Delivered,Mobile App,5.0
ORD101962,25-Jun-2026,CUST0194,Manish Agarwal,Male,18,Mysuru,South,P028,Data Analytics Book,Books,Technology,1,"?1,099.00",5%,"?1,044.05",?520.00,?524.05,Net Banking,Delivered,Website,4.0
ORD103412,25-Jun-2026,CUST1173,Pranav Bansal,Female,45,Kolkata,East,P020,Resistance Bands,Sports & Fitness,Fitness,3,?699.00,5%,"?1,992.15",?960.00,"?1,032.15",UPI,Delivered,Website,5.0
ORD104519,25-Jun-2026,CUST1968,Mohit Sharma,Male,33,Nagpur,West,P011,Coffee Maker,Home & Kitchen,Kitchen,1,"?3,499.00",30%,"?2,449.30","?2,250.00",?199.30,Net Banking,Delivered,Mobile App,3.0
ORD102788,25-Jun-2026,CUST1067,Kiara Chopra,Female,26,Chandigarh,North,P002,Bluetooth Speaker,Electronics,Audio,2,"?1,899.00",15%,"?3,228.30","?2,240.00",?988.30,Cash on Delivery,Delivered,Mobile App,5.0
ORD100115,25-Jun-2026,CUST0824,Ishaan Malhotra,Male,26,Patna,East,P016,Yoga Mat,Sports & Fitness,Fitness,3,?999.00,0%,"?2,997.00","?1,560.00","?1,437.00",UPI,Delivered,Mobile App,4.0
ORD104830,26-Jun-2026,CUST1980,Ananya Kumar,Female,34,Kolkata,East,P027,Business Strategy Book,Books,Business,1,?699.00,5%,?664.05,?300.00,?364.05,Cash on Delivery,Delivered,Mobile App,4.0
ORD100594,26-Jun-2026,CUST1357,Tanvi Patel,Female,36,Hyderabad,South,P010,Casual Hoodie,Fashion,Clothing,1,"?1,499.00",10%,"?1,349.10",?780.00,?569.10,UPI,Delivered,Website,4.0
ORD104754,26-Jun-2026,CUST0087,Aditi Saxena,Female,39,Nagpur,West,P009,Denim Jeans,Fashion,Clothing,1,"?1,999.00",10%,"?1,799.10","?1,050.00",?749.10,Net Banking,Returned,Mobile App,2.0
ORD102620,26-Jun-2026,CUST1298,Yash Agarwal,Female,25,Amritsar,North,P019,Badminton Racket,Sports & Fitness,Sports,2,"?1,499.00",5%,"?2,848.10","?1,600.00","?1,248.10",Debit Card,Delivered,Website,4.0
ORD102052,26-Jun-2026,CUST1611,Kiara Chopra,Female,36,Mumbai,West,P019,Badminton Racket,Sports & Fitness,Sports,2,"?1,499.00",5%,"?2,848.10","?1,600.00","?1,248.10",Wallet,Delivered,Website,3.0
ORD102512,26-Jun-2026,CUST0683,Kiara Chopra,Female,18,Dehradun,North,P014,Table Lamp,Home & Kitchen,Home Decor,1,"?1,299.00",10%,"?1,169.10",?690.00,?479.10,Cash on Delivery,Delivered,Website,3.0
ORD103026,26-Jun-2026,CUST0204,Rahul Kumar,Female,35,Dehradun,North,P002,Bluetooth Speaker,Electronics,Audio,1,"?1,899.00",10%,"?1,709.10","?1,120.00",?589.10,Wallet,Delivered,Website,5.0
ORD104511,26-Jun-2026,CUST0232,Sanya Malhotra,Male,25,Mysuru,South,P021,Face Wash,Beauty,Skincare,3,?499.00,15%,"?1,272.45",?660.00,?612.45,UPI,Delivered,Mobile App,5.0
ORD103429,26-Jun-2026,CUST1565,Kavya Patel,Male,35,Chandigarh,North,P020,Resistance Bands,Sports & Fitness,Fitness,4,?699.00,5%,"?2,656.20","?1,280.00","?1,376.20",Net Banking,Delivered,Mobile App,4.0
ORD104490,26-Jun-2026,CUST0908,Rahul Kumar,Male,30,Kolkata,East,P012,Air Fryer,Home & Kitchen,Kitchen,1,"?5,999.00",15%,"?5,099.15","?3,900.00","?1,199.15",UPI,Delivered,Mobile App,5.0
ORD101709,26-Jun-2026,CUST1712,Mohit Sharma,Male,31,Mysuru,South,P020,Resistance Bands,Sports & Fitness,Fitness,2,?699.00,10%,"?1,258.20",?640.00,?618.20,Debit Card,Delivered,Website,4.0
ORD102290,26-Jun-2026,CUST1402,Rohan Rao,Male,36,Ranchi,East,P002,Bluetooth Speaker,Electronics,Audio,2,"?1,899.00",15%,"?3,228.30","?2,240.00",?988.30,UPI,Returned,Mobile App,4.0
ORD101785,27-Jun-2026,CUST1733,Akash Bansal,Female,30,Ranchi,East,P006,Laptop Backpack,Fashion,Bags,1,"?1,799.00",15%,"?1,529.15",?950.00,?579.15,UPI,Delivered,Mobile App,5.0
ORD102096,27-Jun-2026,CUST1509,Akash Bansal,Female,32,Chennai,South,P002,Bluetooth Speaker,Electronics,Audio,1,"?1,899.00",0%,"?1,899.00","?1,120.00",?779.00,UPI,Delivered,Website,3.0
ORD103972,27-Jun-2026,CUST0162,Manish Agarwal,Female,54,Ranchi,East,P019,Badminton Racket,Sports & Fitness,Sports,1,"?1,499.00",20%,"?1,199.20",?800.00,?399.20,Credit Card,Delivered,Mobile App,2.0
ORD100709,27-Jun-2026,CUST0520,Sanya Malhotra,Female,32,Bokaro,East,P028,Data Analytics Book,Books,Technology,1,"?1,099.00",25%,?824.25,?520.00,?304.25,UPI,Delivered,Mobile App,5.0
ORD102210,28-Jun-2026,CUST1129,Zoya Singh,Female,38,Dehradun,North,P008,Cotton T-Shirt,Fashion,Clothing,1,?799.00,25%,?599.25,?390.00,?209.25,Credit Card,Delivered,Website,5.0
ORD103774,28-Jun-2026,CUST0527,Isha Mehta,Male,38,Mysuru,South,P002,Bluetooth Speaker,Electronics,Audio,1,"?1,899.00",15%,"?1,614.15","?1,120.00",?494.15,UPI,Delivered,Website,5.0
ORD103328,28-Jun-2026,CUST1196,Rahul Kumar,Male,39,Delhi,North,P020,Resistance Bands,Sports & Fitness,Fitness,1,?699.00,0%,?699.00,?320.00,?379.00,UPI,Delivered,Mobile App,5.0
ORD101944,28-Jun-2026,CUST1061,Akash Bansal,Female,30,Patna,East,P009,Denim Jeans,Fashion,Clothing,1,"?1,999.00",5%,"?1,899.05","?1,050.00",?849.05,Credit Card,Delivered,Mobile App,5.0
ORD104976,28-Jun-2026,CUST2158,Aditya Kapoor,Female,22,Jaipur,North,P002,Bluetooth Speaker,Electronics,Audio,2,"?1,899.00",15%,"?3,228.30","?2,240.00",?988.30,Cash on Delivery,Delivered,Mobile App,4.0
ORD102679,28-Jun-2026,CUST0339,Anjali Verma,Female,23,Mumbai,West,P012,Air Fryer,Home & Kitchen,Kitchen,2,"?5,999.00",15%,"?10,198.30","?7,800.00","?2,398.30",Debit Card,Delivered,Mobile App,4.0
ORD103088,28-Jun-2026,CUST1807,Isha Mehta,Male,33,Chennai,South,P025,Moisturizer,Beauty,Skincare,1,?699.00,0%,?699.00,?310.00,?389.00,Credit Card,Delivered,Mobile App,5.0
ORD104475,28-Jun-2026,CUST0122,Rohan Rao,Female,18,Ahmedabad,West,P002,Bluetooth Speaker,Electronics,Audio,1,"?1,899.00",30%,"?1,329.30","?1,120.00",?209.30,UPI,Delivered,Website,5.0
ORD101337,28-Jun-2026,CUST1029,Akash Bansal,Male,20,Bengaluru,South,P004,USB-C Charger,Electronics,Accessories,1,?899.00,20%,?719.20,?480.00,?239.20,Net Banking,Delivered,Mobile App,5.0
ORD100364,29-Jun-2026,CUST0635,Vansh Chopra,Male,48,Mumbai,West,P010,Casual Hoodie,Fashion,Clothing,1,"?1,499.00",15%,"?1,274.15",?780.00,?494.15,Debit Card,Delivered,Website,5.0
ORD104745,30-Jun-2026,CUST0927,Shivam Mehta,Female,40,Lucknow,North,P001,Wireless Headphones,Electronics,Audio,2,"?2,499.00",15%,"?4,248.30","?3,100.00","?1,148.30",Cash on Delivery,Delivered,Website,5.0
ORD100632,30-Jun-2026,CUST1540,Varun Jain,Male,39,Nashik,West,P026,Novel Collection,Books,Fiction,1,?899.00,20%,?719.20,?420.00,?299.20,Credit Card,Delivered,Website,4.0
ORD102248,30-Jun-2026,CUST1869,Tanvi Patel,Male,38,Kolkata,East,P003,Smart Watch,Electronics,Wearables,1,"?3,299.00",5%,"?3,134.05","?2,100.00","?1,034.05",UPI,Delivered,Mobile App,5.0
ORD104842,30-Jun-2026,CUST0550,Kabir Gupta,Female,26,Bengaluru,South,P003,Smart Watch,Electronics,Wearables,1,"?3,299.00",0%,"?3,299.00","?2,100.00","?1,199.00",Credit Card,Delivered,Website,4.0
ORD100604,30-Jun-2026,CUST0652,Rahul Kumar,Male,31,Dehradun,North,P001,Wireless Headphones,Electronics,Audio,2,"?2,499.00",20%,"?3,998.40","?3,100.00",?898.40,UPI,Delivered,Mobile App,5.0
ORD104918,30-Jun-2026,CUST0265,Zoya Singh,Female,25,Nashik,West,P022,Sunscreen SPF 50,Beauty,Skincare,2,?799.00,0%,"?1,598.00",?720.00,?878.00,Net Banking,Delivered,Mobile App,5.0
ORD101103,30-Jun-2026,CUST0120,Ishaan Malhotra,Female,31,Amritsar,North,P005,Power Bank 20000mAh,Electronics,Accessories,1,"?1,599.00",15%,"?1,359.15",?920.00,?439.15,Net Banking,Delivered,Website,3.0
ORD102945,30-Jun-2026,CUST0506,Rohan Rao,Female,39,Patna,East,P011,Coffee Maker,Home & Kitchen,Kitchen,2,"?3,499.00",0%,"?6,998.00","?4,500.00","?2,498.00",Net Banking,Delivered,Mobile App,3.0
ORD101852,30-Jun-2026,CUST1957,Akash Bansal,Female,18,Lucknow,North,P027,Business Strategy Book,Books,Business,1,?699.00,10%,?629.10,?300.00,?329.10,Debit Card,Cancelled,Website,
